source,price,total_area_m2,covered_area_m2,rooms,bedrooms,bathrooms,property_type,neighborhood,lat,lon,bedrooms_missing,bathrooms_missing,rooms_missing
A,584.0,39.0,39.0,2.0,1.0,1.0,departamento,almagro,-34.60873815826056,-58.43909947532191,0,1,0
A,252.0,35.0,35.0,2.0,1.0,1.0,departamento,flores,-34.62205081312381,-58.45626733855754,1,0,0
A,546.0,38.0,38.0,2.0,1.0,1.0,ph,belgrano,-34.57475677199572,-58.46375754499768,0,0,0
A,337.0,33.0,33.0,1.0,1.0,1.0,departamento,villa urquiza,-34.55428879305003,-58.4866156408398,1,0,0
A,774.0,76.0,76.0,3.0,2.0,1.0,departamento,boedo,-34.62344873911467,-58.40810592330541,0,1,0
A,611.0,37.0,37.0,1.0,1.0,1.0,departamento,colegiales,-34.56656285878113,-58.46213980954331,0,0,0
A,265.0,20.0,20.0,1.0,1.0,1.0,departamento,boedo,-34.64212983168328,-58.41349250687203,0,0,0
A,318.0,26.0,26.0,2.0,1.0,1.0,departamento,belgrano,-34.55459079208635,-58.48234825806085,0,0,0
A,853.0,47.0,47.0,1.0,1.0,1.0,departamento,palermo,-34.569627929749885,-58.451713695349305,0,0,0
A,840.0,62.0,62.0,3.0,1.0,1.0,departamento,caballito,-34.61029291789421,-58.422720551502856,1,0,0
A,781.0,56.0,56.0,3.0,2.0,1.0,departamento,villa crespo,-34.58711850255728,-58.430894764201575,0,0,0
A,364.0,23.0,23.0,2.0,1.0,1.0,departamento,boedo,-34.61610880581074,-58.40266087604737,0,0,0
A,600.0,42.0,42.0,1.0,1.0,1.0,departamento,nunez,-34.55378018303031,-58.45443808637519,0,1,0
A,766.0,52.0,52.0,2.0,1.0,1.0,departamento,nunez,-34.55369249053641,-58.46508935706178,1,0,0
A,469.0,34.0,34.0,1.0,1.0,1.0,departamento,villa crespo,-34.58951714216662,-58.440086617360784,0,0,0
A,881.0,50.0,50.0,2.0,1.0,1.0,ph,villa crespo,-34.613710707161275,-58.437818520860986,0,0,0
A,529.0,39.0,39.0,2.0,1.0,1.0,departamento,recoleta,-34.597810548032584,-58.407931120740606,0,0,0
A,467.0,41.0,41.0,3.0,2.0,1.0,departamento,san telmo,-34.62429127768329,-58.37588658689057,0,0,0
A,406.0,31.0,31.0,2.0,1.0,1.0,departamento,almagro,-34.6115810982583,-58.42243027596963,0,0,0
A,610.0,57.0,57.0,2.0,1.0,1.0,ph,boedo,-34.646139519279544,-58.415367195017936,0,1,0
A,457.0,46.0,46.0,1.0,1.0,1.0,departamento,san telmo,-34.62229580423215,-58.37335577347728,0,0,0
A,757.0,47.0,47.0,2.0,1.0,1.0,departamento,colegiales,-34.55973147134925,-58.43853092216487,0,1,0
A,907.0,54.0,54.0,2.0,1.0,1.0,departamento,nunez,-34.525002098779304,-58.463857195864925,0,0,0
A,410.0,27.0,27.0,1.0,1.0,1.0,departamento,recoleta,-34.58294183623412,-58.40098125577408,0,0,0
A,283.0,30.0,30.0,1.0,1.0,1.0,departamento,villa crespo,-34.601753992605374,-58.44902471962007,0,0,0
A,712.0,46.0,46.0,2.0,1.0,1.0,departamento,recoleta,-34.583803026217026,-58.42464795939456,0,0,0
A,746.0,44.0,44.0,2.0,1.0,1.0,departamento,colegiales,-34.55640386249097,-58.46063965524332,0,0,0
A,200.0,20.0,20.0,1.0,1.0,1.0,departamento,boedo,-34.63538460239605,-58.40254324373994,0,0,0
A,363.0,32.0,32.0,1.0,1.0,1.0,departamento,caballito,-34.61922583614034,-58.43959555425291,0,0,0
A,586.0,36.0,36.0,1.0,1.0,1.0,departamento,colegiales,-34.57487983910318,-58.43422935297684,0,0,0
A,517.0,44.0,44.0,2.0,1.0,1.0,departamento,flores,-34.642530846825004,-58.47318977639928,0,0,0
A,694.0,49.0,49.0,2.0,1.0,1.0,departamento,caballito,-34.62385902428844,-58.43377043223661,0,0,0
A,564.0,60.0,60.0,3.0,2.0,1.0,casa,flores,-34.64398122788465,-58.48346878196107,0,0,0
A,543.0,43.0,43.0,2.0,1.0,1.0,departamento,villa urquiza,-34.585986203257136,-58.4954901817662,1,0,0
A,889.0,62.0,62.0,2.0,1.0,1.0,departamento,colegiales,-34.56902834505855,-58.4583014004462,0,0,0
A,889.0,61.0,61.0,3.0,1.0,1.0,departamento,colegiales,-34.547481732011015,-58.44607606584077,1,1,0
A,610.0,51.0,51.0,3.0,2.0,2.0,departamento,palermo,-34.57815695674812,-58.43005183041616,0,0,0
A,542.0,47.0,47.0,2.0,1.0,1.0,departamento,san telmo,-34.61324415804237,-58.354306031589154,0,0,0
A,419.0,40.0,40.0,1.0,1.0,1.0,departamento,almagro,-34.58509485376954,-58.414535664723154,0,0,0
A,689.0,40.0,40.0,2.0,1.0,1.0,ph,nunez,-34.524894030047875,-58.48626607352226,0,0,0
A,561.0,35.0,35.0,2.0,1.0,1.0,departamento,villa crespo,-34.587992418040685,-58.4409898951788,0,0,0
A,447.0,48.0,48.0,2.0,1.0,1.0,departamento,san telmo,-34.62146397729615,-58.37760742721443,1,0,0
A,993.0,56.0,56.0,3.0,2.0,1.0,departamento,caballito,-34.5999299930811,-58.45388174514783,0,0,0
A,691.0,47.0,47.0,2.0,1.0,1.0,departamento,caballito,-34.61063548371373,-58.44073074386311,0,0,0
A,864.0,32.0,32.0,1.0,1.0,1.0,departamento,recoleta,-34.58032479086077,-58.40379368482628,0,0,0
A,384.0,27.0,27.0,2.0,1.0,1.0,departamento,colegiales,-34.560869701778344,-58.47030957555658,0,0,0
A,896.0,39.0,39.0,2.0,1.0,1.0,ph,palermo,-34.551715524472755,-58.418745410505736,0,0,0
A,293.0,25.0,25.0,1.0,1.0,1.0,departamento,colegiales,-34.57149658508717,-58.4505602985155,0,0,0
A,493.0,38.0,38.0,1.0,1.0,1.0,departamento,villa urquiza,-34.57136139643408,-58.486553621636766,0,0,0
A,439.0,40.0,40.0,1.0,1.0,1.0,departamento,villa urquiza,-34.581311592734075,-58.47120493740494,0,0,0
A,450.0,29.0,29.0,1.0,1.0,1.0,departamento,almagro,-34.59313161185628,-58.421721040282826,0,0,0
A,743.0,45.0,45.0,2.0,1.0,1.0,ph,villa urquiza,-34.569543737213735,-58.479684662171564,0,0,0
A,642.0,27.0,27.0,2.0,1.0,1.0,departamento,villa urquiza,-34.59895559938696,-58.4788734977438,0,0,0
A,335.0,26.0,26.0,1.0,1.0,1.0,departamento,villa urquiza,-34.57857553952965,-58.48337839091587,0,0,0
A,672.0,45.0,45.0,3.0,2.0,1.0,departamento,boedo,-34.62815666585975,-58.42328212349933,0,0,0
A,877.0,44.0,44.0,2.0,1.0,1.0,departamento,colegiales,-34.56354965493284,-58.453617798954255,0,0,0
A,791.0,55.0,55.0,2.0,1.0,1.0,departamento,almagro,-34.62948304502762,-58.42262390628702,0,0,0
A,609.0,37.0,37.0,2.0,1.0,1.0,departamento,almagro,-34.65426038349714,-58.429691806692965,0,0,0
A,475.0,47.0,47.0,2.0,1.0,1.0,ph,nunez,-34.54067469988449,-58.46559827837044,1,0,0
A,674.0,61.0,61.0,3.0,2.0,2.0,departamento,caballito,-34.610148329599284,-58.44307710202954,0,0,0
A,907.0,88.0,88.0,4.0,3.0,2.0,departamento,nunez,-34.563834545310215,-58.45972264009896,0,0,0
A,671.0,41.0,41.0,2.0,1.0,1.0,departamento,belgrano,-34.548046618827456,-58.47975441303073,0,0,0
A,723.0,53.0,53.0,2.0,1.0,1.0,ph,caballito,-34.60722622608608,-58.45761765751939,0,0,0
A,406.0,31.0,31.0,1.0,1.0,1.0,departamento,boedo,-34.62019709845831,-58.40932153796462,1,0,0
A,630.0,33.0,33.0,1.0,1.0,1.0,departamento,belgrano,-34.572439559658655,-58.45708338710893,0,0,0
A,788.0,56.0,56.0,3.0,2.0,1.0,departamento,caballito,-34.60875504850922,-58.4162945096741,0,0,0
A,823.0,47.0,47.0,2.0,1.0,1.0,ph,palermo,-34.580393664568845,-58.4120597136966,0,0,0
A,476.0,58.0,58.0,3.0,1.0,2.0,departamento,villa crespo,-34.60305913743521,-58.41504844928682,1,0,0
A,498.0,36.0,36.0,2.0,1.0,1.0,departamento,flores,-34.62505822163546,-58.467188170427605,0,0,0
A,331.0,25.0,25.0,2.0,1.0,1.0,departamento,caballito,-34.63356661947738,-58.450461613925015,0,0,0
A,322.0,20.0,20.0,1.0,1.0,1.0,departamento,belgrano,-34.54197275467892,-58.44677185928223,0,0,0
A,829.0,49.0,49.0,2.0,1.0,1.0,departamento,nunez,-34.540624483752694,-58.45631482449715,0,0,0
A,861.0,63.0,63.0,3.0,2.0,2.0,departamento,belgrano,-34.58026428497775,-58.47254756560346,0,0,0
A,335.0,33.0,33.0,1.0,1.0,1.0,departamento,villa urquiza,-34.583266503955606,-58.48973638059549,1,0,0
A,566.0,41.0,41.0,1.0,1.0,1.0,departamento,boedo,-34.62449018974469,-58.418348829204255,0,0,0
A,725.0,57.0,57.0,2.0,1.0,1.0,departamento,san telmo,-34.63671022265388,-58.38577779385817,0,0,0
A,798.0,64.0,64.0,3.0,1.0,1.0,departamento,flores,-34.614186279535275,-58.46909348227207,1,0,0
A,809.0,87.0,87.0,4.0,1.0,2.0,ph,flores,-34.64348308529085,-58.47657518565861,1,0,0
A,628.0,55.0,55.0,2.0,1.0,1.0,departamento,flores,-34.63548140249625,-58.459750998800274,0,0,0
A,340.0,31.0,31.0,1.0,1.0,1.0,departamento,almagro,-34.60033050214601,-58.42952977717883,0,0,0
A,713.0,50.0,50.0,3.0,2.0,1.0,departamento,palermo,-34.54923245237094,-58.4255104834611,0,0,0
A,664.0,57.0,57.0,3.0,2.0,2.0,departamento,caballito,-34.61497224039377,-58.41789228492416,0,0,0
A,708.0,55.0,55.0,2.0,1.0,1.0,departamento,nunez,-34.5472059458939,-58.464340682058456,0,0,0
A,481.0,36.0,36.0,1.0,1.0,1.0,departamento,villa urquiza,-34.556934298261424,-58.49162858442846,0,0,0
A,724.0,50.0,50.0,2.0,1.0,1.0,departamento,almagro,-34.5864667485045,-58.43992081779287,0,0,0
A,937.0,59.0,59.0,3.0,1.0,1.0,departamento,colegiales,-34.58810550789515,-58.459029915118805,1,0,0
A,536.0,39.0,39.0,2.0,1.0,1.0,ph,colegiales,-34.560869168284306,-58.47087794528725,0,0,0
A,468.0,32.0,32.0,1.0,1.0,1.0,departamento,san telmo,-34.625544144313004,-58.369852523064566,0,0,0
A,945.0,74.0,74.0,4.0,3.0,2.0,departamento,san telmo,-34.62194670666298,-58.37446255607471,0,0,0
A,721.0,62.0,62.0,2.0,1.0,1.0,departamento,boedo,-34.6167020642467,-58.4111314632565,0,0,0
A,359.0,30.0,30.0,2.0,1.0,1.0,departamento,caballito,-34.61500943828052,-58.44443843091607,0,0,0
A,927.0,46.0,46.0,2.0,1.0,1.0,departamento,nunez,-34.54015429769162,-58.4680741483806,1,0,0
A,617.0,42.0,42.0,2.0,1.0,1.0,departamento,villa crespo,-34.59260071676659,-58.44582168853689,0,1,0
A,935.0,56.0,56.0,4.0,3.0,1.0,departamento,villa crespo,-34.60580849800208,-58.44217742304051,0,1,0
A,580.0,37.0,37.0,1.0,1.0,1.0,departamento,colegiales,-34.577633280020194,-58.43116147159676,1,0,0
A,761.0,52.0,52.0,2.0,1.0,1.0,ph,boedo,-34.6314513717425,-58.43384765894456,0,0,0
A,803.0,52.0,52.0,3.0,1.0,2.0,departamento,villa urquiza,-34.57497473399783,-58.484721324067365,1,0,0
A,672.0,45.0,45.0,3.0,1.0,1.0,departamento,boedo,-34.62815666585975,-58.42328212349933,1,1,0
A,816.0,60.0,60.0,3.0,2.0,1.0,casa,boedo,-34.624775984898754,-58.40005370736817,0,0,0
A,970.0,70.0,70.0,3.0,2.0,1.0,departamento,villa crespo,-34.62012063336183,-58.45896766442359,0,0,0
A,602.0,35.0,35.0,2.0,1.0,1.0,departamento,caballito,-34.614658267532185,-58.4370809646153,0,0,0
A,753.0,60.0,60.0,3.0,2.0,1.0,casa,boedo,-34.59941666019901,-58.43031146861704,0,0,0
A,599.0,61.0,61.0,3.0,2.0,1.0,departamento,nunez,-34.54761255649461,-58.46425587277735,0,0,0
A,620.0,47.0,47.0,2.0,1.0,1.0,departamento,caballito,-34.64562017312061,-58.42356358670815,0,1,0
A,265.0,36.0,36.0,1.0,1.0,1.0,departamento,almagro,-34.60846546370988,-58.43921352427295,0,0,0
A,633.0,40.0,40.0,2.0,1.0,1.0,departamento,colegiales,-34.55832852818242,-58.459959173441135,0,1,0
A,557.0,30.0,30.0,2.0,1.0,1.0,departamento,colegiales,-34.57958875704284,-58.447096452741214,0,0,0
A,821.0,67.0,67.0,3.0,2.0,1.0,departamento,flores,-34.6395292699359,-58.44961697783789,0,0,0
A,886.0,66.0,66.0,2.0,1.0,1.0,departamento,belgrano,-34.56579634792234,-58.46776266782577,1,0,0
A,649.0,45.0,45.0,3.0,2.0,1.0,departamento,san telmo,-34.61555125226261,-58.36000558655618,0,0,0
A,433.0,32.0,32.0,2.0,1.0,1.0,departamento,belgrano,-34.547998530769114,-58.4523312538858,0,1,0
A,972.0,73.0,73.0,4.0,3.0,2.0,departamento,colegiales,-34.56611643074775,-58.441478409681054,0,0,0
A,332.0,22.0,22.0,1.0,1.0,1.0,departamento,belgrano,-34.58601090909925,-58.47015388844065,0,0,0
A,435.0,47.0,47.0,2.0,1.0,1.0,departamento,flores,-34.65252724033583,-58.46519040423518,0,0,0
A,724.0,87.0,87.0,3.0,1.0,1.0,departamento,almagro,-34.61192276940159,-58.39958291511472,1,1,0
A,412.0,45.0,45.0,2.0,1.0,1.0,departamento,boedo,-34.63145243465755,-58.416997271344485,0,0,0
A,224.0,20.0,20.0,1.0,1.0,1.0,departamento,flores,-34.63372470345734,-58.4595232845397,1,0,0
A,404.0,27.0,27.0,1.0,1.0,1.0,departamento,villa crespo,-34.60289686025665,-58.44184337140607,1,0,0
A,301.0,20.0,20.0,1.0,1.0,1.0,departamento,colegiales,-34.57880165165423,-58.45290320355161,0,0,0
A,497.0,48.0,48.0,2.0,1.0,1.0,departamento,flores,-34.64586635538782,-58.47519430014731,0,0,0
A,815.0,40.0,40.0,2.0,1.0,1.0,ph,belgrano,-34.55852514269375,-58.48231605911759,0,0,0
A,796.0,66.0,66.0,3.0,2.0,1.0,departamento,almagro,-34.60962725189881,-58.42148851030609,0,0,0
A,319.0,24.0,24.0,1.0,1.0,1.0,departamento,caballito,-34.61854609726506,-58.46078623389764,0,0,0
A,298.0,20.0,20.0,1.0,1.0,1.0,departamento,nunez,-34.52173269443237,-58.490396427467545,1,0,0
A,457.0,46.0,46.0,1.0,1.0,1.0,departamento,san telmo,-34.62229580423215,-58.37335577347728,0,0,0
A,544.0,41.0,41.0,3.0,1.0,2.0,departamento,colegiales,-34.579382615157854,-58.44248325940368,1,0,0
A,636.0,49.0,49.0,3.0,2.0,1.0,departamento,boedo,-34.626569694847774,-58.43761046623445,0,0,0
A,773.0,59.0,59.0,3.0,2.0,2.0,departamento,caballito,-34.642424324809284,-58.42223723610355,0,0,0
A,611.0,44.0,44.0,2.0,1.0,1.0,ph,nunez,-34.56898666688234,-58.46259164496384,0,0,0
A,560.0,48.0,48.0,2.0,1.0,1.0,departamento,boedo,-34.61337361459298,-58.42662988745166,0,0,0
A,347.0,21.0,21.0,1.0,1.0,1.0,departamento,palermo,-34.57540165189006,-58.39466737825141,0,0,0
A,837.0,47.0,47.0,2.0,1.0,1.0,departamento,caballito,-34.60315492372428,-58.44744130560838,0,1,0
A,568.0,36.0,36.0,2.0,1.0,1.0,departamento,almagro,-34.58385900550355,-58.424687543713205,0,0,0
A,489.0,43.0,43.0,1.0,1.0,1.0,departamento,caballito,-34.621856228965385,-58.41882312297069,0,0,0
A,511.0,48.0,48.0,2.0,1.0,1.0,departamento,caballito,-34.64597761113869,-58.42878193341495,0,0,0
A,663.0,37.0,37.0,2.0,1.0,1.0,departamento,palermo,-34.58078107236578,-58.42539098328315,0,0,0
A,760.0,59.0,59.0,3.0,2.0,1.0,departamento,flores,-34.6224843521831,-58.45303671338918,0,1,0
A,948.0,83.0,83.0,3.0,1.0,2.0,ph,san telmo,-34.62331882745932,-58.3689404074488,1,0,0
A,920.0,48.0,48.0,2.0,1.0,1.0,departamento,colegiales,-34.564324858411226,-58.4481445220021,1,0,0
A,290.0,25.0,25.0,1.0,1.0,1.0,departamento,nunez,-34.563274796569665,-58.43259547005044,0,0,0
A,642.0,42.0,42.0,2.0,1.0,1.0,departamento,caballito,-34.61312912269505,-58.46359258095561,0,0,0
A,488.0,30.0,30.0,2.0,1.0,1.0,departamento,colegiales,-34.56325882932896,-58.4507389862468,0,0,0
A,466.0,46.0,46.0,2.0,1.0,1.0,departamento,villa urquiza,-34.57625004660474,-58.475053777074045,0,0,0
A,566.0,40.0,40.0,2.0,1.0,1.0,departamento,caballito,-34.62291300190856,-58.43659519956228,0,0,0
A,299.0,28.0,28.0,1.0,1.0,1.0,departamento,belgrano,-34.56104795272027,-58.456706352509656,0,0,0
A,891.0,55.0,55.0,3.0,2.0,1.0,departamento,villa urquiza,-34.5928835548525,-58.48602381339984,0,1,0
A,593.0,47.0,47.0,2.0,1.0,1.0,departamento,caballito,-34.62698922146969,-58.43448141307543,0,0,0
A,706.0,35.0,35.0,2.0,1.0,1.0,departamento,boedo,-34.62624475987566,-58.418668540840684,0,1,0
A,633.0,35.0,35.0,2.0,1.0,1.0,ph,villa urquiza,-34.58267401754214,-58.513106585323854,0,0,0
A,968.0,38.0,38.0,1.0,1.0,1.0,departamento,recoleta,-34.58219645790438,-58.393959274448186,0,0,0
A,343.0,30.0,30.0,1.0,1.0,1.0,departamento,boedo,-34.63820868788656,-58.41209001687614,0,0,0
A,645.0,24.0,24.0,1.0,1.0,1.0,departamento,palermo,-34.584800779757174,-58.458593385929234,0,0,0
A,728.0,40.0,40.0,1.0,1.0,1.0,departamento,belgrano,-34.576249931125105,-58.4531228233341,0,0,0
A,237.0,33.0,33.0,2.0,1.0,1.0,departamento,san telmo,-34.60843990207263,-58.36287743804404,0,0,0
A,727.0,45.0,45.0,2.0,1.0,1.0,ph,colegiales,-34.57514513925896,-58.47286112170207,0,0,0
A,646.0,40.0,40.0,2.0,1.0,1.0,departamento,flores,-34.61375732817018,-58.45365747584283,0,0,0
A,513.0,44.0,44.0,3.0,2.0,1.0,departamento,villa urquiza,-34.53631492507877,-58.48879502378381,0,0,0
A,404.0,35.0,35.0,2.0,1.0,1.0,departamento,boedo,-34.63265998002763,-58.42831385584882,0,0,0
A,889.0,60.0,60.0,4.0,3.0,2.0,departamento,almagro,-34.584097992729006,-58.41847022094648,0,0,0
A,486.0,31.0,31.0,2.0,1.0,1.0,departamento,colegiales,-34.58830347783974,-58.460786298065294,1,0,0
A,340.0,35.0,35.0,1.0,1.0,1.0,departamento,flores,-34.64000201061739,-58.45902918696838,0,0,0
A,287.0,22.0,22.0,1.0,1.0,1.0,departamento,caballito,-34.64132493802636,-58.42810688548082,1,0,0
A,572.0,33.0,33.0,2.0,1.0,1.0,departamento,belgrano,-34.57093032914673,-58.45499169100773,0,0,0
A,697.0,50.0,50.0,2.0,1.0,1.0,departamento,boedo,-34.64010721214913,-58.402717248329935,0,0,0
A,809.0,87.0,87.0,4.0,3.0,2.0,ph,flores,-34.64348308529085,-58.47657518565861,0,0,0
A,382.0,21.0,21.0,1.0,1.0,1.0,departamento,palermo,-34.5840325926943,-58.42366892892348,0,0,0
A,359.0,34.0,34.0,2.0,1.0,1.0,departamento,san telmo,-34.619402903670945,-58.37273860503607,0,1,0
A,741.0,79.0,79.0,4.0,3.0,2.0,departamento,boedo,-34.61698928227457,-58.42909315550274,0,0,0
A,560.0,54.0,54.0,3.0,2.0,1.0,departamento,flores,-34.65000009397408,-58.46433700638711,0,0,0
A,794.0,31.0,31.0,1.0,1.0,1.0,departamento,recoleta,-34.573643881608994,-58.412341919068346,0,0,0
A,686.0,50.0,50.0,2.0,1.0,1.0,departamento,boedo,-34.61392250434896,-58.40956429369363,0,0,0
A,806.0,43.0,43.0,2.0,1.0,1.0,departamento,recoleta,-34.58734307254554,-58.40222392976261,0,0,0
A,917.0,43.0,43.0,2.0,1.0,1.0,ph,palermo,-34.59744990385643,-58.4126094455479,0,0,0
A,732.0,57.0,57.0,2.0,1.0,1.0,departamento,villa crespo,-34.60488991775897,-58.41959798990824,0,0,0
A,425.0,41.0,41.0,2.0,1.0,1.0,departamento,almagro,-34.61532091607862,-58.39088243590472,0,0,0
A,342.0,20.0,20.0,1.0,1.0,1.0,departamento,nunez,-34.53027596911647,-58.45590209671396,0,0,0
A,450.0,29.0,29.0,1.0,1.0,1.0,departamento,almagro,-34.59313161185628,-58.421721040282826,0,0,0
A,901.0,50.0,50.0,3.0,1.0,1.0,departamento,belgrano,-34.556889426441245,-58.46756239813203,1,0,0
A,730.0,59.0,59.0,2.0,1.0,1.0,departamento,recoleta,-34.57453766194247,-58.39724014754776,0,1,0
A,666.0,51.0,51.0,2.0,1.0,1.0,departamento,villa urquiza,-34.57705972660905,-58.46895208413701,0,0,0
A,834.0,57.0,57.0,3.0,2.0,1.0,departamento,caballito,-34.59664704209171,-58.44870116065169,0,0,0
A,359.0,27.0,27.0,2.0,1.0,1.0,departamento,colegiales,-34.57972813830133,-58.4571594843278,0,0,0
A,611.0,37.0,37.0,1.0,1.0,1.0,departamento,colegiales,-34.56656285878113,-58.46213980954331,0,0,0
A,516.0,32.0,32.0,3.0,2.0,2.0,departamento,villa crespo,-34.59767078845286,-58.44263889851595,0,0,0
A,391.0,40.0,40.0,1.0,1.0,1.0,departamento,san telmo,-34.616114915399216,-58.34856328365352,0,0,0
A,860.0,56.0,56.0,3.0,2.0,1.0,departamento,almagro,-34.62066911150624,-58.42664923520452,0,0,0
A,750.0,59.0,59.0,3.0,2.0,2.0,departamento,flores,-34.62176642671264,-58.45868575807393,0,0,0
A,479.0,45.0,45.0,1.0,1.0,1.0,departamento,villa urquiza,-34.55567335568817,-58.50440240381202,0,0,0
A,672.0,53.0,53.0,3.0,1.0,1.0,ph,boedo,-34.64498320630309,-58.41137759149107,1,0,0
A,675.0,42.0,42.0,1.0,1.0,1.0,departamento,villa crespo,-34.60190669718433,-58.429551815168,0,0,0
A,693.0,37.0,37.0,2.0,1.0,1.0,ph,colegiales,-34.55304673615859,-58.44635629839513,0,1,0
A,251.0,32.0,32.0,1.0,1.0,1.0,departamento,almagro,-34.61390195278906,-58.431245404542864,0,0,0
A,868.0,59.0,59.0,2.0,1.0,1.0,departamento,villa crespo,-34.601891526994265,-58.42338487429631,0,0,0
A,871.0,55.0,55.0,2.0,1.0,1.0,departamento,san telmo,-34.62871780492147,-58.36886177683929,0,0,0
A,525.0,45.0,45.0,2.0,1.0,1.0,departamento,san telmo,-34.60653321370763,-58.3774452930456,0,0,0
A,922.0,34.0,34.0,2.0,1.0,1.0,departamento,belgrano,-34.5690028571016,-58.43434848997991,0,0,0
A,813.0,50.0,50.0,3.0,2.0,1.0,departamento,palermo,-34.58867503049248,-58.42286980055707,0,1,0
A,300.0,29.0,29.0,2.0,1.0,1.0,departamento,flores,-34.61929057364823,-58.46383274279345,0,1,0
A,620.0,47.0,47.0,2.0,1.0,1.0,departamento,caballito,-34.64562017312061,-58.42356358670815,1,0,0
A,816.0,60.0,60.0,3.0,2.0,2.0,casa,flores,-34.63552781984544,-58.45085768280497,0,0,0
A,727.0,47.0,47.0,2.0,1.0,1.0,departamento,colegiales,-34.5815726886319,-58.441789037262105,0,0,0
A,762.0,41.0,41.0,2.0,1.0,1.0,departamento,caballito,-34.602209264599146,-58.42153029185027,0,0,0
A,811.0,38.0,38.0,1.0,1.0,1.0,departamento,boedo,-34.64429854002231,-58.43076320909762,0,0,0
A,887.0,61.0,61.0,2.0,1.0,1.0,departamento,caballito,-34.59481899960513,-58.443290224004976,0,0,0
A,513.0,33.0,33.0,1.0,1.0,1.0,departamento,belgrano,-34.564496899414216,-58.4419670404113,0,0,0
A,620.0,33.0,33.0,2.0,1.0,1.0,departamento,almagro,-34.61474258002141,-58.42717030841961,0,0,0
A,404.0,30.0,30.0,2.0,1.0,1.0,departamento,almagro,-34.616491796423325,-58.41876476679069,0,0,0
A,747.0,56.0,56.0,3.0,2.0,1.0,departamento,caballito,-34.61855791864227,-58.44899129693788,0,0,0
A,913.0,68.0,68.0,2.0,1.0,1.0,departamento,caballito,-34.612704983803425,-58.44403280035807,0,0,0
A,730.0,61.0,61.0,2.0,1.0,1.0,departamento,palermo,-34.59643865411184,-58.41396492307806,0,0,0
A,753.0,66.0,66.0,3.0,2.0,1.0,departamento,flores,-34.631419634105455,-58.4586966673943,0,0,0
A,311.0,25.0,25.0,1.0,1.0,1.0,departamento,san telmo,-34.628341115674054,-58.35836862584868,0,0,0
A,360.0,21.0,21.0,1.0,1.0,1.0,departamento,villa crespo,-34.5922305968832,-58.43378595828686,0,0,0
A,954.0,45.0,45.0,2.0,1.0,1.0,departamento,palermo,-34.58391841140514,-58.426076613945504,0,0,0
A,592.0,46.0,46.0,2.0,1.0,1.0,departamento,caballito,-34.61899328009192,-58.43008256266969,0,0,0
A,548.0,47.0,47.0,3.0,1.0,1.0,departamento,recoleta,-34.59004640390173,-58.38594081120229,1,0,0
A,790.0,58.0,58.0,3.0,2.0,2.0,departamento,caballito,-34.63292024458332,-58.42012412990636,0,0,0
A,591.0,32.0,32.0,2.0,1.0,1.0,departamento,colegiales,-34.56344844169185,-58.44442531718216,0,0,0
A,694.0,46.0,46.0,3.0,2.0,2.0,departamento,palermo,-34.55728570198476,-58.41489243207583,0,0,0
A,925.0,41.0,41.0,2.0,1.0,1.0,departamento,san telmo,-34.62596627424232,-58.3761923915186,0,0,0
A,400.0,41.0,41.0,3.0,2.0,1.0,departamento,flores,-34.6292510517838,-58.4485460305359,0,1,0
A,393.0,29.0,29.0,2.0,1.0,1.0,departamento,almagro,-34.61431971408297,-58.41505462839123,1,0,0
A,586.0,60.0,60.0,2.0,1.0,1.0,departamento,caballito,-34.63779518440515,-58.433855102170064,0,0,0
A,586.0,39.0,39.0,2.0,1.0,1.0,departamento,colegiales,-34.57651642527554,-58.42873076148045,0,0,0
A,529.0,31.0,31.0,2.0,1.0,1.0,departamento,belgrano,-34.56145368256522,-58.46349200873794,1,0,0
A,267.0,25.0,25.0,1.0,1.0,1.0,departamento,palermo,-34.57607848541513,-58.43858263654239,1,0,0
A,764.0,41.0,41.0,2.0,1.0,1.0,departamento,belgrano,-34.57061291173197,-58.45461809305808,0,0,0
A,440.0,26.0,26.0,1.0,1.0,1.0,departamento,recoleta,-34.592781478843875,-58.40198762557716,0,0,0
A,477.0,24.0,24.0,1.0,1.0,1.0,departamento,colegiales,-34.59860446539633,-58.46102542370654,0,0,0
A,466.0,47.0,47.0,2.0,1.0,1.0,departamento,villa crespo,-34.61434441764925,-58.44731819709016,0,0,0
A,623.0,26.0,26.0,1.0,1.0,1.0,departamento,palermo,-34.58215302297432,-58.4056058703219,0,0,0
A,443.0,40.0,40.0,1.0,1.0,1.0,departamento,almagro,-34.60393795131835,-58.43629408046982,0,0,0
A,444.0,34.0,34.0,1.0,1.0,1.0,departamento,colegiales,-34.574237843367044,-58.454668144971855,0,0,0
A,821.0,60.0,60.0,2.0,1.0,1.0,departamento,flores,-34.628051155251725,-58.45368702894289,0,0,0
A,745.0,42.0,42.0,2.0,1.0,1.0,departamento,recoleta,-34.57310682952212,-58.37294819271451,0,0,0
A,324.0,33.0,33.0,1.0,1.0,1.0,departamento,caballito,-34.632154643898424,-58.44081445658039,0,0,0
A,823.0,43.0,43.0,2.0,1.0,1.0,departamento,colegiales,-34.55163479349644,-58.45242894095541,1,0,0
A,581.0,48.0,48.0,2.0,1.0,1.0,departamento,caballito,-34.6129590534536,-58.44361101255894,0,0,0
A,273.0,35.0,35.0,1.0,1.0,1.0,departamento,almagro,-34.62319384258491,-58.42335899251121,0,0,0
A,681.0,52.0,52.0,2.0,1.0,1.0,departamento,san telmo,-34.63262529686091,-58.350523612124846,0,0,0
A,525.0,35.0,35.0,2.0,1.0,1.0,departamento,colegiales,-34.58344314332701,-58.443031372888406,0,0,0
A,771.0,74.0,74.0,2.0,1.0,1.0,ph,san telmo,-34.62761832189137,-58.372185880265405,0,0,0
A,433.0,36.0,36.0,1.0,1.0,1.0,departamento,flores,-34.64104822049308,-58.47126875977132,0,0,0
A,860.0,63.0,63.0,3.0,2.0,2.0,ph,villa urquiza,-34.582805327393686,-58.498275013863136,0,0,0
A,946.0,60.0,60.0,3.0,2.0,1.0,casa,colegiales,-34.58543960564521,-58.44811036909199,0,0,0
A,571.0,32.0,32.0,2.0,1.0,1.0,departamento,boedo,-34.613175585326175,-58.39836004739859,0,0,0
A,766.0,55.0,55.0,2.0,1.0,1.0,departamento,flores,-34.62610335812096,-58.46515948404018,0,0,0
A,593.0,57.0,57.0,2.0,1.0,1.0,departamento,villa urquiza,-34.574062453210416,-58.48430463600132,0,0,0
A,536.0,33.0,33.0,2.0,1.0,1.0,departamento,caballito,-34.614095782852694,-58.47523441132534,0,0,0
A,967.0,67.0,67.0,2.0,1.0,1.0,departamento,caballito,-34.618960689114765,-58.45030065737048,0,0,0
A,611.0,44.0,44.0,1.0,1.0,1.0,departamento,belgrano,-34.568979345325275,-58.48077047032574,0,1,0
A,461.0,39.0,39.0,2.0,1.0,1.0,departamento,boedo,-34.628586812715,-58.425296507088085,0,0,0
A,349.0,30.0,30.0,1.0,1.0,1.0,departamento,villa crespo,-34.603769003520455,-58.43183416931468,0,1,0
A,796.0,62.0,62.0,3.0,1.0,1.0,departamento,palermo,-34.55483875672463,-58.42697090382038,1,0,0
A,439.0,40.0,40.0,1.0,1.0,1.0,departamento,flores,-34.629271194880246,-58.44641051551382,1,0,0
A,895.0,42.0,42.0,2.0,1.0,1.0,departamento,nunez,-34.528469429724645,-58.46247486165872,0,0,0
A,973.0,52.0,52.0,3.0,2.0,1.0,departamento,villa urquiza,-34.58684456657004,-58.469631108402446,0,0,0
A,547.0,39.0,39.0,2.0,1.0,1.0,departamento,villa urquiza,-34.56214105108064,-58.50755011509262,0,0,0
A,575.0,35.0,35.0,2.0,1.0,1.0,ph,belgrano,-34.570311000576794,-58.45480485940296,0,0,0
A,819.0,64.0,64.0,4.0,3.0,2.0,departamento,boedo,-34.63040898996263,-58.42878570795778,0,0,0
A,926.0,54.0,54.0,2.0,1.0,1.0,departamento,palermo,-34.582561322372655,-58.4266157291019,0,0,0
A,419.0,51.0,51.0,3.0,2.0,1.0,departamento,boedo,-34.6161329249943,-58.430380653316845,0,0,0
A,597.0,46.0,46.0,3.0,2.0,1.0,departamento,flores,-34.63111779840671,-58.4675333933643,0,0,0
A,877.0,51.0,51.0,2.0,1.0,1.0,departamento,almagro,-34.62856802823759,-58.41000701333698,0,1,0
A,953.0,60.0,60.0,3.0,2.0,2.0,casa,villa crespo,-34.5966599990779,-58.43111247018853,0,0,0
A,713.0,40.0,40.0,1.0,1.0,1.0,departamento,recoleta,-34.584739515367325,-58.392422246685086,0,0,0
A,528.0,41.0,41.0,1.0,1.0,1.0,departamento,palermo,-34.59423157300245,-58.41883774356894,0,0,0
A,933.0,51.0,51.0,2.0,1.0,1.0,departamento,belgrano,-34.55834142010091,-58.46038147727453,0,0,0
A,719.0,47.0,47.0,2.0,1.0,1.0,departamento,caballito,-34.62462571277572,-58.44879691547409,0,0,0
A,697.0,37.0,37.0,2.0,1.0,1.0,departamento,recoleta,-34.59435214628403,-58.37836468701504,0,0,0
A,653.0,44.0,44.0,2.0,1.0,1.0,departamento,villa crespo,-34.60086985769195,-58.437545657019896,0,0,0
A,459.0,49.0,49.0,2.0,1.0,1.0,departamento,boedo,-34.63777661302997,-58.41488493182554,0,0,0
A,891.0,55.0,55.0,3.0,2.0,1.0,departamento,villa urquiza,-34.5928835548525,-58.48602381339984,0,0,0
A,543.0,43.0,43.0,2.0,1.0,1.0,departamento,villa urquiza,-34.585986203257136,-58.4954901817662,0,0,0
A,805.0,38.0,38.0,2.0,1.0,1.0,departamento,caballito,-34.61581992369118,-58.4371041215604,0,0,0
A,827.0,61.0,61.0,2.0,1.0,1.0,departamento,nunez,-34.57161130896183,-58.473105184276655,1,0,0
A,503.0,27.0,27.0,1.0,1.0,1.0,departamento,recoleta,-34.58470005601558,-58.39696803501546,0,0,0
A,570.0,45.0,45.0,2.0,1.0,1.0,departamento,villa urquiza,-34.57279117704419,-58.47972548268779,0,0,0
A,877.0,44.0,44.0,2.0,1.0,1.0,departamento,colegiales,-34.56354965493284,-58.453617798954255,0,0,0
A,533.0,38.0,38.0,1.0,1.0,1.0,departamento,nunez,-34.53421482397513,-58.44741283609122,0,0,0
A,739.0,54.0,54.0,3.0,2.0,2.0,departamento,san telmo,-34.61544153181751,-58.37815371814741,0,0,0
A,495.0,33.0,33.0,1.0,1.0,1.0,departamento,recoleta,-34.588796438070524,-58.41068015196774,0,0,0
A,828.0,46.0,46.0,2.0,1.0,1.0,departamento,colegiales,-34.56184975238227,-58.45930835977722,0,0,0
A,812.0,46.0,46.0,2.0,1.0,1.0,departamento,nunez,-34.53989320744941,-58.45826852544847,0,0,0
A,473.0,30.0,30.0,1.0,1.0,1.0,departamento,villa urquiza,-34.56229345847453,-58.49275009085415,1,0,0
A,439.0,40.0,40.0,1.0,1.0,1.0,departamento,villa urquiza,-34.581311592734075,-58.47120493740494,1,0,0
A,239.0,23.0,23.0,2.0,1.0,1.0,departamento,boedo,-34.62709308352796,-58.4014136302975,1,0,0
A,725.0,57.0,57.0,2.0,1.0,1.0,departamento,san telmo,-34.63671022265388,-58.38577779385817,0,0,0
A,620.0,51.0,51.0,1.0,1.0,1.0,departamento,belgrano,-34.57926537003735,-58.46650825149156,0,0,0
A,778.0,47.0,47.0,2.0,1.0,1.0,departamento,almagro,-34.61631017316641,-58.41204589876932,0,0,0
A,588.0,30.0,30.0,1.0,1.0,1.0,departamento,villa crespo,-34.604715276273204,-58.42832927847601,1,0,0
A,699.0,64.0,64.0,4.0,3.0,2.0,departamento,san telmo,-34.612678253057034,-58.37670415167903,0,0,0
A,742.0,52.0,52.0,3.0,2.0,2.0,departamento,nunez,-34.52638484574321,-58.46096032516511,0,0,0
A,484.0,38.0,38.0,2.0,1.0,1.0,departamento,villa crespo,-34.610477383070815,-58.44267359110477,0,0,0
A,404.0,31.0,31.0,2.0,1.0,1.0,departamento,colegiales,-34.58487158169581,-58.458674622412914,0,0,0
A,320.0,20.0,20.0,1.0,1.0,1.0,departamento,palermo,-34.5728342689953,-58.44345190538799,1,0,0
A,630.0,61.0,61.0,3.0,2.0,1.0,ph,flores,-34.63537187772916,-58.4725174679068,0,0,0
A,688.0,31.0,31.0,1.0,1.0,1.0,departamento,palermo,-34.577434505868624,-58.44333097129627,0,0,0
A,248.0,25.0,25.0,1.0,1.0,1.0,departamento,boedo,-34.616235935957384,-58.41652969989408,0,0,0
A,235.0,25.0,25.0,1.0,1.0,1.0,departamento,flores,-34.62397857452648,-58.47302975254048,1,0,0
A,468.0,41.0,41.0,1.0,1.0,1.0,departamento,caballito,-34.64453465833613,-58.4284871814519,0,0,0
A,533.0,32.0,32.0,1.0,1.0,1.0,departamento,nunez,-34.5487847329617,-58.47255536960463,0,0,0
A,896.0,37.0,37.0,2.0,1.0,1.0,departamento,belgrano,-34.57842883157727,-58.456533454033085,0,0,0
A,487.0,46.0,46.0,2.0,1.0,1.0,departamento,boedo,-34.62905653363011,-58.40994097014965,0,0,0
A,857.0,43.0,43.0,2.0,1.0,1.0,departamento,nunez,-34.54267787393583,-58.46636163948631,0,0,0
A,578.0,42.0,42.0,2.0,1.0,1.0,departamento,almagro,-34.625134499067364,-58.42692745420723,0,0,0
A,781.0,44.0,44.0,2.0,1.0,1.0,departamento,villa urquiza,-34.56239716956174,-58.488563230103445,0,0,0
A,577.0,36.0,36.0,1.0,1.0,1.0,departamento,recoleta,-34.581677224916014,-58.39729046663464,0,0,0
A,999.0,59.0,59.0,3.0,2.0,1.0,departamento,colegiales,-34.5832048094648,-58.45724605956992,0,0,0
A,538.0,34.0,34.0,2.0,1.0,1.0,departamento,villa crespo,-34.59681577834944,-58.43244309512397,0,0,0
A,524.0,51.0,51.0,2.0,1.0,1.0,departamento,villa urquiza,-34.56793353347716,-58.49909615867805,0,0,0
A,866.0,72.0,72.0,2.0,1.0,1.0,departamento,san telmo,-34.622194339931774,-58.37021742966746,0,0,0
A,501.0,35.0,35.0,2.0,1.0,1.0,departamento,caballito,-34.628329373087944,-58.43425888558998,0,0,0
A,432.0,34.0,34.0,2.0,1.0,1.0,departamento,flores,-34.64043154314328,-58.458768628443416,0,0,0
A,547.0,58.0,58.0,3.0,2.0,1.0,departamento,flores,-34.64607183825193,-58.46820897942671,0,0,0
A,538.0,43.0,43.0,2.0,1.0,1.0,ph,almagro,-34.62032778958297,-58.433042964339,0,0,0
A,801.0,58.0,58.0,2.0,1.0,1.0,departamento,villa crespo,-34.59622071030998,-58.42856312545605,0,0,0
A,865.0,63.0,63.0,2.0,1.0,1.0,departamento,palermo,-34.56587556975153,-58.44383496038622,0,0,0
A,250.0,24.0,24.0,1.0,1.0,1.0,departamento,san telmo,-34.62302586067828,-58.37115937404264,0,0,0
A,209.0,23.0,23.0,2.0,1.0,1.0,departamento,boedo,-34.63526080145738,-58.40519199538224,0,1,0
A,522.0,40.0,40.0,1.0,1.0,1.0,departamento,san telmo,-34.62886041417492,-58.3492023225282,0,0,0
A,707.0,58.0,58.0,2.0,1.0,1.0,departamento,recoleta,-34.6004381515691,-58.38286908521589,0,0,0
A,436.0,34.0,34.0,2.0,1.0,1.0,departamento,almagro,-34.5931470879346,-58.42786168560132,0,0,0
A,378.0,29.0,29.0,1.0,1.0,1.0,departamento,villa urquiza,-34.552335746490485,-58.47996309188037,1,1,0
A,402.0,28.0,28.0,2.0,1.0,1.0,departamento,villa urquiza,-34.574779338900534,-58.46055377483466,0,0,0
A,840.0,47.0,47.0,2.0,1.0,1.0,ph,san telmo,-34.61798211958405,-58.36819984408252,0,0,0
A,778.0,52.0,52.0,2.0,1.0,1.0,departamento,villa crespo,-34.59977270929727,-58.4525894132894,0,1,0
A,670.0,62.0,62.0,3.0,2.0,2.0,departamento,san telmo,-34.63158249581473,-58.37395680356733,0,0,0
A,584.0,39.0,39.0,2.0,1.0,1.0,departamento,almagro,-34.60873815826056,-58.43909947532191,0,0,0
A,308.0,21.0,21.0,2.0,1.0,1.0,departamento,flores,-34.633465604675,-58.461060514881936,0,1,0
A,371.0,22.0,22.0,1.0,1.0,1.0,departamento,villa urquiza,-34.565664269859944,-58.47503044229137,1,0,0
A,566.0,29.0,29.0,1.0,1.0,1.0,departamento,palermo,-34.589010255545155,-58.42970259635545,0,0,0
A,366.0,20.0,20.0,2.0,1.0,1.0,departamento,palermo,-34.58324558658937,-58.441595881871216,1,1,0
A,521.0,32.0,32.0,1.0,1.0,1.0,departamento,boedo,-34.61883073644406,-58.42001643126002,0,0,0
A,600.0,60.0,60.0,3.0,2.0,1.0,casa,san telmo,-34.61487343340928,-58.393969273178605,0,0,0
A,350.0,20.0,20.0,1.0,1.0,1.0,departamento,colegiales,-34.56744333482829,-58.44063764642561,0,0,0
A,466.0,40.0,40.0,1.0,1.0,1.0,departamento,flores,-34.63002519301544,-58.44578672659274,0,0,0
A,670.0,63.0,63.0,2.0,1.0,1.0,departamento,boedo,-34.62915494201125,-58.40760206891141,0,1,0
A,405.0,29.0,29.0,1.0,1.0,1.0,departamento,san telmo,-34.62317169117398,-58.3893810096973,0,0,0
A,737.0,45.0,45.0,2.0,1.0,1.0,departamento,recoleta,-34.58373323572992,-58.40349877871155,0,0,0
A,662.0,54.0,54.0,3.0,2.0,1.0,departamento,villa urquiza,-34.60883512786282,-58.49492395114102,0,0,0
A,628.0,33.0,33.0,1.0,1.0,1.0,departamento,palermo,-34.57463872186734,-58.425755723037774,0,0,0
A,738.0,48.0,48.0,2.0,1.0,1.0,departamento,san telmo,-34.62662978836031,-58.364264461044186,0,0,0
A,756.0,77.0,77.0,3.0,2.0,1.0,ph,villa crespo,-34.58208976379506,-58.44769081498217,0,0,0
A,769.0,44.0,44.0,2.0,1.0,1.0,departamento,belgrano,-34.55964701358476,-58.44674268769235,1,0,0
A,537.0,31.0,31.0,1.0,1.0,1.0,departamento,villa urquiza,-34.585060621232586,-58.4796257594519,0,0,0
A,777.0,63.0,63.0,4.0,3.0,2.0,departamento,boedo,-34.63125555875777,-58.44226844188153,0,0,0
A,626.0,46.0,46.0,2.0,1.0,1.0,departamento,villa crespo,-34.604104337643186,-58.418098769115886,0,0,0
A,940.0,46.0,46.0,2.0,1.0,1.0,ph,palermo,-34.57995099174495,-58.43741869222427,0,0,0
A,303.0,33.0,33.0,1.0,1.0,1.0,departamento,nunez,-34.55630116362969,-58.46937347627359,0,0,0
A,592.0,42.0,42.0,2.0,1.0,1.0,departamento,colegiales,-34.58454577494845,-58.450945261953,0,0,0
A,417.0,41.0,41.0,2.0,1.0,1.0,departamento,boedo,-34.61992986405142,-58.43472717696669,0,0,0
A,539.0,23.0,23.0,1.0,1.0,1.0,departamento,palermo,-34.5935257788292,-58.41916756452699,0,0,0
A,417.0,41.0,41.0,2.0,1.0,1.0,departamento,boedo,-34.61992986405142,-58.43472717696669,0,0,0
A,447.0,35.0,35.0,2.0,1.0,1.0,ph,almagro,-34.59874862187788,-58.42588950430746,0,0,0
A,434.0,31.0,31.0,1.0,1.0,1.0,departamento,boedo,-34.621515861025564,-58.41919216598203,0,0,0
A,486.0,37.0,37.0,2.0,1.0,1.0,ph,san telmo,-34.63775431979256,-58.37184769883065,0,0,0
A,364.0,30.0,30.0,2.0,1.0,1.0,departamento,villa crespo,-34.61544023096283,-58.43946547936165,0,0,0
A,417.0,51.0,51.0,2.0,1.0,1.0,departamento,boedo,-34.63156633059146,-58.41130226163877,0,0,0
A,385.0,34.0,34.0,1.0,1.0,1.0,departamento,villa urquiza,-34.57195779359584,-58.51899253064238,0,0,0
A,568.0,40.0,40.0,2.0,1.0,1.0,departamento,villa urquiza,-34.57592540051919,-58.490361332093,0,0,0
A,319.0,31.0,31.0,1.0,1.0,1.0,departamento,boedo,-34.62786609306052,-58.41913662140978,0,0,0
A,543.0,36.0,36.0,2.0,1.0,1.0,departamento,villa urquiza,-34.58302871766847,-58.48616058747023,0,0,0
A,440.0,36.0,36.0,1.0,1.0,1.0,departamento,nunez,-34.535711801875294,-58.47289493834164,0,0,0
A,624.0,40.0,40.0,2.0,1.0,1.0,departamento,colegiales,-34.58037581253514,-58.43819682012263,0,0,0
A,483.0,43.0,43.0,2.0,1.0,1.0,departamento,almagro,-34.622870382013225,-58.43191103415284,0,0,0
A,479.0,45.0,45.0,1.0,1.0,1.0,departamento,villa urquiza,-34.55567335568817,-58.50440240381202,0,0,0
A,408.0,28.0,28.0,1.0,1.0,1.0,departamento,belgrano,-34.5701005503925,-58.45501426859532,0,0,0
A,796.0,69.0,69.0,3.0,2.0,1.0,casa,villa urquiza,-34.58030792380693,-58.48365083195334,0,0,0
A,817.0,70.0,70.0,3.0,2.0,2.0,casa,flores,-34.615977574974565,-58.47547675613508,0,0,0
A,394.0,34.0,34.0,2.0,1.0,1.0,departamento,caballito,-34.61806228324436,-58.42966036650602,0,0,0
A,635.0,40.0,40.0,2.0,1.0,1.0,departamento,boedo,-34.64033312301131,-58.41516195696358,1,0,0
A,927.0,65.0,65.0,2.0,1.0,1.0,ph,villa urquiza,-34.577418760146195,-58.49131316240314,0,0,0
A,577.0,50.0,50.0,2.0,1.0,1.0,ph,boedo,-34.63492116400766,-58.41196144689839,0,0,0
A,912.0,51.0,51.0,2.0,1.0,1.0,departamento,colegiales,-34.572979146329615,-58.469036020901584,0,0,0
A,591.0,32.0,32.0,2.0,1.0,1.0,departamento,colegiales,-34.56344844169185,-58.44442531718216,0,0,0
A,702.0,50.0,50.0,2.0,1.0,1.0,departamento,almagro,-34.61444708627687,-58.39475432689447,0,0,0
A,636.0,47.0,47.0,2.0,1.0,1.0,departamento,caballito,-34.61694680495234,-58.42947478796969,0,0,0
A,514.0,42.0,42.0,2.0,1.0,1.0,ph,almagro,-34.60006926758828,-58.40354992499777,0,0,0
A,873.0,58.0,58.0,3.0,1.0,2.0,departamento,almagro,-34.63928467812445,-58.41134160285958,1,0,0
A,660.0,29.0,29.0,1.0,1.0,1.0,departamento,nunez,-34.56307972946705,-58.47181848879968,1,0,0
A,608.0,37.0,37.0,1.0,1.0,1.0,departamento,boedo,-34.61888791003704,-58.41544585478363,0,0,0
A,870.0,47.0,47.0,3.0,2.0,2.0,departamento,palermo,-34.583078956906675,-58.44100118574539,0,0,0
A,591.0,46.0,46.0,3.0,2.0,2.0,ph,villa urquiza,-34.56176636089965,-58.49091960082325,0,0,0
A,652.0,47.0,47.0,2.0,1.0,1.0,departamento,boedo,-34.644613429785586,-58.43174157017506,0,0,0
A,519.0,37.0,37.0,2.0,1.0,1.0,departamento,villa crespo,-34.595805416878164,-58.44401976014556,0,0,0
A,677.0,56.0,56.0,3.0,2.0,1.0,departamento,boedo,-34.62822034180515,-58.41991519788738,0,0,0
A,361.0,27.0,27.0,2.0,1.0,1.0,departamento,villa crespo,-34.58252349204738,-58.45103549988398,0,0,0
A,434.0,41.0,41.0,2.0,1.0,1.0,departamento,san telmo,-34.619273870876604,-58.37750919615249,0,0,0
A,715.0,36.0,36.0,3.0,2.0,1.0,departamento,recoleta,-34.58650807589646,-58.38469938363079,0,0,0
A,881.0,50.0,50.0,2.0,1.0,1.0,ph,villa urquiza,-34.571169437430754,-58.47835533624106,0,0,0
A,230.0,20.0,20.0,1.0,1.0,1.0,departamento,boedo,-34.6314524846666,-58.41860503577096,0,0,0
A,967.0,62.0,62.0,3.0,2.0,1.0,departamento,colegiales,-34.59400148295283,-58.43669152809457,0,0,0
A,315.0,38.0,38.0,1.0,1.0,1.0,departamento,almagro,-34.611890026043085,-58.40192501652449,0,0,0
A,665.0,35.0,35.0,1.0,1.0,1.0,departamento,caballito,-34.63289602167826,-58.41402128893078,0,0,0
A,496.0,21.0,21.0,1.0,1.0,1.0,departamento,recoleta,-34.60659734512614,-58.41932212272094,0,0,0
A,882.0,64.0,64.0,4.0,3.0,2.0,departamento,boedo,-34.63979130012962,-58.42476373105041,0,0,0
A,272.0,27.0,27.0,2.0,1.0,1.0,departamento,flores,-34.597278985540775,-58.465152718796695,0,0,0
A,964.0,107.0,107.0,5.0,4.0,3.0,departamento,flores,-34.63329783697778,-58.47168790291365,0,0,0
A,459.0,30.0,30.0,1.0,1.0,1.0,departamento,belgrano,-34.565374277145914,-58.47410469367254,0,0,0
A,290.0,23.0,23.0,1.0,1.0,1.0,departamento,almagro,-34.60932546142034,-58.40009577159124,0,0,0
A,434.0,31.0,31.0,1.0,1.0,1.0,departamento,boedo,-34.621515861025564,-58.41919216598203,0,1,0
A,618.0,46.0,46.0,2.0,1.0,1.0,ph,caballito,-34.60983286241107,-58.4438932182903,0,0,0
A,719.0,47.0,47.0,2.0,1.0,1.0,departamento,caballito,-34.62462571277572,-58.44879691547409,0,0,0
A,257.0,20.0,20.0,1.0,1.0,1.0,departamento,boedo,-34.6348184668905,-58.425084427065855,0,0,0
A,433.0,37.0,37.0,2.0,1.0,1.0,departamento,flores,-34.644303148032435,-58.45230624612222,0,0,0
A,385.0,34.0,34.0,1.0,1.0,1.0,departamento,villa urquiza,-34.57195779359584,-58.51899253064238,0,0,0
A,761.0,57.0,57.0,2.0,1.0,1.0,departamento,caballito,-34.605112155350824,-58.43383328738688,0,0,0
A,567.0,44.0,44.0,1.0,1.0,1.0,departamento,villa urquiza,-34.59180172671811,-58.46545956819456,0,0,0
A,697.0,37.0,37.0,2.0,1.0,1.0,departamento,recoleta,-34.59435214628403,-58.37836468701504,0,0,0
A,604.0,46.0,46.0,3.0,2.0,2.0,departamento,flores,-34.630731214757475,-58.46836221977712,0,0,0
A,948.0,52.0,52.0,2.0,1.0,1.0,ph,san telmo,-34.630882271402285,-58.37243651948391,0,0,0
A,166.0,20.0,20.0,1.0,1.0,1.0,departamento,almagro,-34.607143764262055,-58.400033343573966,0,0,0
A,369.0,23.0,23.0,1.0,1.0,1.0,departamento,nunez,-34.52887039016103,-58.48307010376542,0,0,0
A,781.0,44.0,44.0,2.0,1.0,1.0,departamento,villa urquiza,-34.56239716956174,-58.488563230103445,0,0,0
A,691.0,50.0,50.0,2.0,1.0,1.0,ph,flores,-34.61145004894163,-58.46500056173326,1,0,0
A,478.0,40.0,40.0,2.0,1.0,1.0,departamento,caballito,-34.6011514423158,-58.4266492307751,0,0,0
A,364.0,30.0,30.0,2.0,1.0,1.0,departamento,villa crespo,-34.61544023096283,-58.43946547936165,0,0,0
A,436.0,40.0,40.0,2.0,1.0,1.0,departamento,flores,-34.629786593552254,-58.46505785842644,0,0,0
A,827.0,59.0,59.0,3.0,2.0,1.0,departamento,villa urquiza,-34.585522310725125,-58.46278348800034,0,0,0
A,493.0,37.0,37.0,2.0,1.0,1.0,departamento,san telmo,-34.62057002866703,-58.35606394137074,0,0,0
A,343.0,41.0,41.0,1.0,1.0,1.0,departamento,san telmo,-34.64068929080108,-58.37101470732224,0,0,0
A,732.0,39.0,39.0,2.0,1.0,1.0,departamento,nunez,-34.547920912152534,-58.456371279499606,0,0,0
A,660.0,46.0,46.0,2.0,1.0,1.0,departamento,belgrano,-34.569647380092746,-58.45717470112053,1,1,0
A,582.0,43.0,43.0,2.0,1.0,1.0,departamento,san telmo,-34.608457509015615,-58.3574213916378,0,0,0
A,503.0,42.0,42.0,2.0,1.0,1.0,departamento,villa crespo,-34.60757263871645,-58.44736451925677,0,0,0
A,826.0,38.0,38.0,2.0,1.0,1.0,departamento,belgrano,-34.5635352783862,-58.44189383842506,0,0,0
A,494.0,31.0,31.0,1.0,1.0,1.0,departamento,nunez,-34.55693765089683,-58.44928799001413,1,0,0
A,915.0,56.0,56.0,3.0,2.0,1.0,departamento,nunez,-34.55761221533704,-58.46291667728296,0,0,0
A,752.0,55.0,55.0,2.0,1.0,1.0,ph,boedo,-34.62278275922532,-58.40829483180968,0,0,0
A,828.0,37.0,37.0,2.0,1.0,1.0,departamento,san telmo,-34.62348041292187,-58.36683009870089,0,0,0
A,493.0,38.0,38.0,1.0,1.0,1.0,departamento,villa urquiza,-34.57136139643408,-58.486553621636766,0,0,0
A,682.0,49.0,49.0,2.0,1.0,1.0,departamento,villa urquiza,-34.58929262161362,-58.47691571811278,0,0,0
A,873.0,62.0,62.0,3.0,2.0,1.0,departamento,boedo,-34.637102104036934,-58.422900171528354,0,0,0
A,610.0,42.0,42.0,2.0,1.0,1.0,departamento,villa urquiza,-34.55838088402395,-58.49529694645132,0,0,0
A,744.0,49.0,49.0,2.0,1.0,1.0,departamento,villa crespo,-34.606635112009634,-58.428345256617376,0,0,0
A,886.0,107.0,107.0,6.0,5.0,4.0,departamento,almagro,-34.6240181339342,-58.43316250095261,0,0,0
A,452.0,50.0,50.0,1.0,1.0,1.0,departamento,boedo,-34.60956159012418,-58.4172719252827,0,1,0
A,517.0,47.0,47.0,2.0,1.0,1.0,departamento,flores,-34.62174196969316,-58.4660679618807,0,0,0
A,496.0,41.0,41.0,1.0,1.0,1.0,departamento,caballito,-34.59675088920399,-58.42534759565369,0,0,0
A,458.0,43.0,43.0,2.0,1.0,1.0,departamento,san telmo,-34.61227264748876,-58.37219288663395,0,0,0
A,702.0,58.0,58.0,2.0,1.0,1.0,departamento,boedo,-34.61792637794578,-58.39938166345895,0,1,0
A,369.0,25.0,25.0,1.0,1.0,1.0,departamento,recoleta,-34.5925864628246,-58.390749436851145,0,0,0
A,538.0,47.0,47.0,2.0,1.0,1.0,ph,boedo,-34.6587410187447,-58.42375506978832,0,0,0
A,359.0,30.0,30.0,2.0,1.0,1.0,departamento,caballito,-34.61500943828052,-58.44443843091607,0,0,0
A,560.0,36.0,36.0,1.0,1.0,1.0,departamento,villa crespo,-34.60341373150043,-58.44143723303341,0,0,0
A,742.0,48.0,48.0,2.0,1.0,1.0,departamento,villa urquiza,-34.576069952412766,-58.498245813894016,0,1,0
A,420.0,44.0,44.0,3.0,2.0,2.0,departamento,boedo,-34.62585596269737,-58.45450694920213,0,0,0
A,815.0,37.0,37.0,2.0,1.0,1.0,departamento,belgrano,-34.553660093710256,-58.45754868664435,0,0,0
A,450.0,40.0,40.0,2.0,1.0,1.0,departamento,flores,-34.642455887963294,-58.45923310920487,0,1,0
A,616.0,57.0,57.0,3.0,2.0,1.0,departamento,flores,-34.62965289318869,-58.48168510681612,0,0,0
A,438.0,31.0,31.0,1.0,1.0,1.0,departamento,caballito,-34.607976402669586,-58.453720779360665,0,0,0
A,506.0,27.0,27.0,1.0,1.0,1.0,departamento,nunez,-34.542265815366044,-58.45148607180617,0,0,0
A,817.0,48.0,48.0,2.0,1.0,1.0,departamento,palermo,-34.556531641625014,-58.41381370122888,0,1,0
A,725.0,42.0,42.0,2.0,1.0,1.0,departamento,caballito,-34.61818723527661,-58.426645388963856,0,0,0
A,626.0,48.0,48.0,2.0,1.0,1.0,departamento,villa urquiza,-34.578328435121705,-58.50535268908133,1,0,0
A,503.0,37.0,37.0,1.0,1.0,1.0,departamento,nunez,-34.5627185857592,-58.47211241605558,0,0,0
A,866.0,49.0,49.0,2.0,1.0,1.0,departamento,caballito,-34.616751216620074,-58.43443943634732,0,0,0
A,393.0,39.0,39.0,2.0,1.0,1.0,departamento,boedo,-34.63714571272325,-58.40616795677797,0,0,0
A,389.0,30.0,30.0,1.0,1.0,1.0,departamento,almagro,-34.59748211611469,-58.4215958541014,0,0,0
A,394.0,23.0,23.0,1.0,1.0,1.0,departamento,nunez,-34.556038894134886,-58.48388493768867,0,0,0
A,998.0,49.0,49.0,2.0,1.0,1.0,departamento,villa urquiza,-34.560917068596105,-58.49502916112166,0,0,0
A,667.0,54.0,54.0,2.0,1.0,1.0,departamento,villa urquiza,-34.57213817629663,-58.47838210864354,0,0,0
A,549.0,44.0,44.0,2.0,1.0,1.0,departamento,almagro,-34.61345135059778,-58.40428672243065,0,0,0
A,740.0,43.0,43.0,2.0,1.0,1.0,departamento,villa urquiza,-34.589322228577245,-58.500140838219664,0,0,0
A,730.0,59.0,59.0,2.0,1.0,1.0,departamento,recoleta,-34.57453766194247,-58.39724014754776,0,0,0
A,506.0,43.0,43.0,2.0,1.0,1.0,ph,recoleta,-34.59464888472681,-58.39041443394724,0,0,0
A,337.0,28.0,28.0,1.0,1.0,1.0,departamento,villa urquiza,-34.57447911756048,-58.4774609226335,0,0,0
A,920.0,58.0,58.0,3.0,2.0,1.0,departamento,belgrano,-34.532700355238326,-58.46163095885608,0,0,0
A,859.0,48.0,48.0,3.0,2.0,1.0,departamento,nunez,-34.53653348625293,-58.45171425054953,0,0,0
A,310.0,20.0,20.0,2.0,1.0,1.0,departamento,colegiales,-34.579057698049176,-58.43422253810177,1,0,0
A,547.0,32.0,32.0,1.0,1.0,1.0,departamento,belgrano,-34.55719223805641,-58.45651009675383,0,0,0
A,674.0,61.0,61.0,3.0,2.0,1.0,departamento,caballito,-34.610148329599284,-58.44307710202954,0,1,0
A,988.0,85.0,85.0,4.0,3.0,2.0,departamento,san telmo,-34.62915417178691,-58.38481676617075,0,0,0
A,428.0,33.0,33.0,1.0,1.0,1.0,departamento,flores,-34.62920956602382,-58.460202450014286,0,0,0
A,267.0,25.0,25.0,1.0,1.0,1.0,departamento,palermo,-34.57607848541513,-58.43858263654239,0,0,0
A,526.0,38.0,38.0,2.0,1.0,1.0,departamento,caballito,-34.617960922550324,-58.4418681268247,0,0,0
A,391.0,47.0,47.0,2.0,1.0,1.0,departamento,san telmo,-34.61765209846302,-58.361658198361376,0,0,0
A,421.0,26.0,26.0,2.0,1.0,1.0,departamento,recoleta,-34.59455771217197,-58.402151475833385,0,0,0
A,640.0,35.0,35.0,2.0,1.0,1.0,ph,palermo,-34.60826744761576,-58.42617420924258,0,1,0
A,575.0,46.0,46.0,2.0,1.0,1.0,departamento,flores,-34.63246229458734,-58.47274153946016,0,0,0
A,502.0,49.0,49.0,3.0,2.0,2.0,departamento,flores,-34.608732562009216,-58.48896888630469,0,0,0
A,414.0,27.0,27.0,1.0,1.0,1.0,departamento,palermo,-34.58367209512685,-58.42930343939236,0,0,0
A,842.0,56.0,56.0,2.0,1.0,1.0,departamento,san telmo,-34.606658981324394,-58.380222402763465,0,0,0
A,660.0,46.0,46.0,2.0,1.0,1.0,departamento,belgrano,-34.569647380092746,-58.45717470112053,0,0,0
A,313.0,28.0,28.0,1.0,1.0,1.0,departamento,san telmo,-34.61987771804274,-58.373952444418826,0,0,0
A,564.0,57.0,57.0,2.0,1.0,1.0,departamento,caballito,-34.61211999110304,-58.43658307673705,0,0,0
A,819.0,59.0,59.0,2.0,1.0,1.0,ph,nunez,-34.528171861771035,-58.46187262784673,0,1,0
A,411.0,28.0,28.0,1.0,1.0,1.0,departamento,palermo,-34.58099327893114,-58.42237601252889,0,0,0
A,988.0,85.0,85.0,4.0,3.0,2.0,departamento,san telmo,-34.62915417178691,-58.38481676617075,0,0,0
A,393.0,20.0,20.0,1.0,1.0,1.0,departamento,recoleta,-34.58930488435629,-58.38811334964517,0,0,0
A,634.0,38.0,38.0,2.0,1.0,1.0,departamento,san telmo,-34.64155761434909,-58.35575353151002,0,0,0
A,448.0,50.0,50.0,3.0,2.0,1.0,departamento,recoleta,-34.57233514342582,-58.4045347183174,0,0,0
A,645.0,59.0,59.0,2.0,1.0,1.0,departamento,villa crespo,-34.60211841651768,-58.431302897640144,0,1,0
A,916.0,43.0,43.0,1.0,1.0,1.0,departamento,palermo,-34.570466010395286,-58.4299489658186,0,0,0
A,734.0,59.0,59.0,3.0,2.0,1.0,departamento,nunez,-34.506408633082664,-58.45713920525165,0,0,0
A,556.0,30.0,30.0,1.0,1.0,1.0,departamento,villa urquiza,-34.58894860851736,-58.486340790668,0,1,0
A,732.0,57.0,57.0,2.0,1.0,1.0,departamento,villa crespo,-34.60488991775897,-58.41959798990824,0,0,0
A,769.0,44.0,44.0,2.0,1.0,1.0,departamento,belgrano,-34.55964701358476,-58.44674268769235,0,0,0
A,730.0,49.0,49.0,2.0,1.0,1.0,departamento,belgrano,-34.55152645673111,-58.471605830325046,0,0,0
A,669.0,35.0,35.0,2.0,1.0,1.0,departamento,colegiales,-34.58140983573296,-58.44938137339081,0,0,0
A,305.0,25.0,25.0,1.0,1.0,1.0,departamento,san telmo,-34.609506500626324,-58.3695087597832,0,0,0
A,346.0,24.0,24.0,1.0,1.0,1.0,departamento,palermo,-34.568312804004826,-58.43940784366049,0,0,0
A,849.0,60.0,60.0,2.0,1.0,1.0,ph,belgrano,-34.55916163275503,-58.44602326181428,0,0,0
A,832.0,65.0,65.0,3.0,2.0,2.0,departamento,san telmo,-34.63320294882014,-58.373997693065895,0,0,0
A,733.0,60.0,60.0,3.0,2.0,2.0,casa,flores,-34.61867808601929,-58.45704987301047,0,0,0
A,873.0,39.0,39.0,3.0,2.0,2.0,departamento,palermo,-34.5544125378912,-58.41963677622112,0,0,0
A,688.0,67.0,67.0,3.0,2.0,1.0,departamento,flores,-34.6116566880424,-58.483974136894446,0,0,0
A,443.0,42.0,42.0,2.0,1.0,1.0,departamento,villa crespo,-34.601196034555485,-58.44631931348708,0,0,0
A,440.0,32.0,32.0,2.0,1.0,1.0,departamento,san telmo,-34.60115548374153,-58.38014257197232,0,0,0
A,629.0,36.0,36.0,2.0,1.0,1.0,departamento,nunez,-34.55527747982695,-58.47457335524477,0,0,0
A,303.0,33.0,33.0,1.0,1.0,1.0,departamento,nunez,-34.55630116362969,-58.46937347627359,0,0,0
A,669.0,35.0,35.0,2.0,1.0,1.0,departamento,colegiales,-34.58140983573296,-58.44938137339081,0,0,0
A,617.0,42.0,42.0,2.0,1.0,1.0,departamento,villa crespo,-34.59260071676659,-58.44582168853689,0,0,0
A,342.0,20.0,20.0,1.0,1.0,1.0,departamento,nunez,-34.53027596911647,-58.45590209671396,0,0,0
A,436.0,32.0,32.0,1.0,1.0,1.0,departamento,caballito,-34.62610980738277,-58.457293166335575,0,0,0
A,504.0,36.0,36.0,2.0,1.0,1.0,departamento,villa crespo,-34.601228267420815,-58.442032947560165,0,0,0
A,571.0,51.0,51.0,3.0,2.0,2.0,departamento,san telmo,-34.62768598111022,-58.35854393031206,0,0,0
A,562.0,40.0,40.0,1.0,1.0,1.0,departamento,caballito,-34.61579539680957,-58.42932443045252,0,0,0
A,703.0,37.0,37.0,2.0,1.0,1.0,departamento,almagro,-34.603465535657286,-58.42086099998336,0,0,0
A,279.0,31.0,31.0,1.0,1.0,1.0,departamento,flores,-34.64325852886552,-58.46808323613545,0,0,0
A,715.0,56.0,56.0,2.0,1.0,1.0,ph,nunez,-34.53863545569795,-58.45673024212287,0,1,0
A,388.0,35.0,35.0,2.0,1.0,1.0,departamento,boedo,-34.643974795442695,-58.43603446447724,0,0,0
A,675.0,50.0,50.0,2.0,1.0,1.0,departamento,villa crespo,-34.61180279115408,-58.45587354608075,1,1,0
A,290.0,20.0,20.0,1.0,1.0,1.0,departamento,almagro,-34.61740312954903,-58.458843924317165,0,1,0
A,525.0,35.0,35.0,2.0,1.0,1.0,departamento,colegiales,-34.58344314332701,-58.443031372888406,0,0,0
A,450.0,23.0,23.0,1.0,1.0,1.0,departamento,palermo,-34.565641408414066,-58.40728368094127,0,0,0
A,690.0,55.0,55.0,2.0,1.0,1.0,departamento,flores,-34.610987280388606,-58.46051585621749,0,0,0
A,728.0,71.0,71.0,3.0,2.0,2.0,departamento,villa urquiza,-34.59823798433297,-58.503504628537264,0,0,0
A,525.0,45.0,45.0,2.0,1.0,1.0,departamento,san telmo,-34.60653321370763,-58.3774452930456,0,1,0
A,997.0,76.0,76.0,3.0,2.0,1.0,casa,villa urquiza,-34.573957008778,-58.4893359643403,0,0,0
A,936.0,83.0,83.0,3.0,2.0,2.0,ph,san telmo,-34.62248054692412,-58.361588078307335,0,0,0
A,700.0,50.0,50.0,2.0,1.0,1.0,ph,colegiales,-34.582690398643514,-58.4524965859866,0,0,0
A,756.0,43.0,43.0,2.0,1.0,1.0,ph,recoleta,-34.58443897837958,-58.3908964618393,1,0,0
A,561.0,36.0,36.0,1.0,1.0,1.0,departamento,villa urquiza,-34.59102085192985,-58.50201863767514,0,0,0
A,575.0,35.0,35.0,2.0,1.0,1.0,ph,belgrano,-34.570311000576794,-58.45480485940296,0,0,0
A,573.0,38.0,38.0,2.0,1.0,1.0,departamento,villa crespo,-34.609558241319526,-58.43449067690566,0,0,0
A,697.0,34.0,34.0,1.0,1.0,1.0,departamento,belgrano,-34.566754037676624,-58.4456289679396,0,0,0
A,742.0,41.0,41.0,2.0,1.0,1.0,departamento,belgrano,-34.57718881001883,-58.45632270742458,0,0,0
A,765.0,39.0,39.0,1.0,1.0,1.0,departamento,palermo,-34.59224434838278,-58.40835418893032,0,0,0
A,593.0,56.0,56.0,3.0,2.0,2.0,ph,almagro,-34.60867947129311,-58.43100054994903,0,0,0
A,946.0,73.0,73.0,3.0,2.0,1.0,ph,boedo,-34.65806224254313,-58.41351127201344,0,0,0
A,255.0,26.0,26.0,1.0,1.0,1.0,departamento,villa urquiza,-34.57159850221198,-58.47802301719058,0,0,0
A,439.0,44.0,44.0,2.0,1.0,1.0,departamento,flores,-34.63073711878396,-58.47423222019479,0,0,0
A,615.0,33.0,33.0,1.0,1.0,1.0,departamento,nunez,-34.53970512213396,-58.46513583449542,0,0,0
A,662.0,66.0,66.0,3.0,2.0,1.0,casa,boedo,-34.62450427452457,-58.412057550054655,0,0,0
A,285.0,26.0,26.0,1.0,1.0,1.0,departamento,almagro,-34.61225130973573,-58.43220273417085,0,1,0
A,347.0,31.0,31.0,2.0,1.0,1.0,departamento,flores,-34.63077529118435,-58.464389776199305,0,0,0
A,433.0,29.0,29.0,3.0,2.0,2.0,departamento,san telmo,-34.61614302993622,-58.38193471440839,0,0,0
A,756.0,47.0,47.0,2.0,1.0,1.0,departamento,san telmo,-34.603711087666255,-58.36880416781781,1,0,0
A,904.0,57.0,57.0,3.0,2.0,2.0,departamento,villa urquiza,-34.58011832540352,-58.48258489508429,0,0,0
A,285.0,20.0,20.0,1.0,1.0,1.0,departamento,almagro,-34.62037402333409,-58.43700691469602,0,0,0
A,967.0,47.0,47.0,1.0,1.0,1.0,departamento,colegiales,-34.57186650473874,-58.45766824265996,0,0,0
A,475.0,34.0,34.0,1.0,1.0,1.0,departamento,colegiales,-34.555944116254366,-58.45467841933428,0,0,0
A,635.0,53.0,53.0,3.0,2.0,1.0,departamento,villa urquiza,-34.58667013564921,-58.49877165102232,0,0,0
A,441.0,39.0,39.0,2.0,1.0,1.0,departamento,caballito,-34.61799183742254,-58.45278313805112,0,1,0
A,666.0,43.0,43.0,2.0,1.0,1.0,departamento,colegiales,-34.56826955189604,-58.46939489767078,0,0,0
A,727.0,47.0,47.0,2.0,1.0,1.0,departamento,colegiales,-34.5815726886319,-58.441789037262105,0,0,0
A,577.0,36.0,36.0,1.0,1.0,1.0,departamento,recoleta,-34.581677224916014,-58.39729046663464,0,0,0
A,689.0,39.0,39.0,3.0,2.0,2.0,departamento,belgrano,-34.56587617934798,-58.462261315848615,0,0,0
A,504.0,38.0,38.0,2.0,1.0,1.0,ph,caballito,-34.60752942469183,-58.43878945122464,0,0,0
A,933.0,117.0,117.0,5.0,4.0,3.0,departamento,san telmo,-34.59627008123317,-58.37834829580766,0,0,0
A,725.0,36.0,36.0,1.0,1.0,1.0,departamento,colegiales,-34.590960007596834,-58.453309837983504,0,0,0
A,521.0,44.0,44.0,2.0,1.0,1.0,departamento,almagro,-34.60438114868364,-58.42256972646508,0,0,0
A,267.0,25.0,25.0,1.0,1.0,1.0,departamento,palermo,-34.57607848541513,-58.43858263654239,0,0,0
A,505.0,34.0,34.0,1.0,1.0,1.0,departamento,belgrano,-34.56674896276598,-58.46543131403144,0,0,0
A,296.0,26.0,26.0,1.0,1.0,1.0,departamento,caballito,-34.63252068343987,-58.4492872250267,0,0,0
A,583.0,61.0,61.0,3.0,2.0,2.0,departamento,almagro,-34.60396087728169,-58.42041598683685,0,0,0
A,723.0,53.0,53.0,2.0,1.0,1.0,ph,villa urquiza,-34.58911334284525,-58.49765914572573,0,0,0
A,411.0,31.0,31.0,2.0,1.0,1.0,departamento,villa crespo,-34.60414570330445,-58.44730442814109,0,0,0
A,439.0,60.0,60.0,3.0,2.0,2.0,departamento,boedo,-34.642364334141426,-58.413653218020166,0,0,0
A,403.0,25.0,25.0,2.0,1.0,1.0,departamento,boedo,-34.62798971198905,-58.40377360584286,0,0,0
A,396.0,20.0,20.0,1.0,1.0,1.0,departamento,villa urquiza,-34.59239601894324,-58.49847401672301,0,0,0
A,662.0,51.0,51.0,3.0,1.0,2.0,departamento,nunez,-34.5511886048392,-58.45942421316347,1,0,0
A,576.0,44.0,44.0,2.0,1.0,1.0,departamento,caballito,-34.610090669136234,-58.43087870363022,0,0,0
A,806.0,62.0,62.0,2.0,1.0,1.0,departamento,villa crespo,-34.58589315229356,-58.43991558374069,0,0,0
A,469.0,42.0,42.0,2.0,1.0,1.0,departamento,recoleta,-34.596602491248554,-58.39947011398241,0,0,0
A,427.0,30.0,30.0,2.0,1.0,1.0,departamento,belgrano,-34.54060986537258,-58.47743930557997,0,1,0
A,791.0,55.0,55.0,3.0,2.0,1.0,departamento,nunez,-34.56762789537913,-58.45689144633591,0,0,0
A,316.0,37.0,37.0,2.0,1.0,1.0,departamento,flores,-34.62270893948701,-58.49470651476225,0,0,0
A,831.0,55.0,55.0,3.0,2.0,1.0,departamento,belgrano,-34.556397988974766,-58.47648110718762,0,0,0
A,756.0,77.0,77.0,3.0,2.0,1.0,ph,villa crespo,-34.58208976379506,-58.44769081498217,0,0,0
A,535.0,35.0,35.0,2.0,1.0,1.0,ph,belgrano,-34.59216146850873,-58.462389368943626,0,1,0
A,436.0,40.0,40.0,2.0,1.0,1.0,departamento,flores,-34.629786593552254,-58.46505785842644,0,0,0
A,805.0,56.0,56.0,2.0,1.0,1.0,departamento,almagro,-34.62800435530765,-58.40401478632706,0,0,0
A,863.0,55.0,55.0,2.0,1.0,1.0,ph,almagro,-34.61255914332816,-58.40160512241506,0,0,0
A,318.0,20.0,20.0,1.0,1.0,1.0,departamento,san telmo,-34.618627115973005,-58.379432674137256,1,0,0
A,628.0,32.0,32.0,1.0,1.0,1.0,departamento,villa crespo,-34.59414029389475,-58.42708314190048,0,0,0
A,418.0,26.0,26.0,1.0,1.0,1.0,departamento,nunez,-34.548776715690465,-58.45341271525522,0,0,0
A,797.0,65.0,65.0,2.0,1.0,1.0,departamento,villa crespo,-34.58066953370226,-58.43399898494212,0,0,0
A,626.0,36.0,36.0,2.0,1.0,1.0,departamento,colegiales,-34.58191445446715,-58.44601031882702,0,0,0
A,735.0,50.0,50.0,2.0,1.0,1.0,departamento,caballito,-34.610617591180215,-58.4405593955839,0,0,0
A,478.0,43.0,43.0,2.0,1.0,1.0,ph,flores,-34.63988582959097,-58.48356520951593,1,1,0
A,630.0,61.0,61.0,3.0,2.0,1.0,ph,flores,-34.63537187772916,-58.4725174679068,0,0,0
A,858.0,47.0,47.0,2.0,1.0,1.0,ph,villa urquiza,-34.566166788059554,-58.47170516363678,0,0,0
A,956.0,43.0,43.0,2.0,1.0,1.0,departamento,nunez,-34.53319760903713,-58.47210713704095,0,0,0
A,703.0,64.0,64.0,3.0,2.0,1.0,departamento,san telmo,-34.623173585079755,-58.37107800669992,0,0,0
A,369.0,32.0,32.0,1.0,1.0,1.0,departamento,caballito,-34.63644323923824,-58.424732151541065,0,0,0
A,546.0,42.0,42.0,2.0,1.0,1.0,departamento,villa crespo,-34.5917308944294,-58.42899925843472,0,0,0
A,635.0,32.0,32.0,1.0,1.0,1.0,departamento,nunez,-34.538587833438555,-58.484220985107655,0,0,0
A,601.0,35.0,35.0,2.0,1.0,1.0,departamento,recoleta,-34.581755178847175,-58.39312111501204,0,0,0
A,740.0,39.0,39.0,2.0,1.0,1.0,departamento,recoleta,-34.59694568190475,-58.40632620846509,0,0,0
A,539.0,40.0,40.0,2.0,1.0,1.0,departamento,flores,-34.62060293474222,-58.45889840103944,0,0,0
A,822.0,48.0,48.0,3.0,2.0,2.0,departamento,caballito,-34.61715199946301,-58.4375834173441,0,0,0
A,622.0,36.0,36.0,2.0,1.0,1.0,departamento,villa urquiza,-34.597140644290135,-58.48060576874266,0,0,0
A,993.0,46.0,46.0,2.0,1.0,1.0,departamento,recoleta,-34.551077675557835,-58.37867860919784,0,1,0
A,741.0,79.0,79.0,4.0,3.0,2.0,departamento,boedo,-34.61698928227457,-58.42909315550274,0,0,0
A,443.0,43.0,43.0,1.0,1.0,1.0,departamento,san telmo,-34.62107393407484,-58.39131345187754,0,0,0
A,535.0,35.0,35.0,2.0,1.0,1.0,departamento,villa crespo,-34.60107641854436,-58.446257916281205,0,0,0
A,623.0,34.0,34.0,2.0,1.0,1.0,departamento,almagro,-34.5999829840841,-58.409034740543376,0,0,0
A,774.0,52.0,52.0,3.0,2.0,1.0,departamento,recoleta,-34.58786755195707,-58.40483013975496,0,0,0
A,330.0,37.0,37.0,2.0,1.0,1.0,departamento,villa crespo,-34.60553631824786,-58.42931415981111,0,0,0
A,654.0,49.0,49.0,2.0,1.0,1.0,departamento,almagro,-34.58482947301943,-58.41577553067991,0,0,0
A,965.0,53.0,53.0,2.0,1.0,1.0,departamento,nunez,-34.5449548031579,-58.46029194840844,0,0,0
A,269.0,30.0,30.0,1.0,1.0,1.0,departamento,flores,-34.62400411904266,-58.46435561204501,0,0,0
A,418.0,26.0,26.0,1.0,1.0,1.0,departamento,nunez,-34.548776715690465,-58.45341271525522,0,0,0
A,293.0,29.0,29.0,1.0,1.0,1.0,departamento,caballito,-34.62118103808231,-58.45806153453412,1,0,0
A,846.0,51.0,51.0,3.0,2.0,1.0,departamento,nunez,-34.52371211492456,-58.47008983054437,0,0,0
A,986.0,57.0,57.0,3.0,1.0,1.0,departamento,belgrano,-34.56028148698883,-58.44242500193207,1,0,0
A,484.0,38.0,38.0,2.0,1.0,1.0,departamento,villa crespo,-34.610477383070815,-58.44267359110477,0,0,0
A,251.0,24.0,24.0,1.0,1.0,1.0,departamento,palermo,-34.584279988278915,-58.43363978085258,0,0,0
A,342.0,29.0,29.0,1.0,1.0,1.0,departamento,boedo,-34.62562452215961,-58.41519745376112,1,0,0
A,805.0,62.0,62.0,3.0,2.0,2.0,departamento,nunez,-34.543095800116575,-58.46775300759296,0,0,0
A,670.0,63.0,63.0,2.0,1.0,1.0,ph,caballito,-34.60928398696704,-58.4302906117845,0,0,0
A,498.0,40.0,40.0,2.0,1.0,1.0,departamento,san telmo,-34.61833600486445,-58.37721026146858,0,0,0
A,611.0,51.0,51.0,1.0,1.0,1.0,departamento,caballito,-34.618521119665765,-58.45371348833996,0,0,0
A,909.0,70.0,70.0,3.0,2.0,1.0,departamento,nunez,-34.537720001838125,-58.43359453119042,0,0,0
A,487.0,38.0,38.0,2.0,1.0,1.0,departamento,nunez,-34.54742529007417,-58.46994347519132,0,0,0
A,538.0,64.0,64.0,2.0,1.0,1.0,ph,flores,-34.62437646919794,-58.4705688902732,0,0,0
A,786.0,44.0,44.0,2.0,1.0,1.0,departamento,colegiales,-34.57055439975052,-58.43157821535991,0,0,0
A,748.0,74.0,74.0,4.0,3.0,3.0,departamento,almagro,-34.601567159940686,-58.41740127343434,0,0,0
A,497.0,35.0,35.0,2.0,1.0,1.0,departamento,flores,-34.63157539237776,-58.45856133717261,0,0,0
A,630.0,61.0,61.0,3.0,2.0,1.0,ph,flores,-34.63537187772916,-58.4725174679068,0,0,0
A,583.0,45.0,45.0,2.0,1.0,1.0,departamento,flores,-34.636937083462875,-58.46796451276009,0,0,0
A,807.0,76.0,76.0,3.0,2.0,1.0,departamento,caballito,-34.61310673804235,-58.423693145586455,0,0,0
A,946.0,48.0,48.0,3.0,2.0,2.0,departamento,belgrano,-34.55116861940022,-58.44010600314864,0,0,0
A,956.0,86.0,86.0,3.0,2.0,1.0,departamento,colegiales,-34.58209276830403,-58.46349341523136,0,0,0
A,421.0,47.0,47.0,2.0,1.0,1.0,departamento,boedo,-34.644572689545605,-58.4061680948348,0,0,0
A,553.0,44.0,44.0,1.0,1.0,1.0,departamento,villa urquiza,-34.569044233213695,-58.490515455389165,0,0,0
A,695.0,36.0,36.0,1.0,1.0,1.0,departamento,belgrano,-34.5653372956944,-58.465944638666286,0,0,0
A,429.0,36.0,36.0,1.0,1.0,1.0,departamento,caballito,-34.59872632383062,-58.428945703214815,0,0,0
A,601.0,35.0,35.0,2.0,1.0,1.0,departamento,recoleta,-34.581755178847175,-58.39312111501204,0,0,0
A,943.0,56.0,56.0,2.0,1.0,1.0,ph,villa crespo,-34.60700824305812,-58.4415910270706,0,0,0
A,474.0,24.0,24.0,2.0,1.0,1.0,departamento,colegiales,-34.57447419850678,-58.4619212031896,0,0,0
A,701.0,38.0,38.0,2.0,1.0,1.0,departamento,nunez,-34.557433722863706,-58.45271915094236,0,0,0
A,478.0,43.0,43.0,2.0,1.0,1.0,ph,flores,-34.63988582959097,-58.48356520951593,0,0,0
A,337.0,30.0,30.0,1.0,1.0,1.0,departamento,caballito,-34.61584779850464,-58.4461287801842,1,0,0
A,823.0,97.0,97.0,5.0,4.0,3.0,departamento,boedo,-34.620689483541895,-58.40586160066123,0,0,0
A,745.0,49.0,49.0,2.0,1.0,1.0,departamento,caballito,-34.61005775741727,-58.42220089338172,0,0,0
A,465.0,26.0,26.0,1.0,1.0,1.0,departamento,recoleta,-34.577298250819666,-58.40473724499319,0,0,0
A,312.0,21.0,21.0,1.0,1.0,1.0,departamento,colegiales,-34.566034814336206,-58.45690214745998,1,0,0
A,793.0,55.0,55.0,3.0,2.0,2.0,departamento,belgrano,-34.57675313722959,-58.45802422856573,0,0,0
A,712.0,46.0,46.0,2.0,1.0,1.0,departamento,recoleta,-34.583803026217026,-58.42464795939456,1,0,0
A,513.0,38.0,38.0,2.0,1.0,1.0,departamento,villa urquiza,-34.58079813194278,-58.50044220126425,0,1,0
A,486.0,40.0,40.0,2.0,1.0,1.0,departamento,flores,-34.61602454813429,-58.46883977720786,0,0,0
A,638.0,54.0,54.0,2.0,1.0,1.0,departamento,san telmo,-34.61565896234376,-58.37620022145509,0,0,0
A,693.0,37.0,37.0,2.0,1.0,1.0,ph,colegiales,-34.55304673615859,-58.44635629839513,0,0,0
A,730.0,49.0,49.0,2.0,1.0,1.0,departamento,belgrano,-34.55152645673111,-58.471605830325046,0,0,0
A,634.0,38.0,38.0,2.0,1.0,1.0,departamento,san telmo,-34.64155761434909,-58.35575353151002,0,0,0
A,633.0,40.0,40.0,2.0,1.0,1.0,departamento,colegiales,-34.55832852818242,-58.459959173441135,0,0,0
A,226.0,20.0,20.0,1.0,1.0,1.0,departamento,colegiales,-34.578365576133415,-58.43026337906004,0,0,0
A,773.0,50.0,50.0,2.0,1.0,1.0,ph,palermo,-34.58139162262384,-58.424094023892,0,1,0
A,885.0,56.0,56.0,1.0,1.0,1.0,departamento,recoleta,-34.61000148089815,-58.40034258961499,1,0,0
A,800.0,35.0,35.0,2.0,1.0,1.0,departamento,recoleta,-34.57625731245355,-58.426353157055786,0,0,0
A,431.0,34.0,34.0,1.0,1.0,1.0,departamento,villa urquiza,-34.55826971764389,-58.486009770749504,0,0,0
A,321.0,28.0,28.0,1.0,1.0,1.0,departamento,san telmo,-34.62124519875256,-58.38251490627931,0,0,0
A,974.0,43.0,43.0,2.0,1.0,1.0,departamento,belgrano,-34.57846080160251,-58.45557640628859,0,0,0
A,316.0,24.0,24.0,1.0,1.0,1.0,departamento,villa crespo,-34.5965773536685,-58.42551967936165,0,1,0
A,446.0,42.0,42.0,2.0,1.0,1.0,departamento,san telmo,-34.621602455404506,-58.34055048290764,0,1,0
A,670.0,49.0,49.0,3.0,2.0,1.0,departamento,almagro,-34.61524063683249,-58.42079359137552,0,0,0
A,331.0,24.0,24.0,1.0,1.0,1.0,departamento,villa urquiza,-34.59132306139295,-58.50828769915573,0,0,0
A,930.0,30.0,30.0,1.0,1.0,1.0,departamento,belgrano,-34.5766290101743,-58.47041446357018,0,0,0
A,747.0,71.0,71.0,3.0,1.0,1.0,departamento,boedo,-34.6257366518963,-58.41617993112623,1,0,0
A,593.0,37.0,37.0,2.0,1.0,1.0,ph,caballito,-34.60173166174728,-58.43449531749107,0,0,0
A,358.0,35.0,35.0,2.0,1.0,1.0,departamento,boedo,-34.6622753049601,-58.4174738809652,0,0,0
A,226.0,20.0,20.0,1.0,1.0,1.0,departamento,caballito,-34.617984919204545,-58.458837565642135,0,0,0
A,393.0,26.0,26.0,2.0,1.0,1.0,departamento,recoleta,-34.585861728735736,-58.38495440304098,0,0,0
A,679.0,44.0,44.0,2.0,1.0,1.0,departamento,colegiales,-34.57601969880754,-58.43528313827356,0,0,0
A,488.0,30.0,30.0,1.0,1.0,1.0,departamento,palermo,-34.564566896990584,-58.42356018739394,0,0,0
A,914.0,58.0,58.0,3.0,2.0,2.0,departamento,villa crespo,-34.59141688305245,-58.44769078977673,0,0,0
A,539.0,35.0,35.0,2.0,1.0,1.0,departamento,villa crespo,-34.60722300657044,-58.42331281817838,0,0,0
A,617.0,52.0,52.0,2.0,1.0,1.0,departamento,boedo,-34.61403093839303,-58.40667804277383,0,0,0
A,499.0,35.0,35.0,1.0,1.0,1.0,departamento,villa urquiza,-34.55458271860343,-58.47879899322513,0,0,0
A,574.0,43.0,43.0,2.0,1.0,1.0,departamento,boedo,-34.617770376278806,-58.42875020317361,0,1,0
A,816.0,69.0,69.0,4.0,1.0,2.0,departamento,almagro,-34.599632308659054,-58.44910579478263,1,0,0
A,385.0,34.0,34.0,1.0,1.0,1.0,departamento,villa urquiza,-34.57195779359584,-58.51899253064238,0,0,0
A,799.0,52.0,52.0,2.0,1.0,1.0,departamento,belgrano,-34.56117469761111,-58.4526138391094,0,0,0
A,803.0,52.0,52.0,3.0,2.0,2.0,departamento,villa urquiza,-34.57497473399783,-58.484721324067365,0,0,0
A,437.0,47.0,47.0,2.0,1.0,1.0,departamento,villa urquiza,-34.57429241410995,-58.46084953865709,0,0,0
A,908.0,66.0,66.0,3.0,2.0,2.0,departamento,flores,-34.622847791436065,-58.450068567711085,0,0,0
A,619.0,62.0,62.0,3.0,2.0,1.0,departamento,boedo,-34.641392770112866,-58.41194575427505,0,0,0
A,897.0,71.0,71.0,3.0,2.0,1.0,departamento,flores,-34.6356594659674,-58.45420134578921,0,1,0
A,654.0,36.0,36.0,2.0,1.0,1.0,departamento,palermo,-34.552265391148254,-58.41305178563422,0,0,0
A,535.0,35.0,35.0,2.0,1.0,1.0,ph,belgrano,-34.59216146850873,-58.462389368943626,0,0,0
A,594.0,29.0,29.0,2.0,1.0,1.0,departamento,caballito,-34.61913992427066,-58.41868695263544,0,0,0
A,909.0,59.0,59.0,2.0,1.0,1.0,departamento,caballito,-34.60505986122412,-58.43953429199454,0,0,0
A,565.0,45.0,45.0,2.0,1.0,1.0,departamento,san telmo,-34.61703307443954,-58.37563207832788,0,0,0
A,626.0,48.0,48.0,2.0,1.0,1.0,departamento,villa urquiza,-34.578328435121705,-58.50535268908133,0,1,0
A,513.0,44.0,44.0,3.0,2.0,1.0,departamento,villa urquiza,-34.53631492507877,-58.48879502378381,0,0,0
A,634.0,47.0,47.0,2.0,1.0,1.0,departamento,caballito,-34.62344280313371,-58.45262501120681,0,0,0
A,363.0,36.0,36.0,2.0,1.0,1.0,departamento,flores,-34.61635058534868,-58.470146986166185,0,0,0
A,499.0,38.0,38.0,2.0,1.0,1.0,ph,almagro,-34.59339891105733,-58.4143216410013,0,0,0
A,717.0,64.0,64.0,4.0,3.0,2.0,departamento,villa urquiza,-34.575420099486486,-58.47960085536663,0,0,0
A,449.0,33.0,33.0,1.0,1.0,1.0,departamento,villa urquiza,-34.56080376535952,-58.481487956902576,0,0,0
A,953.0,60.0,60.0,3.0,2.0,2.0,casa,villa crespo,-34.5966599990779,-58.43111247018853,0,0,0
A,874.0,55.0,55.0,2.0,1.0,1.0,departamento,nunez,-34.53218264053797,-58.45205840064308,0,1,0
A,555.0,65.0,65.0,2.0,1.0,1.0,ph,flores,-34.61407007855146,-58.46961241441574,0,0,0
A,385.0,31.0,31.0,1.0,1.0,1.0,departamento,belgrano,-34.56553974665995,-58.456832563162685,0,0,0
A,620.0,38.0,38.0,2.0,1.0,1.0,ph,colegiales,-34.58113397266912,-58.4653557741802,0,0,0
A,660.0,83.0,83.0,3.0,2.0,1.0,departamento,flores,-34.630412193629965,-58.46307902593324,0,0,0
A,438.0,45.0,45.0,1.0,1.0,1.0,departamento,boedo,-34.636034042719125,-58.41349238293499,0,0,0
A,470.0,20.0,20.0,1.0,1.0,1.0,departamento,nunez,-34.55338716200423,-58.46697438720167,0,0,0
A,315.0,38.0,38.0,1.0,1.0,1.0,departamento,almagro,-34.611890026043085,-58.40192501652449,0,0,0
A,410.0,27.0,27.0,1.0,1.0,1.0,departamento,recoleta,-34.58294183623412,-58.40098125577408,0,0,0
A,839.0,57.0,57.0,2.0,1.0,1.0,ph,colegiales,-34.58416452182295,-58.45063328576123,0,0,0
A,694.0,44.0,44.0,3.0,2.0,1.0,departamento,colegiales,-34.57760533925277,-58.45359583330798,0,0,0
A,316.0,20.0,20.0,1.0,1.0,1.0,departamento,almagro,-34.612210726668415,-58.41977064332476,0,0,0
A,797.0,46.0,46.0,2.0,1.0,1.0,departamento,villa crespo,-34.58453670929843,-58.418919270773806,0,0,0
A,525.0,47.0,47.0,2.0,1.0,1.0,departamento,almagro,-34.60649835100352,-58.43145461954595,0,0,0
A,448.0,27.0,27.0,1.0,1.0,1.0,departamento,villa crespo,-34.595048228657376,-58.44649856054444,0,0,0
A,815.0,42.0,42.0,2.0,1.0,1.0,departamento,villa crespo,-34.59339144516328,-58.44194871999933,0,0,0
A,914.0,69.0,69.0,4.0,3.0,2.0,departamento,almagro,-34.62713367834901,-58.41457126620052,0,0,0
A,729.0,34.0,34.0,1.0,1.0,1.0,departamento,recoleta,-34.58125879964493,-58.406548588615856,0,1,0
A,359.0,32.0,32.0,2.0,1.0,1.0,departamento,almagro,-34.60510369509424,-58.40735327026327,0,0,0
A,760.0,46.0,46.0,2.0,1.0,1.0,departamento,belgrano,-34.55859256080887,-58.46164286322144,0,0,0
A,927.0,65.0,65.0,2.0,1.0,1.0,ph,villa urquiza,-34.577418760146195,-58.49131316240314,0,0,0
A,501.0,34.0,34.0,2.0,1.0,1.0,departamento,recoleta,-34.59333151912092,-58.39047239408347,0,0,0
A,411.0,31.0,31.0,2.0,1.0,1.0,departamento,villa crespo,-34.60414570330445,-58.44730442814109,0,0,0
A,829.0,36.0,36.0,2.0,1.0,1.0,departamento,colegiales,-34.57051237257248,-58.452656502795534,0,0,0
A,324.0,49.0,49.0,2.0,1.0,1.0,departamento,boedo,-34.626717164759775,-58.40858067896421,0,0,0
A,332.0,31.0,31.0,2.0,1.0,1.0,departamento,flores,-34.62178730480543,-58.44463471334471,0,0,0
A,572.0,52.0,52.0,2.0,1.0,1.0,departamento,flores,-34.6327844213898,-58.46307150860687,1,0,0
A,864.0,32.0,32.0,1.0,1.0,1.0,departamento,recoleta,-34.58032479086077,-58.40379368482628,0,0,0
A,995.0,91.0,91.0,3.0,2.0,1.0,ph,nunez,-34.536216524670124,-58.45881217960047,0,0,0
A,864.0,65.0,65.0,3.0,2.0,1.0,departamento,nunez,-34.562249847546084,-58.4470641129418,0,0,0
A,603.0,72.0,72.0,3.0,2.0,2.0,departamento,flores,-34.60449300051101,-58.46991138040327,0,0,0
A,436.0,47.0,47.0,2.0,1.0,1.0,departamento,boedo,-34.63301898698336,-58.41819638494431,1,0,0
A,529.0,33.0,33.0,1.0,1.0,1.0,departamento,boedo,-34.630791697240184,-58.41929648336436,0,0,0
A,597.0,30.0,30.0,1.0,1.0,1.0,departamento,palermo,-34.566017061148706,-58.39781821756485,0,0,0
A,842.0,64.0,64.0,3.0,2.0,2.0,ph,boedo,-34.6175311310389,-58.40937176887984,0,0,0
A,837.0,41.0,41.0,1.0,1.0,1.0,departamento,nunez,-34.54947247509725,-58.4625194219922,0,0,0
A,799.0,67.0,67.0,3.0,2.0,1.0,departamento,nunez,-34.558797222544285,-58.45372521984263,0,0,0
A,843.0,49.0,49.0,2.0,1.0,1.0,ph,belgrano,-34.555077386338375,-58.46391972459547,0,0,0
A,571.0,38.0,38.0,1.0,1.0,1.0,departamento,villa crespo,-34.60721390076735,-58.43251210862696,1,0,0
A,712.0,46.0,46.0,2.0,1.0,1.0,departamento,recoleta,-34.583803026217026,-58.42464795939456,0,0,0
A,609.0,47.0,47.0,1.0,1.0,1.0,departamento,flores,-34.61717274320068,-58.46999846916493,0,0,0
A,555.0,54.0,54.0,1.0,1.0,1.0,departamento,flores,-34.63869182530344,-58.45611833005788,0,0,0
A,756.0,47.0,47.0,2.0,1.0,1.0,departamento,san telmo,-34.603711087666255,-58.36880416781781,0,0,0
A,497.0,40.0,40.0,1.0,1.0,1.0,departamento,belgrano,-34.58763427045565,-58.4696754653261,0,0,0
A,889.0,85.0,85.0,4.0,3.0,2.0,departamento,villa urquiza,-34.57300023851821,-58.473630612363664,0,0,0
A,479.0,40.0,40.0,2.0,1.0,1.0,departamento,villa crespo,-34.60111729100823,-58.4367998740079,0,0,0
A,931.0,49.0,49.0,2.0,1.0,1.0,departamento,palermo,-34.57025453115122,-58.44437001917407,0,0,0
A,679.0,42.0,42.0,2.0,1.0,1.0,departamento,colegiales,-34.55204455757941,-58.454916239111554,0,1,0
A,762.0,62.0,62.0,3.0,2.0,2.0,departamento,flores,-34.62856824764564,-58.46687678643789,0,0,0
A,928.0,48.0,48.0,3.0,2.0,2.0,departamento,belgrano,-34.560510952980465,-58.48010437412687,0,0,0
A,483.0,35.0,35.0,2.0,1.0,1.0,departamento,colegiales,-34.55828181906007,-58.43758966395043,0,0,0
A,419.0,20.0,20.0,2.0,1.0,1.0,departamento,belgrano,-34.5636668186727,-58.43787257800575,0,0,0
A,784.0,70.0,70.0,4.0,3.0,2.0,departamento,caballito,-34.62111688464354,-58.43575584485393,0,0,0
A,725.0,51.0,51.0,2.0,1.0,1.0,departamento,villa crespo,-34.59187267806854,-58.43914562400776,0,0,0
A,258.0,34.0,34.0,2.0,1.0,1.0,departamento,flores,-34.63501580714364,-58.44694585083843,0,0,0
A,995.0,36.0,36.0,2.0,1.0,1.0,departamento,belgrano,-34.56405583280894,-58.445448265747714,0,0,0
A,540.0,39.0,39.0,2.0,1.0,1.0,departamento,belgrano,-34.57011117940737,-58.44455089639273,0,0,0
A,831.0,76.0,76.0,3.0,2.0,2.0,departamento,san telmo,-34.608534986487506,-58.37437333149081,0,0,0
A,881.0,50.0,50.0,2.0,1.0,1.0,ph,villa crespo,-34.613710707161275,-58.437818520860986,0,0,0
A,845.0,61.0,61.0,3.0,2.0,1.0,departamento,villa crespo,-34.583200644966865,-58.45519421760712,0,0,0
A,926.0,57.0,57.0,3.0,2.0,1.0,departamento,nunez,-34.5464939526445,-58.44916698930694,0,0,0
A,492.0,32.0,32.0,1.0,1.0,1.0,departamento,caballito,-34.60776593694605,-58.41826990717741,0,0,0
A,636.0,50.0,50.0,2.0,1.0,1.0,departamento,almagro,-34.620005011302055,-58.402281639550566,0,0,0
A,895.0,45.0,45.0,2.0,1.0,1.0,departamento,nunez,-34.55992034712816,-58.47564162840888,0,0,0
A,503.0,40.0,40.0,2.0,1.0,1.0,departamento,san telmo,-34.63153579104108,-58.38192256424848,0,0,0
A,610.0,34.0,34.0,1.0,1.0,1.0,departamento,nunez,-34.54382632258979,-58.45646341399269,0,0,0
A,916.0,49.0,49.0,3.0,2.0,1.0,departamento,almagro,-34.614969454015345,-58.41032931725743,0,0,0
A,810.0,62.0,62.0,3.0,2.0,1.0,casa,nunez,-34.53939900919056,-58.43918094807015,0,0,0
A,476.0,29.0,29.0,1.0,1.0,1.0,departamento,belgrano,-34.560963682104344,-58.45221638607536,0,0,0
A,768.0,61.0,61.0,3.0,1.0,1.0,casa,villa urquiza,-34.5640487157612,-58.48514179462028,1,0,0
A,932.0,74.0,74.0,2.0,1.0,1.0,ph,boedo,-34.62704373462266,-58.39768387916198,0,0,0
A,686.0,30.0,30.0,1.0,1.0,1.0,departamento,palermo,-34.5623901054178,-58.42242157831428,0,0,0
A,473.0,52.0,52.0,2.0,1.0,1.0,departamento,flores,-34.63004379011009,-58.46069787904448,0,0,0
A,399.0,40.0,40.0,2.0,1.0,1.0,departamento,boedo,-34.61141313123653,-58.40459228870782,0,0,0
A,685.0,37.0,37.0,2.0,1.0,1.0,departamento,caballito,-34.63758238705176,-58.43635711913248,0,0,0
A,330.0,39.0,39.0,2.0,1.0,1.0,departamento,boedo,-34.629190058372444,-58.40919456843263,0,1,0
A,634.0,47.0,47.0,2.0,1.0,1.0,departamento,caballito,-34.62344280313371,-58.45262501120681,0,0,0
A,646.0,47.0,47.0,2.0,1.0,1.0,departamento,caballito,-34.60052760436539,-58.43902545435209,0,0,0
A,834.0,60.0,60.0,3.0,2.0,1.0,departamento,almagro,-34.59249880755888,-58.41902348761578,0,0,0
A,382.0,25.0,25.0,1.0,1.0,1.0,departamento,villa urquiza,-34.55276842704484,-58.49248343068572,0,0,0
A,810.0,58.0,58.0,2.0,1.0,1.0,departamento,villa urquiza,-34.56558270339419,-58.498164907807286,0,0,0
A,954.0,54.0,54.0,3.0,1.0,1.0,departamento,nunez,-34.55324861174509,-58.45279222798661,1,0,0
A,844.0,80.0,80.0,2.0,1.0,1.0,ph,flores,-34.65506949597314,-58.45882788369444,0,0,0
A,672.0,45.0,45.0,2.0,1.0,1.0,departamento,san telmo,-34.64205757462446,-58.35987917175288,0,0,0
A,552.0,37.0,37.0,2.0,1.0,1.0,departamento,san telmo,-34.628038375234766,-58.36930940314851,1,0,0
A,454.0,38.0,38.0,1.0,1.0,1.0,departamento,caballito,-34.609771620134694,-58.44632866873968,0,0,0
A,517.0,46.0,46.0,3.0,2.0,2.0,departamento,san telmo,-34.61271430078195,-58.368160819694346,0,0,0
A,654.0,36.0,36.0,2.0,1.0,1.0,departamento,belgrano,-34.58300038260654,-58.46674244193152,1,0,0
A,932.0,55.0,55.0,3.0,2.0,1.0,departamento,almagro,-34.620603402892094,-58.43303740208979,0,0,0
A,961.0,59.0,59.0,3.0,2.0,1.0,departamento,caballito,-34.63059337132338,-58.4232773315405,0,0,0
A,904.0,57.0,57.0,2.0,1.0,1.0,departamento,nunez,-34.54102744186835,-58.457718330013854,0,0,0
A,476.0,51.0,51.0,1.0,1.0,1.0,departamento,almagro,-34.60351782099037,-58.42230022773379,0,0,0
A,376.0,36.0,36.0,1.0,1.0,1.0,departamento,san telmo,-34.59189084402335,-58.38429517655795,0,0,0
A,250.0,24.0,24.0,1.0,1.0,1.0,departamento,san telmo,-34.62302586067828,-58.37115937404264,1,0,0
A,626.0,48.0,48.0,2.0,1.0,1.0,departamento,villa urquiza,-34.578328435121705,-58.50535268908133,0,0,0
A,928.0,58.0,58.0,2.0,1.0,1.0,ph,colegiales,-34.57657633456864,-58.465073863294094,0,0,0
A,807.0,52.0,52.0,2.0,1.0,1.0,departamento,caballito,-34.612873575458586,-58.437579136142446,0,0,0
A,754.0,34.0,34.0,1.0,1.0,1.0,departamento,palermo,-34.56653929571635,-58.41657285153703,0,0,0
A,470.0,22.0,22.0,1.0,1.0,1.0,departamento,nunez,-34.54343622059563,-58.47672988230972,0,0,0
A,756.0,77.0,77.0,3.0,2.0,1.0,ph,villa crespo,-34.58208976379506,-58.44769081498217,0,0,0
A,642.0,42.0,42.0,2.0,1.0,1.0,departamento,caballito,-34.61312912269505,-58.46359258095561,0,0,0
A,512.0,45.0,45.0,2.0,1.0,1.0,departamento,flores,-34.624029595659124,-58.455002800458125,0,0,0
A,725.0,45.0,45.0,2.0,1.0,1.0,departamento,palermo,-34.570204572011306,-58.41926367676027,0,0,0
A,538.0,42.0,42.0,2.0,1.0,1.0,departamento,san telmo,-34.622706471839315,-58.37458775650246,0,0,0
A,293.0,29.0,29.0,1.0,1.0,1.0,departamento,caballito,-34.62118103808231,-58.45806153453412,0,0,0
A,895.0,42.0,42.0,2.0,1.0,1.0,departamento,nunez,-34.528469429724645,-58.46247486165872,0,0,0
A,642.0,54.0,54.0,3.0,2.0,1.0,departamento,caballito,-34.63674625634175,-58.44841052179537,0,0,0
A,480.0,38.0,38.0,2.0,1.0,1.0,departamento,villa crespo,-34.59981260636823,-58.42369914597015,0,0,0
A,362.0,33.0,33.0,1.0,1.0,1.0,departamento,almagro,-34.58622078316818,-58.399069482128894,0,0,0
A,532.0,35.0,35.0,2.0,1.0,1.0,ph,nunez,-34.538300059255874,-58.45191159224922,1,0,0
A,640.0,42.0,42.0,2.0,1.0,1.0,departamento,belgrano,-34.570511933637924,-58.47953221263872,0,0,0
A,979.0,73.0,73.0,3.0,2.0,2.0,departamento,caballito,-34.62801542819508,-58.462545054131645,0,0,0
A,453.0,43.0,43.0,2.0,1.0,1.0,departamento,san telmo,-34.62173426125335,-58.37318669718877,1,0,0
A,385.0,31.0,31.0,1.0,1.0,1.0,departamento,belgrano,-34.56553974665995,-58.456832563162685,0,0,0
A,987.0,45.0,45.0,2.0,1.0,1.0,ph,nunez,-34.54044902392054,-58.45396747278673,0,0,0
A,865.0,34.0,34.0,2.0,1.0,1.0,departamento,recoleta,-34.5670044560949,-58.391865434654605,1,0,0
A,587.0,53.0,53.0,3.0,2.0,1.0,departamento,san telmo,-34.61389219237447,-58.38570739010472,0,0,0
A,285.0,21.0,21.0,1.0,1.0,1.0,departamento,boedo,-34.63222428250843,-58.4197273968243,1,0,0
A,698.0,42.0,42.0,2.0,1.0,1.0,ph,villa crespo,-34.608107118489826,-58.41545581024194,0,0,0
A,425.0,35.0,35.0,1.0,1.0,1.0,departamento,nunez,-34.54298819813536,-58.45246153321476,0,0,0
A,255.0,20.0,20.0,1.0,1.0,1.0,departamento,villa crespo,-34.60589342882022,-58.43547435805167,0,0,0
A,733.0,35.0,35.0,2.0,1.0,1.0,departamento,recoleta,-34.574846193043314,-58.40025482900351,1,0,0
A,931.0,49.0,49.0,2.0,1.0,1.0,departamento,palermo,-34.57025453115122,-58.44437001917407,0,0,0
A,572.0,38.0,38.0,2.0,1.0,1.0,departamento,san telmo,-34.64471913183995,-58.37046346908385,0,0,0
A,794.0,31.0,31.0,1.0,1.0,1.0,departamento,recoleta,-34.573643881608994,-58.412341919068346,0,0,0
A,678.0,35.0,35.0,1.0,1.0,1.0,departamento,belgrano,-34.54417465675077,-58.4739371551492,0,0,0
A,974.0,45.0,45.0,2.0,1.0,1.0,departamento,belgrano,-34.590491777260496,-58.450160776755496,0,0,0
A,384.0,26.0,26.0,1.0,1.0,1.0,departamento,colegiales,-34.56309667473327,-58.43944746031189,0,0,0
A,815.0,45.0,45.0,3.0,2.0,1.0,departamento,villa urquiza,-34.57442991246932,-58.46822427613024,0,0,0
A,735.0,46.0,46.0,2.0,1.0,1.0,ph,san telmo,-34.63144062543411,-58.39074033408159,0,0,0
A,762.0,66.0,66.0,3.0,2.0,2.0,departamento,flores,-34.62283366556647,-58.44503167756412,0,0,0
A,761.0,46.0,46.0,2.0,1.0,1.0,departamento,recoleta,-34.593051316422454,-58.37676838171861,0,0,0
A,768.0,61.0,61.0,3.0,2.0,1.0,casa,villa urquiza,-34.5640487157612,-58.48514179462028,0,0,0
A,711.0,45.0,45.0,1.0,1.0,1.0,departamento,belgrano,-34.57202587686709,-58.45416990587497,0,0,0
A,806.0,50.0,50.0,2.0,1.0,1.0,departamento,caballito,-34.625886566475934,-58.43404111335381,0,1,0
A,594.0,54.0,54.0,3.0,2.0,1.0,departamento,flores,-34.619476300040674,-58.43624507244287,0,0,0
A,840.0,57.0,57.0,3.0,2.0,1.0,departamento,almagro,-34.60170372342704,-58.42708434030167,0,0,0
A,454.0,42.0,42.0,1.0,1.0,1.0,departamento,caballito,-34.62434323978682,-58.462111054812645,0,0,0
A,690.0,62.0,62.0,2.0,1.0,1.0,departamento,boedo,-34.61233863358756,-58.40939587301633,1,0,0
A,947.0,73.0,73.0,3.0,2.0,1.0,departamento,flores,-34.63297419460961,-58.45048178527577,0,0,0
A,904.0,61.0,61.0,2.0,1.0,1.0,departamento,belgrano,-34.55099487614257,-58.460495448579245,0,0,0
A,692.0,62.0,62.0,3.0,2.0,2.0,departamento,villa urquiza,-34.57868886440165,-58.48404473326775,0,0,0
A,817.0,44.0,44.0,2.0,1.0,1.0,departamento,nunez,-34.53442783983402,-58.44996897906192,1,1,0
A,722.0,49.0,49.0,2.0,1.0,1.0,departamento,caballito,-34.629078106131026,-58.42878895197489,0,0,0
A,460.0,46.0,46.0,2.0,1.0,1.0,departamento,flores,-34.62883064229753,-58.470280247099,0,0,0
A,908.0,64.0,64.0,3.0,2.0,2.0,departamento,nunez,-34.54955375107214,-58.46066193417217,0,0,0
A,501.0,21.0,21.0,1.0,1.0,1.0,departamento,caballito,-34.59444662962798,-58.41861388541198,0,0,0
A,756.0,47.0,47.0,2.0,1.0,1.0,departamento,san telmo,-34.603711087666255,-58.36880416781781,0,0,0
A,923.0,83.0,83.0,3.0,2.0,1.0,ph,almagro,-34.630712127424,-58.423244400361135,0,0,0
A,639.0,60.0,60.0,3.0,2.0,1.0,ph,flores,-34.598897239718355,-58.46123341394131,0,1,0
A,478.0,43.0,43.0,2.0,1.0,1.0,ph,flores,-34.63988582959097,-58.48356520951593,0,1,0
A,719.0,41.0,41.0,3.0,2.0,1.0,departamento,caballito,-34.62983060803742,-58.420459528005786,0,1,0
A,852.0,62.0,62.0,2.0,1.0,1.0,ph,palermo,-34.584387600773496,-58.43382711894067,0,0,0
A,940.0,46.0,46.0,2.0,1.0,1.0,ph,palermo,-34.57995099174495,-58.43741869222427,0,0,0
A,948.0,76.0,76.0,4.0,3.0,2.0,departamento,flores,-34.631309524378885,-58.46699220195288,0,0,0
A,998.0,88.0,88.0,5.0,4.0,2.0,departamento,boedo,-34.626242891279354,-58.42169480569429,0,0,0
A,737.0,35.0,35.0,2.0,1.0,1.0,departamento,palermo,-34.58911528257128,-58.41040647302794,0,0,0
A,296.0,26.0,26.0,1.0,1.0,1.0,departamento,caballito,-34.63252068343987,-58.4492872250267,0,0,0
A,392.0,23.0,23.0,1.0,1.0,1.0,departamento,san telmo,-34.62291234678575,-58.37644699314881,0,0,0
A,393.0,29.0,29.0,2.0,1.0,1.0,departamento,almagro,-34.61431971408297,-58.41505462839123,0,0,0
A,461.0,39.0,39.0,2.0,1.0,1.0,departamento,boedo,-34.628586812715,-58.425296507088085,0,0,0
A,301.0,41.0,41.0,3.0,2.0,1.0,departamento,flores,-34.62443829862838,-58.46136387443308,0,0,0
A,805.0,51.0,51.0,2.0,1.0,1.0,departamento,villa crespo,-34.59587212614353,-58.42218951017179,0,0,0
A,852.0,62.0,62.0,2.0,1.0,1.0,ph,palermo,-34.584387600773496,-58.43382711894067,0,0,0
A,552.0,58.0,58.0,3.0,2.0,1.0,departamento,flores,-34.62119634650472,-58.46503662503513,0,0,0
A,271.0,20.0,20.0,1.0,1.0,1.0,departamento,villa urquiza,-34.579792050463304,-58.47766283641823,0,0,0
A,657.0,61.0,61.0,2.0,1.0,1.0,departamento,flores,-34.64355726050702,-58.475629432131576,0,0,0
A,484.0,40.0,40.0,2.0,1.0,1.0,departamento,villa crespo,-34.60132626187556,-58.43161314715778,0,0,0
A,499.0,35.0,35.0,1.0,1.0,1.0,departamento,almagro,-34.63301955231258,-58.44232407750626,0,0,0
A,392.0,23.0,23.0,1.0,1.0,1.0,departamento,san telmo,-34.62291234678575,-58.37644699314881,0,0,0
A,381.0,35.0,35.0,2.0,1.0,1.0,ph,almagro,-34.61372058049318,-58.43644801743167,0,0,0
A,655.0,58.0,58.0,3.0,2.0,2.0,departamento,colegiales,-34.5737520293815,-58.46269266179073,0,0,0
A,681.0,49.0,49.0,2.0,1.0,1.0,departamento,flores,-34.63336820634526,-58.46071758729359,0,0,0
A,330.0,20.0,20.0,1.0,1.0,1.0,departamento,colegiales,-34.5800030624982,-58.4265436565954,0,0,0
A,632.0,47.0,47.0,3.0,2.0,1.0,departamento,almagro,-34.595204976230015,-58.42906576174415,0,0,0
A,757.0,43.0,43.0,3.0,2.0,2.0,departamento,san telmo,-34.62822251011764,-58.343961489392704,0,0,0
A,525.0,29.0,29.0,1.0,1.0,1.0,departamento,belgrano,-34.555011109865404,-58.45398994236702,0,0,0
A,832.0,37.0,37.0,1.0,1.0,1.0,departamento,villa urquiza,-34.57281033992698,-58.49710054335246,0,1,0
A,396.0,20.0,20.0,1.0,1.0,1.0,departamento,villa urquiza,-34.59239601894324,-58.49847401672301,0,0,0
A,624.0,40.0,40.0,2.0,1.0,1.0,departamento,colegiales,-34.58037581253514,-58.43819682012263,0,0,0
A,994.0,62.0,62.0,2.0,1.0,1.0,departamento,caballito,-34.618711567060565,-58.42899401203216,0,1,0
A,974.0,45.0,45.0,2.0,1.0,1.0,departamento,belgrano,-34.590491777260496,-58.450160776755496,1,0,0
A,521.0,44.0,44.0,2.0,1.0,1.0,departamento,colegiales,-34.56134682014032,-58.456313948242574,0,0,0
A,718.0,38.0,38.0,1.0,1.0,1.0,departamento,caballito,-34.613161600366645,-58.44164470578496,0,0,0
A,859.0,54.0,54.0,3.0,2.0,2.0,departamento,palermo,-34.578175793979355,-58.41317769489862,0,0,0
A,409.0,27.0,27.0,1.0,1.0,1.0,departamento,colegiales,-34.56845996836638,-58.46499028404662,0,0,0
A,754.0,35.0,35.0,2.0,1.0,1.0,ph,belgrano,-34.570932300655535,-58.4641792644772,0,0,0
A,419.0,36.0,36.0,1.0,1.0,1.0,departamento,boedo,-34.631090791215264,-58.41791551869286,0,0,0
A,558.0,37.0,37.0,1.0,1.0,1.0,departamento,villa urquiza,-34.58763524227362,-58.49763045937269,0,0,0
A,949.0,76.0,76.0,3.0,2.0,1.0,ph,villa urquiza,-34.57515538531414,-58.48786503256949,0,0,0
A,589.0,43.0,43.0,2.0,1.0,1.0,ph,villa urquiza,-34.55885380909003,-58.46474705909792,0,0,0
A,260.0,31.0,31.0,2.0,1.0,1.0,departamento,flores,-34.619502654317785,-58.45423390476887,0,0,0
A,772.0,40.0,40.0,1.0,1.0,1.0,departamento,recoleta,-34.59795039517892,-58.39915853744769,0,0,0
A,567.0,35.0,35.0,2.0,1.0,1.0,departamento,almagro,-34.61461629949768,-58.41456338120486,0,0,0
A,285.0,20.0,20.0,1.0,1.0,1.0,departamento,caballito,-34.61884518445318,-58.44368747806409,0,0,0
A,392.0,31.0,31.0,2.0,1.0,1.0,departamento,villa crespo,-34.61019191567089,-58.430910629896886,0,0,0
A,400.0,29.0,29.0,2.0,1.0,1.0,departamento,villa crespo,-34.613395451419684,-58.44876130293409,0,0,0
A,803.0,52.0,52.0,3.0,2.0,2.0,departamento,villa urquiza,-34.57497473399783,-58.484721324067365,0,0,0
A,672.0,45.0,45.0,2.0,1.0,1.0,departamento,san telmo,-34.64205757462446,-58.35987917175288,0,0,0
A,894.0,68.0,68.0,4.0,3.0,2.0,departamento,caballito,-34.60983562740982,-58.42647151187465,0,0,0
A,896.0,39.0,39.0,2.0,1.0,1.0,ph,palermo,-34.551715524472755,-58.418745410505736,0,0,0
A,509.0,36.0,36.0,1.0,1.0,1.0,departamento,villa urquiza,-34.58853669091082,-58.49516840104442,0,0,0
A,668.0,94.0,94.0,5.0,4.0,3.0,departamento,flores,-34.63628089512732,-58.44085639438927,0,0,0
A,744.0,56.0,56.0,3.0,2.0,2.0,departamento,villa crespo,-34.6092806400469,-58.44488161324075,0,0,0
A,480.0,38.0,38.0,2.0,1.0,1.0,departamento,villa crespo,-34.59981260636823,-58.42369914597015,0,0,0
A,776.0,53.0,53.0,2.0,1.0,1.0,departamento,colegiales,-34.574243771749686,-58.46353480039346,0,0,0
A,386.0,30.0,30.0,1.0,1.0,1.0,departamento,caballito,-34.61825288172405,-58.44974958220418,0,0,0
A,700.0,46.0,46.0,2.0,1.0,1.0,departamento,belgrano,-34.53822628419843,-58.44298274928485,0,0,0
A,337.0,30.0,30.0,1.0,1.0,1.0,departamento,caballito,-34.61584779850464,-58.4461287801842,0,0,0
A,730.0,76.0,76.0,3.0,2.0,1.0,casa,flores,-34.61499706451928,-58.47223391118943,0,0,0
A,911.0,57.0,57.0,3.0,2.0,2.0,departamento,villa crespo,-34.59672103234895,-58.43878874733223,0,0,0
A,452.0,42.0,42.0,1.0,1.0,1.0,departamento,villa urquiza,-34.567131377212306,-58.49732683747308,0,0,0
A,833.0,58.0,58.0,3.0,2.0,2.0,departamento,boedo,-34.62197100041376,-58.40371064881939,0,0,0
A,337.0,33.0,33.0,1.0,1.0,1.0,departamento,villa urquiza,-34.55428879305003,-58.4866156408398,0,0,0
A,398.0,27.0,27.0,1.0,1.0,1.0,departamento,villa crespo,-34.58970638173444,-58.45998685084727,0,0,0
A,728.0,96.0,96.0,4.0,3.0,2.0,departamento,san telmo,-34.62025187776053,-58.39108093288149,0,0,0
A,564.0,53.0,53.0,2.0,1.0,1.0,departamento,colegiales,-34.57331022219284,-58.4409935554668,0,0,0
A,732.0,32.0,32.0,1.0,1.0,1.0,departamento,colegiales,-34.5743940230078,-58.46324010546136,0,0,0
A,552.0,29.0,29.0,1.0,1.0,1.0,departamento,palermo,-34.57205523960403,-58.41895859136688,0,0,0
A,405.0,49.0,49.0,2.0,1.0,1.0,departamento,san telmo,-34.607041677772465,-58.378789882124245,0,0,0
A,698.0,42.0,42.0,2.0,1.0,1.0,ph,villa crespo,-34.608107118489826,-58.41545581024194,0,0,0
A,473.0,32.0,32.0,1.0,1.0,1.0,departamento,villa urquiza,-34.59364162237173,-58.456719520023206,0,0,0
A,303.0,25.0,25.0,2.0,1.0,1.0,departamento,flores,-34.62682670308404,-58.451759408410815,0,0,0
A,873.0,72.0,72.0,4.0,3.0,2.0,departamento,caballito,-34.611333919267615,-58.449010326018936,0,0,0
A,646.0,35.0,35.0,2.0,1.0,1.0,departamento,recoleta,-34.606295575836654,-58.409462965974,0,0,0
A,310.0,20.0,20.0,1.0,1.0,1.0,departamento,villa crespo,-34.5989156184258,-58.43570725819263,0,0,0
A,472.0,37.0,37.0,2.0,1.0,1.0,departamento,boedo,-34.62309616626223,-58.42635245809819,0,0,0
A,258.0,23.0,23.0,1.0,1.0,1.0,departamento,flores,-34.63035552341295,-58.44651477808527,0,0,0
A,610.0,50.0,50.0,2.0,1.0,1.0,ph,almagro,-34.603375821562054,-58.433874486398246,0,0,0
A,665.0,49.0,49.0,3.0,2.0,1.0,departamento,flores,-34.634264486916145,-58.44787540567263,0,0,0
A,729.0,35.0,35.0,2.0,1.0,1.0,ph,villa urquiza,-34.593366130785306,-58.48754977091493,0,0,0
A,774.0,49.0,49.0,3.0,2.0,2.0,departamento,nunez,-34.52939628545054,-58.46224508323287,0,0,0
A,524.0,37.0,37.0,1.0,1.0,1.0,departamento,colegiales,-34.578660934891865,-58.44732740724879,0,0,0
A,299.0,28.0,28.0,1.0,1.0,1.0,departamento,belgrano,-34.56670012839209,-58.45630836861601,0,0,0
A,296.0,42.0,42.0,2.0,1.0,1.0,departamento,flores,-34.62057014886794,-58.43931005436346,1,0,0
A,611.0,44.0,44.0,2.0,1.0,1.0,departamento,flores,-34.621567756351176,-58.47161627090338,0,0,0
A,455.0,40.0,40.0,1.0,1.0,1.0,departamento,colegiales,-34.58677295423201,-58.47073971956724,0,0,0
A,661.0,52.0,52.0,3.0,2.0,1.0,ph,recoleta,-34.57509503821415,-58.389577289143375,0,1,0
A,958.0,117.0,117.0,5.0,1.0,3.0,ph,boedo,-34.655810838408904,-58.407808300465405,1,0,0
A,627.0,40.0,40.0,2.0,1.0,1.0,ph,nunez,-34.54631836947723,-58.46520904240419,0,0,0
A,968.0,79.0,79.0,4.0,3.0,2.0,ph,caballito,-34.601512006350376,-58.40759125263983,0,0,0
A,213.0,20.0,20.0,1.0,1.0,1.0,departamento,flores,-34.6465715966936,-58.4552873769034,0,0,0
A,702.0,50.0,50.0,2.0,1.0,1.0,departamento,almagro,-34.61444708627687,-58.39475432689447,0,0,0
A,693.0,62.0,62.0,3.0,1.0,1.0,departamento,villa crespo,-34.62113856447405,-58.43214973529565,1,0,0
A,640.0,35.0,35.0,2.0,1.0,1.0,ph,palermo,-34.60826744761576,-58.42617420924258,0,0,0
A,774.0,61.0,61.0,2.0,1.0,1.0,ph,villa urquiza,-34.58389066927241,-58.47747632846804,0,0,0
A,476.0,42.0,42.0,2.0,1.0,1.0,departamento,boedo,-34.638274403122594,-58.4098642839621,0,0,0
A,834.0,57.0,57.0,3.0,2.0,1.0,departamento,caballito,-34.59664704209171,-58.44870116065169,0,0,0
A,766.0,51.0,51.0,2.0,1.0,1.0,departamento,recoleta,-34.56459118431061,-58.39283903350345,0,0,0
A,584.0,31.0,31.0,1.0,1.0,1.0,departamento,nunez,-34.552428342008774,-58.486110383300485,1,0,0
A,426.0,42.0,42.0,2.0,1.0,1.0,departamento,villa crespo,-34.60685459447803,-58.43642088447326,0,0,0
A,486.0,33.0,33.0,2.0,1.0,1.0,departamento,recoleta,-34.56911394838416,-58.38951232254872,0,1,0
A,499.0,37.0,37.0,1.0,1.0,1.0,departamento,caballito,-34.59427040968479,-58.44327979765447,0,0,0
A,210.0,23.0,23.0,1.0,1.0,1.0,departamento,villa crespo,-34.61222018255914,-58.41923209414184,0,0,0
A,476.0,52.0,52.0,1.0,1.0,1.0,departamento,flores,-34.64055345302075,-58.45831911101145,0,0,0
A,706.0,35.0,35.0,2.0,1.0,1.0,departamento,boedo,-34.62624475987566,-58.418668540840684,0,0,0
A,758.0,50.0,50.0,2.0,1.0,1.0,departamento,almagro,-34.60387420688207,-58.410448188897824,0,0,0
A,418.0,26.0,26.0,1.0,1.0,1.0,departamento,nunez,-34.548776715690465,-58.45341271525522,0,0,0
A,663.0,49.0,49.0,2.0,1.0,1.0,ph,recoleta,-34.592582663721515,-58.42663006763416,0,0,0
A,726.0,74.0,74.0,3.0,2.0,2.0,departamento,san telmo,-34.61186212313273,-58.35735484108493,0,0,0
A,670.0,38.0,38.0,2.0,1.0,1.0,departamento,colegiales,-34.55338663920569,-58.463054189391336,0,0,0
A,522.0,40.0,40.0,1.0,1.0,1.0,departamento,san telmo,-34.62886041417492,-58.3492023225282,0,0,0
A,688.0,67.0,67.0,3.0,2.0,1.0,departamento,flores,-34.6116566880424,-58.483974136894446,0,1,0
A,784.0,68.0,68.0,4.0,3.0,2.0,departamento,villa crespo,-34.578193128604845,-58.433220028139765,0,0,0
A,680.0,45.0,45.0,3.0,2.0,2.0,departamento,villa urquiza,-34.557494483867984,-58.479854492080655,0,0,0
A,781.0,55.0,55.0,2.0,1.0,1.0,ph,boedo,-34.62083889624438,-58.43828384773615,0,0,0
A,543.0,27.0,27.0,2.0,1.0,1.0,departamento,nunez,-34.55005275299497,-58.464399790962666,0,0,0
A,755.0,58.0,58.0,3.0,2.0,1.0,departamento,almagro,-34.60471610401315,-58.44058978778834,0,0,0
A,581.0,48.0,48.0,2.0,1.0,1.0,departamento,caballito,-34.6129590534536,-58.44361101255894,0,0,0
A,513.0,38.0,38.0,2.0,1.0,1.0,departamento,villa urquiza,-34.58079813194278,-58.50044220126425,0,0,0
A,706.0,35.0,35.0,2.0,1.0,1.0,departamento,boedo,-34.62624475987566,-58.418668540840684,0,0,0
A,454.0,36.0,36.0,2.0,1.0,1.0,departamento,san telmo,-34.61576444988678,-58.36801815414143,0,0,0
A,797.0,40.0,40.0,2.0,1.0,1.0,departamento,villa crespo,-34.60613522215932,-58.43905082452341,0,0,0
A,436.0,24.0,24.0,1.0,1.0,1.0,departamento,villa urquiza,-34.56158360364695,-58.46253629689942,0,0,0
A,974.0,45.0,45.0,2.0,1.0,1.0,departamento,belgrano,-34.590491777260496,-58.450160776755496,0,0,0
A,887.0,47.0,47.0,2.0,1.0,1.0,ph,palermo,-34.57807582953821,-58.441407917535415,1,0,0
A,544.0,50.0,50.0,2.0,1.0,1.0,departamento,flores,-34.62010529969118,-58.46890266126108,0,0,0
A,965.0,60.0,60.0,3.0,2.0,1.0,casa,villa crespo,-34.59578775117207,-58.436848250041166,0,0,0
A,543.0,43.0,43.0,2.0,1.0,1.0,departamento,villa urquiza,-34.585986203257136,-58.4954901817662,0,0,0
A,440.0,38.0,38.0,1.0,1.0,1.0,departamento,villa crespo,-34.60886658179232,-58.44437501479216,0,0,0
A,540.0,36.0,36.0,1.0,1.0,1.0,departamento,nunez,-34.5615839226141,-58.46661023298755,0,0,0
A,342.0,23.0,23.0,1.0,1.0,1.0,departamento,almagro,-34.61525694377724,-58.411352673415855,0,1,0
A,846.0,53.0,53.0,2.0,1.0,1.0,ph,caballito,-34.61351187662938,-58.44655134255677,0,0,0
A,506.0,42.0,42.0,2.0,1.0,1.0,departamento,caballito,-34.636187427103195,-58.4422502964348,0,0,0
A,561.0,45.0,45.0,2.0,1.0,1.0,departamento,villa urquiza,-34.58284435233383,-58.47431930106464,1,0,0
A,634.0,38.0,38.0,2.0,1.0,1.0,departamento,san telmo,-34.64155761434909,-58.35575353151002,0,1,0
A,540.0,39.0,39.0,2.0,1.0,1.0,departamento,belgrano,-34.57011117940737,-58.44455089639273,0,0,0
A,882.0,64.0,64.0,3.0,2.0,1.0,departamento,almagro,-34.61246274059067,-58.43407787870839,0,0,0
A,859.0,71.0,71.0,3.0,2.0,2.0,departamento,caballito,-34.62519253673861,-58.43884655067671,0,0,0
A,280.0,23.0,23.0,2.0,1.0,1.0,departamento,san telmo,-34.618954925057416,-58.369685950364016,0,0,0
A,436.0,32.0,32.0,1.0,1.0,1.0,departamento,caballito,-34.62610980738277,-58.457293166335575,0,0,0
A,261.0,26.0,26.0,1.0,1.0,1.0,departamento,flores,-34.632463697160624,-58.465562969663246,1,0,0
A,646.0,43.0,43.0,3.0,2.0,1.0,departamento,caballito,-34.63215729972729,-58.45121358803802,0,0,0
A,990.0,78.0,78.0,4.0,1.0,2.0,departamento,boedo,-34.642210650726724,-58.41998429709772,1,0,0
A,412.0,31.0,31.0,2.0,1.0,1.0,departamento,caballito,-34.617302559234865,-58.43089376550154,0,0,0
A,704.0,45.0,45.0,2.0,1.0,1.0,departamento,san telmo,-34.608437058466144,-58.376022928982415,0,0,0
A,609.0,47.0,47.0,1.0,1.0,1.0,departamento,flores,-34.61717274320068,-58.46999846916493,0,0,0
A,482.0,27.0,27.0,1.0,1.0,1.0,departamento,recoleta,-34.586732395534426,-58.39463326002792,0,0,0
A,561.0,35.0,35.0,2.0,1.0,1.0,departamento,villa crespo,-34.587992418040685,-58.4409898951788,0,0,0
A,787.0,35.0,35.0,2.0,1.0,1.0,ph,palermo,-34.57056217149486,-58.45400231488668,0,0,0
A,599.0,46.0,46.0,2.0,1.0,1.0,departamento,villa urquiza,-34.57347434532071,-58.47191318047191,0,0,0
A,643.0,42.0,42.0,2.0,1.0,1.0,departamento,recoleta,-34.58095422228956,-58.40132686596101,0,0,0
A,592.0,38.0,38.0,1.0,1.0,1.0,departamento,villa urquiza,-34.57098015357216,-58.4758760044552,0,0,0
A,752.0,36.0,36.0,2.0,1.0,1.0,departamento,recoleta,-34.58524779487165,-58.37707446782559,0,0,0
A,414.0,37.0,37.0,1.0,1.0,1.0,departamento,boedo,-34.636419961301925,-58.44454214831515,0,0,0
A,288.0,20.0,20.0,1.0,1.0,1.0,departamento,boedo,-34.63828126512592,-58.42066656135384,1,0,0
A,333.0,22.0,22.0,1.0,1.0,1.0,departamento,belgrano,-34.537738960327985,-58.48273827734535,0,0,0
A,833.0,70.0,70.0,3.0,2.0,2.0,departamento,flores,-34.62437667783488,-58.460895505032624,0,0,0
A,663.0,49.0,49.0,2.0,1.0,1.0,ph,recoleta,-34.592582663721515,-58.42663006763416,0,0,0
A,392.0,31.0,31.0,2.0,1.0,1.0,departamento,villa crespo,-34.61019191567089,-58.430910629896886,0,0,0
A,388.0,39.0,39.0,2.0,1.0,1.0,departamento,san telmo,-34.623838246184874,-58.36482806798466,0,0,0
A,539.0,35.0,35.0,2.0,1.0,1.0,ph,villa crespo,-34.60119708941533,-58.45036146526356,0,0,0
A,781.0,54.0,54.0,2.0,1.0,1.0,departamento,nunez,-34.55168315136476,-58.46095507651594,1,0,0
A,499.0,37.0,37.0,1.0,1.0,1.0,departamento,caballito,-34.59427040968479,-58.44327979765447,0,0,0
A,378.0,30.0,30.0,2.0,1.0,1.0,departamento,boedo,-34.655710448256904,-58.4128141114598,0,0,0
A,321.0,28.0,28.0,1.0,1.0,1.0,departamento,san telmo,-34.62124519875256,-58.38251490627931,0,0,0
A,431.0,34.0,34.0,1.0,1.0,1.0,departamento,villa urquiza,-34.55826971764389,-58.486009770749504,0,0,0
A,506.0,43.0,43.0,2.0,1.0,1.0,ph,caballito,-34.624146558317285,-58.450362130789706,0,0,0
A,586.0,49.0,49.0,2.0,1.0,1.0,departamento,san telmo,-34.61066600516821,-58.38932524066692,0,0,0
A,950.0,52.0,52.0,1.0,1.0,1.0,departamento,colegiales,-34.572248049028246,-58.43321083024884,0,0,0
A,730.0,42.0,42.0,2.0,1.0,1.0,ph,colegiales,-34.58659433611376,-58.46671725803671,1,0,0
A,466.0,46.0,46.0,2.0,1.0,1.0,departamento,villa urquiza,-34.57625004660474,-58.475053777074045,0,1,0
A,748.0,32.0,32.0,1.0,1.0,1.0,departamento,recoleta,-34.58525488591127,-58.4070905800854,0,0,0
A,399.0,40.0,40.0,2.0,1.0,1.0,departamento,boedo,-34.61141313123653,-58.40459228870782,0,0,0
A,440.0,26.0,26.0,1.0,1.0,1.0,departamento,recoleta,-34.592781478843875,-58.40198762557716,0,0,0
A,593.0,55.0,55.0,2.0,1.0,1.0,departamento,colegiales,-34.59144831484083,-58.441796188585705,0,0,0
A,303.0,33.0,33.0,1.0,1.0,1.0,departamento,nunez,-34.55630116362969,-58.46937347627359,1,0,0
A,246.0,29.0,29.0,2.0,1.0,1.0,departamento,almagro,-34.59983933193475,-58.40818413042235,1,0,0
A,455.0,28.0,28.0,3.0,2.0,1.0,departamento,san telmo,-34.62225318990994,-58.37620599165946,0,0,0
A,757.0,34.0,34.0,1.0,1.0,1.0,departamento,recoleta,-34.60340084185974,-58.39735003036327,0,0,0
A,736.0,56.0,56.0,3.0,2.0,2.0,departamento,recoleta,-34.57932354472504,-58.393973840044325,0,0,0
A,472.0,37.0,37.0,2.0,1.0,1.0,departamento,boedo,-34.62309616626223,-58.42635245809819,0,0,0
A,670.0,63.0,63.0,2.0,1.0,1.0,departamento,boedo,-34.62915494201125,-58.40760206891141,0,0,0
A,863.0,60.0,60.0,3.0,2.0,1.0,casa,nunez,-34.54470909872982,-58.47539058842365,0,0,0
A,551.0,41.0,41.0,2.0,1.0,1.0,departamento,villa urquiza,-34.5832701032767,-58.47812288851164,0,1,0
A,974.0,58.0,58.0,2.0,1.0,1.0,ph,almagro,-34.61097827207722,-58.41582788219754,1,0,0
A,822.0,48.0,48.0,3.0,2.0,2.0,departamento,caballito,-34.61715199946301,-58.4375834173441,0,0,0
A,436.0,26.0,26.0,1.0,1.0,1.0,departamento,colegiales,-34.58070715186759,-58.47763744120188,1,0,0
A,397.0,38.0,38.0,1.0,1.0,1.0,departamento,flores,-34.62957110966151,-58.45046112260077,0,0,0
A,570.0,51.0,51.0,1.0,1.0,1.0,departamento,almagro,-34.61095641351727,-58.42460399128377,0,1,0
A,520.0,27.0,27.0,2.0,1.0,1.0,departamento,nunez,-34.55907229908192,-58.46144137250403,0,0,0
A,660.0,48.0,48.0,3.0,2.0,1.0,departamento,villa crespo,-34.605692581266915,-58.45545919557952,0,0,0
A,929.0,48.0,48.0,2.0,1.0,1.0,ph,belgrano,-34.58820852523287,-58.469818098834,0,0,0
A,737.0,52.0,52.0,2.0,1.0,1.0,departamento,flores,-34.626534646338904,-58.470917389329486,0,0,0
A,801.0,85.0,85.0,4.0,3.0,2.0,departamento,san telmo,-34.609780390263694,-58.35803030668309,0,0,0
A,309.0,20.0,20.0,2.0,1.0,1.0,departamento,boedo,-34.63408331810445,-58.41965245966742,0,0,0
A,591.0,32.0,32.0,1.0,1.0,1.0,departamento,recoleta,-34.58155105596616,-58.38729238517987,0,0,0
A,342.0,33.0,33.0,2.0,1.0,1.0,departamento,villa crespo,-34.58216682827303,-58.429750523225465,0,0,0
A,910.0,60.0,60.0,2.0,1.0,1.0,departamento,boedo,-34.628067152225945,-58.40597510013289,0,0,0
A,723.0,36.0,36.0,2.0,1.0,1.0,departamento,belgrano,-34.55698236870956,-58.44690142928565,0,0,0
A,743.0,39.0,39.0,2.0,1.0,1.0,departamento,palermo,-34.57206550807846,-58.42819455540487,0,0,0
A,313.0,28.0,28.0,1.0,1.0,1.0,departamento,san telmo,-34.61987771804274,-58.373952444418826,1,0,0
A,422.0,44.0,44.0,3.0,2.0,1.0,departamento,villa urquiza,-34.58833553123835,-58.4869661216056,0,0,0
A,644.0,35.0,35.0,2.0,1.0,1.0,ph,colegiales,-34.594075539314446,-58.47540283110348,0,0,0
A,737.0,45.0,45.0,2.0,1.0,1.0,departamento,recoleta,-34.58373323572992,-58.40349877871155,0,0,0
A,714.0,59.0,59.0,2.0,1.0,1.0,departamento,villa crespo,-34.60049146151379,-58.42102935192772,0,0,0
A,361.0,28.0,28.0,2.0,1.0,1.0,departamento,san telmo,-34.62340767158591,-58.36758987507351,0,1,0
A,415.0,35.0,35.0,2.0,1.0,1.0,departamento,flores,-34.63664605110149,-58.46865826377189,0,0,0
A,500.0,53.0,53.0,2.0,1.0,1.0,departamento,san telmo,-34.61121959038968,-58.37376368645233,0,0,0
A,335.0,26.0,26.0,1.0,1.0,1.0,departamento,villa urquiza,-34.57857553952965,-58.48337839091587,0,0,0
A,528.0,46.0,46.0,2.0,1.0,1.0,departamento,boedo,-34.598536398321066,-58.42165287981102,0,0,0
A,866.0,56.0,56.0,3.0,2.0,1.0,ph,boedo,-34.620921468607385,-58.40377194901531,0,0,0
A,524.0,41.0,41.0,3.0,2.0,1.0,departamento,boedo,-34.6106323327564,-58.423210528658565,0,0,0
A,916.0,43.0,43.0,1.0,1.0,1.0,departamento,palermo,-34.570466010395286,-58.4299489658186,0,0,0
A,540.0,33.0,33.0,2.0,1.0,1.0,departamento,villa urquiza,-34.58319084813135,-58.48427168095855,0,0,0
A,537.0,29.0,29.0,2.0,1.0,1.0,departamento,villa crespo,-34.603649895778865,-58.429449946694895,0,0,0
A,602.0,35.0,35.0,2.0,1.0,1.0,departamento,caballito,-34.614658267532185,-58.4370809646153,0,0,0
A,585.0,51.0,51.0,3.0,1.0,1.0,departamento,boedo,-34.621849002167735,-58.4069317230443,1,0,0
A,251.0,24.0,24.0,1.0,1.0,1.0,departamento,palermo,-34.584279988278915,-58.43363978085258,0,0,0
A,652.0,49.0,49.0,2.0,1.0,1.0,departamento,palermo,-34.58344258117606,-58.42865213845265,0,1,0
A,953.0,53.0,53.0,2.0,1.0,1.0,departamento,belgrano,-34.56096289122256,-58.46078099327805,0,0,0
A,627.0,33.0,33.0,2.0,1.0,1.0,departamento,flores,-34.64712695032021,-58.47271204923895,0,0,0
A,303.0,20.0,20.0,1.0,1.0,1.0,departamento,palermo,-34.595663747484906,-58.41338677454419,0,0,0
A,587.0,45.0,45.0,2.0,1.0,1.0,ph,nunez,-34.54844766616269,-58.465274812839816,0,0,0
A,218.0,24.0,24.0,1.0,1.0,1.0,departamento,boedo,-34.633889890195725,-58.40325470930862,0,0,0
A,781.0,49.0,49.0,3.0,2.0,2.0,departamento,caballito,-34.63843203209196,-58.40756600257004,0,0,0
A,742.0,100.0,100.0,4.0,3.0,2.0,departamento,flores,-34.622107952648506,-58.46004212326957,0,0,0
A,440.0,20.0,20.0,1.0,1.0,1.0,departamento,villa urquiza,-34.56263028722517,-58.51033723756221,0,0,0
A,821.0,67.0,67.0,3.0,2.0,1.0,departamento,flores,-34.6395292699359,-58.44961697783789,0,0,0
A,968.0,52.0,52.0,2.0,1.0,1.0,ph,san telmo,-34.60499633725768,-58.35830254506014,0,0,0
A,675.0,32.0,32.0,2.0,1.0,1.0,departamento,recoleta,-34.56918820299446,-58.40166581962004,0,0,0
A,560.0,36.0,36.0,1.0,1.0,1.0,departamento,villa crespo,-34.60341373150043,-58.44143723303341,0,0,0
A,743.0,48.0,48.0,2.0,1.0,1.0,departamento,colegiales,-34.575101193153735,-58.444936394522365,0,0,0
A,738.0,34.0,34.0,1.0,1.0,1.0,departamento,recoleta,-34.59302388470028,-58.3892363445415,0,0,0
A,692.0,46.0,46.0,2.0,1.0,1.0,departamento,villa urquiza,-34.56784213668538,-58.46791442873253,0,0,0
A,343.0,30.0,30.0,2.0,1.0,1.0,departamento,colegiales,-34.57725865055325,-58.44080133044851,0,0,0
A,708.0,55.0,55.0,3.0,2.0,2.0,departamento,san telmo,-34.63601336291663,-58.36091167576952,0,0,0
A,621.0,37.0,37.0,1.0,1.0,1.0,departamento,almagro,-34.63737094529849,-58.41981318070225,0,0,0
A,516.0,58.0,58.0,2.0,1.0,1.0,ph,boedo,-34.61815474227004,-58.40154784551124,0,0,0
A,389.0,28.0,28.0,1.0,1.0,1.0,departamento,belgrano,-34.55929526006963,-58.45831666744469,0,0,0
A,568.0,35.0,35.0,2.0,1.0,1.0,departamento,san telmo,-34.62731046798758,-58.35882578908036,1,0,0
A,665.0,44.0,44.0,3.0,2.0,2.0,departamento,caballito,-34.62850069128667,-58.42325350103906,0,0,0
A,898.0,46.0,46.0,3.0,2.0,1.0,departamento,palermo,-34.57881308876557,-58.43672776786171,0,0,0
A,386.0,33.0,33.0,1.0,1.0,1.0,departamento,san telmo,-34.64285303283154,-58.37917201219906,0,0,0
A,542.0,46.0,46.0,2.0,1.0,1.0,departamento,villa crespo,-34.59864946781147,-58.43398608149986,0,0,0
A,493.0,37.0,37.0,2.0,1.0,1.0,departamento,villa urquiza,-34.58390944550305,-58.47788669391413,0,0,0
A,741.0,44.0,44.0,2.0,1.0,1.0,departamento,villa urquiza,-34.574789884756576,-58.47398758774999,0,0,0
A,972.0,82.0,82.0,3.0,2.0,2.0,departamento,flores,-34.60634730574996,-58.47039015417805,0,0,0
A,537.0,43.0,43.0,2.0,1.0,1.0,ph,san telmo,-34.6319890604936,-58.36900468650148,0,0,0
A,963.0,56.0,56.0,2.0,1.0,1.0,ph,flores,-34.623472444814475,-58.44418378816224,0,0,0
A,575.0,43.0,43.0,2.0,1.0,1.0,departamento,flores,-34.61526492489786,-58.46920067480024,0,0,0
A,309.0,27.0,27.0,2.0,1.0,1.0,departamento,flores,-34.63466533751438,-58.46373761109381,0,0,0
A,454.0,38.0,38.0,1.0,1.0,1.0,departamento,caballito,-34.609771620134694,-58.44632866873968,0,1,0
A,982.0,55.0,55.0,2.0,1.0,1.0,departamento,palermo,-34.574238905117255,-58.429909824660406,0,0,0
A,660.0,63.0,63.0,2.0,1.0,1.0,ph,belgrano,-34.55599879717013,-58.45972229603307,0,0,0
A,393.0,20.0,20.0,1.0,1.0,1.0,departamento,recoleta,-34.58930488435629,-58.38811334964517,0,0,0
A,454.0,45.0,45.0,2.0,1.0,1.0,departamento,boedo,-34.63284431743359,-58.39413817287532,0,0,0
A,524.0,35.0,35.0,2.0,1.0,1.0,ph,villa urquiza,-34.56264141766739,-58.48274218258186,0,0,0
A,787.0,58.0,58.0,3.0,2.0,1.0,departamento,caballito,-34.61612714599357,-58.43400377867636,0,1,0
A,353.0,29.0,29.0,1.0,1.0,1.0,departamento,villa urquiza,-34.58683395685664,-58.48671910900471,0,0,0
A,736.0,56.0,56.0,1.0,1.0,1.0,departamento,almagro,-34.567835884243216,-58.41593687500253,0,0,0
A,985.0,64.0,64.0,3.0,2.0,2.0,departamento,boedo,-34.62859719811579,-58.409500264739926,0,0,0
A,419.0,20.0,20.0,2.0,1.0,1.0,departamento,belgrano,-34.5636668186727,-58.43787257800575,1,0,0
A,736.0,41.0,41.0,2.0,1.0,1.0,departamento,nunez,-34.526289812514214,-58.46358531517401,0,0,0
A,204.0,20.0,20.0,1.0,1.0,1.0,departamento,boedo,-34.62169826409454,-58.39768338144399,0,0,0
A,842.0,63.0,63.0,2.0,1.0,1.0,departamento,caballito,-34.62787750852339,-58.43527759772562,1,0,0
A,746.0,33.0,33.0,2.0,1.0,1.0,departamento,palermo,-34.56835691019288,-58.45534777794473,0,0,0
A,894.0,60.0,60.0,2.0,1.0,1.0,ph,flores,-34.6271659182651,-58.463809473859776,0,0,0
A,376.0,25.0,25.0,1.0,1.0,1.0,departamento,belgrano,-34.569643058900496,-58.45117220304977,1,0,0
A,562.0,40.0,40.0,1.0,1.0,1.0,departamento,villa urquiza,-34.56323077485267,-58.489188982847786,0,0,0
A,671.0,40.0,40.0,2.0,1.0,1.0,departamento,villa urquiza,-34.588381487523186,-58.47302374286017,0,0,0
A,439.0,25.0,25.0,1.0,1.0,1.0,departamento,colegiales,-34.55333321227282,-58.441601545072,0,0,0
A,631.0,48.0,48.0,2.0,1.0,1.0,departamento,villa urquiza,-34.57185690293005,-58.48482293935927,1,0,0
A,603.0,39.0,39.0,2.0,1.0,1.0,departamento,villa urquiza,-34.549595297741405,-58.48865499249271,0,0,0
A,417.0,41.0,41.0,2.0,1.0,1.0,departamento,boedo,-34.61992986405142,-58.43472717696669,1,0,0
A,430.0,27.0,27.0,1.0,1.0,1.0,departamento,recoleta,-34.57430304615489,-58.37671739849015,0,0,0
A,661.0,30.0,30.0,1.0,1.0,1.0,departamento,belgrano,-34.566136475865136,-58.454891740580415,0,0,0
A,525.0,45.0,45.0,2.0,1.0,1.0,departamento,san telmo,-34.60653321370763,-58.3774452930456,0,0,0
A,566.0,29.0,29.0,1.0,1.0,1.0,departamento,palermo,-34.589010255545155,-58.42970259635545,0,0,0
A,150.0,20.0,20.0,1.0,1.0,1.0,departamento,boedo,-34.62574067446465,-58.4281305527456,0,0,0
A,670.0,43.0,43.0,2.0,1.0,1.0,departamento,belgrano,-34.574289864890304,-58.48309982284037,0,0,0
A,618.0,39.0,39.0,2.0,1.0,1.0,departamento,belgrano,-34.57121426184516,-58.45366054468051,0,0,0
A,767.0,51.0,51.0,1.0,1.0,1.0,departamento,colegiales,-34.58008088675418,-58.46115373428598,0,0,0
A,627.0,40.0,40.0,2.0,1.0,1.0,ph,nunez,-34.54631836947723,-58.46520904240419,0,0,0
A,629.0,55.0,55.0,3.0,2.0,1.0,departamento,villa crespo,-34.59723108621207,-58.42823456585519,0,0,0
A,549.0,37.0,37.0,2.0,1.0,1.0,departamento,colegiales,-34.573080805929706,-58.45008187573779,0,0,0
A,390.0,34.0,34.0,1.0,1.0,1.0,departamento,flores,-34.62455967374685,-58.44999277753239,0,0,0
A,339.0,27.0,27.0,1.0,1.0,1.0,departamento,palermo,-34.5747549330374,-58.44051577622682,0,0,0
A,609.0,47.0,47.0,1.0,1.0,1.0,departamento,flores,-34.61717274320068,-58.46999846916493,0,0,0
A,852.0,57.0,57.0,2.0,1.0,1.0,departamento,almagro,-34.60719120810733,-58.43507923845097,0,0,0
A,202.0,20.0,20.0,1.0,1.0,1.0,departamento,flores,-34.61580870691583,-58.48831484128884,0,0,0
A,237.0,20.0,20.0,1.0,1.0,1.0,departamento,belgrano,-34.576434700493664,-58.46540007222094,0,0,0
A,304.0,30.0,30.0,1.0,1.0,1.0,departamento,villa urquiza,-34.583338983867165,-58.46590270028602,1,0,0
A,788.0,68.0,68.0,3.0,2.0,1.0,departamento,san telmo,-34.63940226690784,-58.36678678306211,0,1,0
A,754.0,57.0,57.0,3.0,2.0,1.0,departamento,san telmo,-34.618256318333444,-58.37656291317524,0,0,0
A,646.0,39.0,39.0,2.0,1.0,1.0,departamento,nunez,-34.55701748398186,-58.457401330776335,0,0,0
A,485.0,37.0,37.0,1.0,1.0,1.0,departamento,caballito,-34.616132258983235,-58.443139933032505,0,0,0
A,356.0,27.0,27.0,1.0,1.0,1.0,departamento,flores,-34.61996828636968,-58.44912166558863,1,0,0
A,982.0,60.0,60.0,3.0,2.0,2.0,casa,almagro,-34.60711702852047,-58.39395510607429,0,0,0
A,487.0,26.0,26.0,2.0,1.0,1.0,departamento,recoleta,-34.61033852233794,-58.39607694403218,0,0,0
A,671.0,54.0,54.0,3.0,2.0,1.0,departamento,flores,-34.6326404544953,-58.46016813736713,0,0,0
A,979.0,62.0,62.0,3.0,2.0,1.0,ph,villa urquiza,-34.58290933831655,-58.4860566484884,0,0,0
A,581.0,48.0,48.0,3.0,2.0,1.0,departamento,nunez,-34.56558414342331,-58.46550525575797,0,1,0
A,827.0,45.0,45.0,1.0,1.0,1.0,departamento,nunez,-34.5446996151287,-58.46090075997351,0,0,0
A,823.0,58.0,58.0,3.0,2.0,1.0,departamento,boedo,-34.636284057480125,-58.435554373064015,0,1,0
A,610.0,65.0,65.0,3.0,1.0,1.0,departamento,almagro,-34.613737092192245,-58.41942173494303,1,0,0
A,706.0,35.0,35.0,2.0,1.0,1.0,ph,caballito,-34.589409785853995,-58.43359057425673,0,0,0
A,466.0,46.0,46.0,2.0,1.0,1.0,departamento,villa urquiza,-34.57625004660474,-58.475053777074045,0,0,0
A,285.0,30.0,30.0,1.0,1.0,1.0,departamento,caballito,-34.616279789018066,-58.44673869295597,0,0,0
A,645.0,46.0,46.0,1.0,1.0,1.0,departamento,villa urquiza,-34.58450603968337,-58.47854963352629,0,0,0
A,513.0,53.0,53.0,2.0,1.0,1.0,departamento,flores,-34.61100556013499,-58.44128356625516,0,0,0
A,979.0,93.0,93.0,3.0,2.0,1.0,ph,colegiales,-34.57947320320279,-58.46456440149868,0,0,0
A,285.0,21.0,21.0,1.0,1.0,1.0,departamento,boedo,-34.63222428250843,-58.4197273968243,0,0,0
A,347.0,21.0,21.0,1.0,1.0,1.0,departamento,palermo,-34.57540165189006,-58.39466737825141,1,0,0
A,235.0,23.0,23.0,1.0,1.0,1.0,departamento,caballito,-34.62184303477012,-58.44583051345663,0,0,0
A,587.0,39.0,39.0,3.0,2.0,1.0,departamento,caballito,-34.62077678739524,-58.4229411538559,0,0,0
A,979.0,62.0,62.0,3.0,2.0,1.0,ph,villa urquiza,-34.58290933831655,-58.4860566484884,0,0,0
A,515.0,22.0,22.0,1.0,1.0,1.0,departamento,palermo,-34.59073900846565,-58.414028885462464,0,0,0
A,222.0,20.0,20.0,1.0,1.0,1.0,departamento,san telmo,-34.640754136524606,-58.37184245658187,0,1,0
A,886.0,54.0,54.0,2.0,1.0,1.0,ph,recoleta,-34.58875627572856,-58.39240936850358,0,0,0
A,886.0,65.0,65.0,4.0,3.0,2.0,departamento,villa crespo,-34.586289816399514,-58.44221323003705,0,0,0
A,528.0,42.0,42.0,1.0,1.0,1.0,departamento,villa crespo,-34.6150413105393,-58.46731700346219,0,0,0
A,395.0,44.0,44.0,2.0,1.0,1.0,departamento,san telmo,-34.60803440607915,-58.35436786313824,1,0,0
A,778.0,64.0,64.0,3.0,2.0,2.0,departamento,flores,-34.6497595768684,-58.45635537792469,0,0,0
A,506.0,52.0,52.0,2.0,1.0,1.0,departamento,villa crespo,-34.59438921700177,-58.43448074349468,1,0,0
A,788.0,68.0,68.0,3.0,2.0,1.0,departamento,san telmo,-34.63940226690784,-58.36678678306211,0,0,0
A,241.0,31.0,31.0,1.0,1.0,1.0,departamento,flores,-34.63713555083574,-58.47444025580996,0,0,0
A,759.0,40.0,40.0,2.0,1.0,1.0,departamento,villa crespo,-34.59715378967514,-58.41302939142372,0,0,0
A,659.0,48.0,48.0,3.0,2.0,1.0,ph,colegiales,-34.575713260953115,-58.434699993471085,0,0,0
A,552.0,29.0,29.0,1.0,1.0,1.0,departamento,palermo,-34.57205523960403,-58.41895859136688,1,0,0
A,711.0,38.0,38.0,2.0,1.0,1.0,ph,san telmo,-34.66346629270084,-58.36658694144993,0,0,0
A,402.0,30.0,30.0,1.0,1.0,1.0,departamento,palermo,-34.583674965518085,-58.39533394258365,0,0,0
A,512.0,32.0,32.0,1.0,1.0,1.0,departamento,nunez,-34.54626324738695,-58.47865168308232,0,0,0
A,443.0,38.0,38.0,2.0,1.0,1.0,departamento,belgrano,-34.537913641176345,-58.44813321381552,0,0,0
A,781.0,40.0,40.0,2.0,1.0,1.0,departamento,palermo,-34.55935053128984,-58.43427931302133,0,0,0
A,740.0,53.0,53.0,2.0,1.0,1.0,ph,villa urquiza,-34.57109315085825,-58.490300485822935,0,0,0
A,999.0,83.0,83.0,3.0,2.0,1.0,ph,flores,-34.642099971791524,-58.47033676814721,0,0,0
A,395.0,26.0,26.0,1.0,1.0,1.0,departamento,villa crespo,-34.59757208344553,-58.42008265360956,0,0,0
A,737.0,45.0,45.0,2.0,1.0,1.0,departamento,recoleta,-34.58373323572992,-58.40349877871155,0,0,0
A,719.0,47.0,47.0,2.0,1.0,1.0,departamento,caballito,-34.62462571277572,-58.44879691547409,0,0,0
A,727.0,45.0,45.0,2.0,1.0,1.0,ph,colegiales,-34.57514513925896,-58.47286112170207,0,0,0
A,717.0,51.0,51.0,3.0,1.0,1.0,departamento,villa urquiza,-34.58682608375409,-58.47369371722154,1,0,0
A,843.0,46.0,46.0,3.0,2.0,1.0,departamento,palermo,-34.57032482758926,-58.41865470385969,0,0,0
A,612.0,37.0,37.0,2.0,1.0,1.0,departamento,almagro,-34.606629017892146,-58.409517694307766,0,0,0
A,709.0,43.0,43.0,2.0,1.0,1.0,departamento,colegiales,-34.558697035844936,-58.46423022795087,0,1,0
A,661.0,52.0,52.0,3.0,2.0,1.0,ph,recoleta,-34.57509503821415,-58.389577289143375,0,0,0
A,700.0,73.0,73.0,4.0,3.0,2.0,departamento,flores,-34.61550938287663,-58.45449267163253,0,0,0
A,859.0,39.0,39.0,1.0,1.0,1.0,departamento,villa crespo,-34.599095774452216,-58.42637151338038,0,0,0
A,950.0,63.0,63.0,2.0,1.0,1.0,ph,caballito,-34.65779078519015,-58.42190027101503,0,0,0
A,381.0,33.0,33.0,1.0,1.0,1.0,departamento,flores,-34.63631531876177,-58.45708126655389,0,0,0
A,599.0,44.0,44.0,2.0,1.0,1.0,departamento,nunez,-34.54341635997665,-58.47324464983059,0,0,0
A,363.0,41.0,41.0,2.0,1.0,1.0,departamento,colegiales,-34.57332505594912,-58.466844007672606,0,0,0
A,791.0,48.0,48.0,2.0,1.0,1.0,departamento,nunez,-34.54110422514096,-58.45497667597528,0,0,0
A,287.0,20.0,20.0,1.0,1.0,1.0,departamento,boedo,-34.63105879538587,-58.42178152013131,0,0,0
A,256.0,20.0,20.0,1.0,1.0,1.0,departamento,san telmo,-34.61160050334628,-58.38520455140114,0,0,0
A,546.0,55.0,55.0,3.0,2.0,1.0,departamento,san telmo,-34.61524985008707,-58.37025970993033,0,0,0
A,371.0,38.0,38.0,2.0,1.0,1.0,departamento,boedo,-34.638031243048424,-58.39531396656841,0,0,0
A,628.0,37.0,37.0,1.0,1.0,1.0,departamento,recoleta,-34.60800667423374,-58.38246128478696,1,0,0
A,377.0,41.0,41.0,2.0,1.0,1.0,departamento,san telmo,-34.61935177024712,-58.33698191733928,0,0,0
A,602.0,37.0,37.0,1.0,1.0,1.0,departamento,villa crespo,-34.60245521989478,-58.437793592891786,0,0,0
A,912.0,69.0,69.0,3.0,2.0,2.0,ph,villa urquiza,-34.56130683565195,-58.50467312999477,0,0,0
A,969.0,68.0,68.0,3.0,2.0,1.0,ph,boedo,-34.61398436573272,-58.41039462059289,0,0,0
A,634.0,55.0,55.0,3.0,2.0,1.0,departamento,almagro,-34.606611051836886,-58.41276232179244,0,0,0
A,674.0,39.0,39.0,2.0,1.0,1.0,departamento,caballito,-34.62518168455954,-58.43570867069343,0,0,0
A,671.0,42.0,42.0,2.0,1.0,1.0,departamento,palermo,-34.57014216995652,-58.42510520740368,0,0,0
A,212.0,20.0,20.0,1.0,1.0,1.0,departamento,villa urquiza,-34.566458085662724,-58.48945277023748,0,0,0
A,550.0,26.0,26.0,2.0,1.0,1.0,departamento,palermo,-34.56749610153354,-58.43106196593038,0,1,0
A,425.0,27.0,27.0,1.0,1.0,1.0,departamento,villa crespo,-34.609442678905715,-58.42353246306457,0,0,0
A,621.0,47.0,47.0,2.0,1.0,1.0,departamento,boedo,-34.62452275095265,-58.413743387598025,0,0,0
A,682.0,50.0,50.0,2.0,1.0,1.0,departamento,belgrano,-34.57253454969686,-58.49187161949893,0,0,0
A,642.0,27.0,27.0,2.0,1.0,1.0,departamento,villa urquiza,-34.59895559938696,-58.4788734977438,1,0,0
A,565.0,34.0,34.0,1.0,1.0,1.0,departamento,belgrano,-34.55965237897295,-58.48799569142766,0,0,0
A,755.0,33.0,33.0,1.0,1.0,1.0,departamento,palermo,-34.59560267161856,-58.42278035309912,0,0,0
A,912.0,56.0,56.0,2.0,1.0,1.0,departamento,villa crespo,-34.59729460596521,-58.45850794494535,0,0,0
A,385.0,29.0,29.0,1.0,1.0,1.0,departamento,caballito,-34.64513686030416,-58.44084975004597,0,0,0
A,237.0,20.0,20.0,1.0,1.0,1.0,departamento,belgrano,-34.576434700493664,-58.46540007222094,0,0,0
A,921.0,69.0,69.0,3.0,2.0,1.0,departamento,caballito,-34.61532088363871,-58.46233352189732,0,0,0
A,810.0,67.0,67.0,2.0,1.0,1.0,ph,caballito,-34.63459565203835,-58.41387536823014,0,0,0
A,580.0,55.0,55.0,3.0,2.0,2.0,departamento,san telmo,-34.62211376859432,-58.38931817944075,0,0,0
A,823.0,48.0,48.0,2.0,1.0,1.0,ph,belgrano,-34.58415398980611,-58.47031968881683,0,1,0
A,538.0,42.0,42.0,2.0,1.0,1.0,departamento,san telmo,-34.622706471839315,-58.37458775650246,0,0,0
A,573.0,47.0,47.0,1.0,1.0,1.0,departamento,nunez,-34.55570417879855,-58.450413315991874,0,0,0
A,681.0,57.0,57.0,2.0,1.0,1.0,departamento,boedo,-34.62664981759238,-58.41607342488883,1,0,0
A,266.0,20.0,20.0,1.0,1.0,1.0,departamento,villa crespo,-34.59593526238968,-58.42907669998135,0,0,0
A,686.0,61.0,61.0,2.0,1.0,1.0,departamento,boedo,-34.63106361240831,-58.41046194624996,1,0,0
A,771.0,75.0,75.0,3.0,2.0,2.0,departamento,villa urquiza,-34.57848325565492,-58.482711024556494,0,0,0
A,257.0,20.0,20.0,1.0,1.0,1.0,departamento,boedo,-34.6348184668905,-58.425084427065855,0,0,0
A,609.0,51.0,51.0,3.0,2.0,1.0,departamento,almagro,-34.58923793834017,-58.40292927605389,0,0,0
A,885.0,58.0,58.0,3.0,1.0,1.0,departamento,colegiales,-34.56611575245014,-58.4617603014457,1,1,0
A,493.0,37.0,37.0,1.0,1.0,1.0,departamento,villa crespo,-34.61304021180718,-58.42781725558629,0,0,0
A,796.0,66.0,66.0,3.0,2.0,1.0,departamento,almagro,-34.60962725189881,-58.42148851030609,0,0,0
A,665.0,57.0,57.0,2.0,1.0,1.0,departamento,caballito,-34.60651795500288,-58.42436838773345,0,0,0
A,962.0,39.0,39.0,2.0,1.0,1.0,departamento,recoleta,-34.57449294674752,-58.39827570479904,0,0,0
A,564.0,58.0,58.0,2.0,1.0,1.0,ph,villa urquiza,-34.5907117850934,-58.47159945001944,0,0,0
A,454.0,26.0,26.0,1.0,1.0,1.0,departamento,belgrano,-34.568471126542505,-58.44507162848021,0,0,0
A,791.0,48.0,48.0,2.0,1.0,1.0,departamento,nunez,-34.54110422514096,-58.45497667597528,0,0,0
A,307.0,26.0,26.0,1.0,1.0,1.0,departamento,almagro,-34.60347420982938,-58.41583606889049,0,0,0
A,638.0,36.0,36.0,2.0,1.0,1.0,departamento,nunez,-34.53560069336265,-58.46591785338458,0,0,0
A,538.0,34.0,34.0,2.0,1.0,1.0,departamento,villa crespo,-34.59681577834944,-58.43244309512397,0,0,0
A,990.0,59.0,59.0,3.0,2.0,1.0,departamento,villa urquiza,-34.57476929874652,-58.47557851092777,0,0,0
A,808.0,40.0,40.0,2.0,1.0,1.0,ph,almagro,-34.61308034033749,-58.40734129104938,0,0,0
A,402.0,29.0,29.0,2.0,1.0,1.0,departamento,san telmo,-34.616297792764506,-58.3978936251124,0,0,0
A,592.0,46.0,46.0,2.0,1.0,1.0,departamento,caballito,-34.61899328009192,-58.43008256266969,0,0,0
A,487.0,38.0,38.0,2.0,1.0,1.0,departamento,nunez,-34.54742529007417,-58.46994347519132,0,0,0
A,349.0,24.0,24.0,1.0,1.0,1.0,departamento,villa crespo,-34.62075345269216,-58.43834736058406,0,0,0
A,726.0,74.0,74.0,3.0,2.0,2.0,departamento,san telmo,-34.61186212313273,-58.35735484108493,0,0,0
A,928.0,53.0,53.0,2.0,1.0,1.0,ph,recoleta,-34.59715910987851,-58.416658585207976,0,0,0
A,876.0,61.0,61.0,3.0,2.0,2.0,departamento,villa crespo,-34.578588341767,-58.41634707007962,0,0,0
A,602.0,40.0,40.0,1.0,1.0,1.0,departamento,palermo,-34.58218358473578,-58.42468183719341,0,0,0
A,662.0,78.0,78.0,3.0,1.0,1.0,casa,flores,-34.63080316322791,-58.466466451979,1,1,0
A,350.0,36.0,36.0,1.0,1.0,1.0,departamento,villa crespo,-34.58746917084519,-58.43085338225837,0,0,0
A,686.0,30.0,30.0,1.0,1.0,1.0,departamento,palermo,-34.5623901054178,-58.42242157831428,0,0,0
A,475.0,34.0,34.0,1.0,1.0,1.0,departamento,colegiales,-34.555944116254366,-58.45467841933428,0,0,0
A,513.0,33.0,33.0,1.0,1.0,1.0,departamento,belgrano,-34.564496899414216,-58.4419670404113,0,0,0
A,473.0,35.0,35.0,2.0,1.0,1.0,departamento,almagro,-34.58132995835696,-58.41528504110182,0,0,0
A,807.0,58.0,58.0,3.0,2.0,2.0,departamento,san telmo,-34.62717739209898,-58.369077637549765,0,0,0
A,212.0,20.0,20.0,1.0,1.0,1.0,departamento,villa urquiza,-34.566458085662724,-58.48945277023748,0,0,0
A,259.0,20.0,20.0,1.0,1.0,1.0,departamento,boedo,-34.62327268141905,-58.39764716846105,0,0,0
A,287.0,20.0,20.0,1.0,1.0,1.0,departamento,boedo,-34.63105879538587,-58.42178152013131,1,0,0
A,809.0,50.0,50.0,2.0,1.0,1.0,ph,villa urquiza,-34.55371276635728,-58.48516526906318,1,0,0
A,680.0,59.0,59.0,2.0,1.0,1.0,departamento,villa crespo,-34.59311222347511,-58.43558963734528,0,0,0
A,747.0,56.0,56.0,3.0,2.0,1.0,departamento,caballito,-34.61855791864227,-58.44899129693788,0,0,0
A,663.0,50.0,50.0,2.0,1.0,1.0,departamento,caballito,-34.60810567234755,-58.43979102901202,0,0,0
A,561.0,36.0,36.0,1.0,1.0,1.0,departamento,villa urquiza,-34.59102085192985,-58.50201863767514,0,0,0
A,571.0,32.0,32.0,2.0,1.0,1.0,departamento,boedo,-34.613175585326175,-58.39836004739859,0,0,0
A,999.0,50.0,50.0,3.0,2.0,1.0,departamento,almagro,-34.61178114651741,-58.40840872534169,0,0,0
A,635.0,32.0,32.0,1.0,1.0,1.0,departamento,nunez,-34.538587833438555,-58.484220985107655,0,0,0
A,490.0,47.0,47.0,2.0,1.0,1.0,ph,san telmo,-34.62192597730254,-58.3709466256018,0,0,0
A,251.0,32.0,32.0,1.0,1.0,1.0,departamento,almagro,-34.61390195278906,-58.431245404542864,1,0,0
A,717.0,44.0,44.0,2.0,1.0,1.0,departamento,colegiales,-34.58993625030949,-58.45032207481981,0,0,0
A,873.0,45.0,45.0,2.0,1.0,1.0,departamento,villa urquiza,-34.5871424508095,-58.47512033586457,0,0,0
A,581.0,38.0,38.0,3.0,2.0,2.0,departamento,san telmo,-34.633028225319165,-58.34661264180002,0,0,0
A,476.0,52.0,52.0,1.0,1.0,1.0,departamento,flores,-34.64055345302075,-58.45831911101145,0,0,0
A,669.0,39.0,39.0,2.0,1.0,1.0,departamento,v. crespo,-34.60749567536407,-58.44785816934983,0,0,0
A,752.0,42.0,42.0,1.0,1.0,1.0,departamento,palermo,-34.56106096579078,-58.41694489442096,0,0,0
A,702.0,50.0,50.0,2.0,1.0,1.0,departamento,almagro,-34.61444708627687,-58.39475432689447,0,0,0
A,933.0,67.0,67.0,3.0,2.0,2.0,casa,flores,-34.632104326402974,-58.44763398143756,0,0,0
A,506.0,32.0,32.0,1.0,1.0,1.0,departamento,caballito,-34.62665378919726,-58.41497775637923,0,0,0
A,352.0,44.0,44.0,2.0,1.0,1.0,departamento,boedo,-34.63224779675728,-58.38979241109636,0,0,0
A,615.0,33.0,33.0,2.0,1.0,1.0,departamento,palermo,-34.59339697437722,-58.41686154435372,0,0,0
A,608.0,30.0,30.0,1.0,1.0,1.0,departamento,palermo,-34.59650462583597,-58.41756828102326,0,1,0
A,329.0,30.0,30.0,1.0,1.0,1.0,departamento,flores,-34.630326868134915,-58.47892389099564,0,0,0
A,936.0,68.0,68.0,3.0,2.0,1.0,departamento,almagro,-34.62123481046909,-58.41219274055643,0,0,0
A,495.0,29.0,29.0,1.0,1.0,1.0,departamento,belgrano,-34.56875204579148,-58.451742855826815,1,1,0
A,516.0,58.0,58.0,2.0,1.0,1.0,ph,boedo,-34.61815474227004,-58.40154784551124,0,0,0
A,346.0,30.0,30.0,1.0,1.0,1.0,departamento,palermo,-34.561933009597766,-58.446185144370304,1,0,0
A,630.0,52.0,52.0,2.0,1.0,1.0,departamento,flores,-34.615077433751885,-58.45440046927598,0,0,0
A,497.0,53.0,53.0,2.0,1.0,1.0,ph,almagro,-34.621325195386405,-58.42118446617777,0,1,0
A,715.0,44.0,44.0,2.0,1.0,1.0,departamento,colegiales,-34.56444313484364,-58.453376621278615,0,0,0
A,757.0,34.0,34.0,1.0,1.0,1.0,departamento,recoleta,-34.60340084185974,-58.39735003036327,0,1,0
A,586.0,48.0,48.0,2.0,1.0,1.0,departamento,colegiales,-34.54945133276857,-58.43797261837213,1,0,0
A,422.0,33.0,33.0,1.0,1.0,1.0,departamento,recoleta,-34.58966044408242,-58.3770117882085,1,0,0
A,560.0,36.0,36.0,1.0,1.0,1.0,departamento,villa crespo,-34.60341373150043,-58.44143723303341,0,0,0
A,273.0,31.0,31.0,2.0,1.0,1.0,departamento,flores,-34.65073497380567,-58.46592046408295,0,0,0
A,723.0,53.0,53.0,3.0,1.0,1.0,departamento,caballito,-34.60876659380368,-58.42417686168488,1,0,0
A,344.0,36.0,36.0,1.0,1.0,1.0,departamento,nunez,-34.550381885170395,-58.45222043754553,1,0,0
A,811.0,38.0,38.0,1.0,1.0,1.0,departamento,boedo,-34.64429854002231,-58.43076320909762,0,0,0
A,714.0,59.0,59.0,2.0,1.0,1.0,departamento,villa crespo,-34.60049146151379,-58.42102935192772,0,0,0
A,571.0,32.0,32.0,2.0,1.0,1.0,departamento,boedo,-34.613175585326175,-58.39836004739859,0,0,0
A,680.0,59.0,59.0,2.0,1.0,1.0,departamento,villa crespo,-34.59311222347511,-58.43558963734528,0,1,0
A,396.0,20.0,20.0,1.0,1.0,1.0,departamento,villa urquiza,-34.59239601894324,-58.49847401672301,0,0,0
A,257.0,27.0,27.0,1.0,1.0,1.0,departamento,caballito,-34.639041486099465,-58.45090940182413,0,1,0
A,774.0,40.0,40.0,2.0,1.0,1.0,departamento,almagro,-34.603262328442085,-58.41324574623452,0,0,0
A,711.0,52.0,52.0,1.0,1.0,1.0,departamento,almagro,-34.594760558132535,-58.43449909289945,0,0,0
A,445.0,38.0,38.0,1.0,1.0,1.0,departamento,caballito,-34.61823080347912,-58.42056280560835,0,0,0
A,217.0,20.0,20.0,1.0,1.0,1.0,departamento,flores,-34.637689241257306,-58.44549845606812,0,0,0
A,495.0,45.0,45.0,2.0,1.0,1.0,departamento,almagro,-34.62862367614698,-58.41941381839715,1,0,0
A,904.0,42.0,42.0,2.0,1.0,1.0,departamento,nunez,-34.559148205091006,-58.4638784050794,0,0,0
A,538.0,43.0,43.0,2.0,1.0,1.0,ph,almagro,-34.62032778958297,-58.433042964339,0,0,0
A,653.0,41.0,41.0,2.0,1.0,1.0,ph,flores,-34.600971862448226,-58.46011981612436,0,0,0
A,864.0,34.0,34.0,2.0,1.0,1.0,departamento,villa crespo,-34.604477625015654,-58.4150167230726,0,0,0
A,443.0,40.0,40.0,2.0,1.0,1.0,departamento,almagro,-34.60084720344641,-58.43373057946164,0,0,0
A,657.0,53.0,53.0,2.0,1.0,1.0,departamento,belgrano,-34.54331164282076,-58.45945234856973,0,0,0
A,527.0,43.0,43.0,2.0,1.0,1.0,departamento,boedo,-34.62667597480209,-58.400706120611,0,0,0
A,920.0,64.0,64.0,3.0,2.0,1.0,ph,nunez,-34.5308816093869,-58.43976891293793,0,0,0
A,736.0,56.0,56.0,3.0,2.0,2.0,departamento,recoleta,-34.57932354472504,-58.393973840044325,0,0,0
A,584.0,50.0,50.0,2.0,1.0,1.0,departamento,villa urquiza,-34.565907586572216,-58.48717569624564,0,0,0
A,527.0,35.0,35.0,2.0,1.0,1.0,departamento,villa crespo,-34.58840533044922,-58.430337406688366,0,0,0
A,645.0,42.0,42.0,2.0,1.0,1.0,ph,belgrano,-34.558011434558004,-58.44955161836271,0,0,0
A,727.0,35.0,35.0,2.0,1.0,1.0,ph,san telmo,-34.6201355576646,-58.37454650763881,0,0,0
A,226.0,20.0,20.0,1.0,1.0,1.0,departamento,colegiales,-34.578365576133415,-58.43026337906004,0,0,0
A,940.0,46.0,46.0,2.0,1.0,1.0,ph,palermo,-34.57995099174495,-58.43741869222427,0,0,0
A,749.0,73.0,73.0,3.0,2.0,2.0,departamento,flores,-34.64173889909167,-58.46996278856583,0,0,0
A,764.0,50.0,50.0,3.0,2.0,2.0,departamento,villa urquiza,-34.578094979831945,-58.48386036801719,0,0,0
A,526.0,36.0,36.0,2.0,1.0,1.0,departamento,recoleta,-34.574027544359,-58.38238913797279,0,0,0
A,582.0,45.0,45.0,1.0,1.0,1.0,departamento,belgrano,-34.56419227551993,-58.43027660646544,0,0,0
A,513.0,34.0,34.0,1.0,1.0,1.0,departamento,villa urquiza,-34.565541628678226,-58.45968705178607,0,0,0
A,760.0,58.0,58.0,3.0,2.0,1.0,ph,flores,-34.64072575096201,-58.45528851144718,0,0,0
A,404.0,31.0,31.0,2.0,1.0,1.0,departamento,colegiales,-34.58487158169581,-58.458674622412914,0,0,0
A,868.0,35.0,35.0,2.0,1.0,1.0,departamento,villa crespo,-34.58603555180186,-58.442199499338834,0,0,0
A,628.0,37.0,37.0,1.0,1.0,1.0,departamento,recoleta,-34.60800667423374,-58.38246128478696,0,0,0
A,698.0,37.0,37.0,2.0,1.0,1.0,departamento,recoleta,-34.574126371016256,-58.38337949800376,0,0,0
A,724.0,87.0,87.0,3.0,2.0,1.0,departamento,almagro,-34.61192276940159,-58.39958291511472,0,0,0
A,706.0,65.0,65.0,2.0,1.0,1.0,departamento,caballito,-34.63106309710154,-58.45605210333163,0,0,0
A,756.0,43.0,43.0,2.0,1.0,1.0,ph,recoleta,-34.58443897837958,-58.3908964618393,0,0,0
A,613.0,41.0,41.0,2.0,1.0,1.0,departamento,recoleta,-34.616667688892235,-58.39381817883577,0,0,0
A,709.0,49.0,49.0,2.0,1.0,1.0,departamento,palermo,-34.585257498514245,-58.43210856552584,0,0,0
A,868.0,52.0,52.0,2.0,1.0,1.0,ph,villa crespo,-34.5978820999476,-58.44413187004235,0,0,0
A,796.0,66.0,66.0,3.0,2.0,1.0,departamento,almagro,-34.60962725189881,-58.42148851030609,0,0,0
A,509.0,56.0,56.0,2.0,1.0,1.0,departamento,flores,-34.61992424047436,-58.4719902110722,0,0,0
A,846.0,51.0,51.0,3.0,2.0,1.0,departamento,nunez,-34.52371211492456,-58.47008983054437,0,0,0
A,831.0,57.0,57.0,3.0,2.0,1.0,departamento,colegiales,-34.57469364827349,-58.45812537598399,0,0,0
A,880.0,55.0,55.0,2.0,1.0,1.0,departamento,recoleta,-34.590467145172546,-58.400119492564535,0,0,0
A,727.0,35.0,35.0,2.0,1.0,1.0,ph,san telmo,-34.6201355576646,-58.37454650763881,0,0,0
A,575.0,62.0,62.0,2.0,1.0,1.0,ph,flores,-34.63527996728901,-58.45335229245048,1,0,0
A,985.0,83.0,83.0,3.0,2.0,2.0,casa,boedo,-34.613906335985185,-58.4005356141574,0,0,0
A,847.0,64.0,64.0,2.0,1.0,1.0,departamento,boedo,-34.61980347443769,-58.40339949034752,0,0,0
A,576.0,44.0,44.0,2.0,1.0,1.0,departamento,colegiales,-34.56545910603468,-58.45752991427562,0,0,0
A,371.0,40.0,40.0,2.0,1.0,1.0,departamento,flores,-34.65006222347927,-58.45322259211053,0,0,0
A,960.0,55.0,55.0,2.0,1.0,1.0,departamento,recoleta,-34.59111456013101,-58.38613427422936,0,0,0
A,442.0,56.0,56.0,3.0,2.0,1.0,departamento,almagro,-34.603540111731235,-58.41778902503268,0,1,0
A,547.0,58.0,58.0,3.0,2.0,1.0,departamento,flores,-34.64607183825193,-58.46820897942671,0,0,0
A,621.0,45.0,45.0,2.0,1.0,1.0,departamento,flores,-34.61177549157602,-58.46342213334936,0,0,0
A,734.0,40.0,40.0,2.0,1.0,1.0,ph,nunez,-34.55323991051008,-58.46913902246248,0,0,0
A,816.0,75.0,75.0,3.0,2.0,1.0,ph,boedo,-34.63155912310009,-58.41919371713762,0,0,0
A,837.0,47.0,47.0,2.0,1.0,1.0,departamento,caballito,-34.60315492372428,-58.44744130560838,0,0,0
A,660.0,58.0,58.0,2.0,1.0,1.0,departamento,boedo,-34.647352884428614,-58.40995310246196,0,0,0
A,403.0,29.0,29.0,2.0,1.0,1.0,departamento,boedo,-34.619352356343136,-58.40772377165098,0,0,0
A,567.0,35.0,35.0,1.0,1.0,1.0,departamento,nunez,-34.544315842501234,-58.45977689265364,0,1,0
A,273.0,31.0,31.0,2.0,1.0,1.0,departamento,flores,-34.65073497380567,-58.46592046408295,0,0,0
A,646.0,39.0,39.0,2.0,1.0,1.0,departamento,nunez,-34.55701748398186,-58.457401330776335,0,0,0
A,771.0,42.0,42.0,1.0,1.0,1.0,departamento,palermo,-34.566437319342214,-58.41217044676711,0,0,0
A,948.0,61.0,61.0,2.0,1.0,1.0,ph,flores,-34.621577476578274,-58.47030432004476,0,0,0
A,601.0,35.0,35.0,1.0,1.0,1.0,departamento,nunez,-34.5501098159804,-58.48288572302159,0,0,0
A,599.0,41.0,41.0,2.0,1.0,1.0,departamento,villa crespo,-34.59617262530269,-58.42874961767336,0,0,0
A,670.0,48.0,48.0,1.0,1.0,1.0,departamento,recoleta,-34.56397087038826,-58.39869085700539,0,0,0
A,698.0,37.0,37.0,2.0,1.0,1.0,departamento,recoleta,-34.574126371016256,-58.38337949800376,0,0,0
A,744.0,59.0,59.0,3.0,1.0,2.0,departamento,belgrano,-34.560809648635235,-58.45786945490157,1,0,0
A,363.0,49.0,49.0,1.0,1.0,1.0,departamento,villa crespo,-34.58789081488564,-58.429231015488895,0,0,0
A,799.0,52.0,52.0,2.0,1.0,1.0,departamento,belgrano,-34.56117469761111,-58.4526138391094,0,0,0
A,569.0,42.0,42.0,2.0,1.0,1.0,ph,caballito,-34.6221943135364,-58.44182270046347,1,0,0
A,916.0,49.0,49.0,3.0,2.0,1.0,ph,colegiales,-34.559485491109875,-58.46605923310702,0,1,0
A,454.0,42.0,42.0,1.0,1.0,1.0,departamento,caballito,-34.62434323978682,-58.462111054812645,0,0,0
A,397.0,24.0,24.0,1.0,1.0,1.0,departamento,colegiales,-34.586822249048986,-58.44585502982028,0,0,0
A,371.0,38.0,38.0,2.0,1.0,1.0,departamento,boedo,-34.638031243048424,-58.39531396656841,0,0,0
A,423.0,30.0,30.0,2.0,1.0,1.0,departamento,villa crespo,-34.59586314917121,-58.42567214846554,0,0,0
A,511.0,59.0,59.0,2.0,1.0,1.0,departamento,san telmo,-34.63436669898978,-58.385232272209606,0,0,0
A,914.0,52.0,52.0,2.0,1.0,1.0,departamento,nunez,-34.548882179361414,-58.46282855345739,0,0,0
A,629.0,35.0,35.0,1.0,1.0,1.0,departamento,palermo,-34.590858676677726,-58.43313790851656,0,0,0
A,498.0,41.0,41.0,3.0,2.0,2.0,departamento,san telmo,-34.6409896887513,-58.39018244642768,0,0,0
A,537.0,43.0,43.0,2.0,1.0,1.0,ph,san telmo,-34.6319890604936,-58.36900468650148,0,0,0
A,493.0,33.0,33.0,1.0,1.0,1.0,departamento,caballito,-34.63667265996207,-58.45140434018741,0,0,0
A,859.0,48.0,48.0,3.0,1.0,1.0,departamento,nunez,-34.53653348625293,-58.45171425054953,1,0,0
A,263.0,20.0,20.0,1.0,1.0,1.0,departamento,villa crespo,-34.62803479728583,-58.44185462795485,0,0,0
A,711.0,30.0,30.0,1.0,1.0,1.0,departamento,nunez,-34.56826282981226,-58.457330103422414,0,0,0
A,413.0,39.0,39.0,3.0,2.0,1.0,departamento,nunez,-34.538831422311766,-58.44439243288091,0,0,0
A,428.0,32.0,32.0,2.0,1.0,1.0,departamento,villa urquiza,-34.588289004451,-58.49603974541329,0,0,0
A,864.0,41.0,41.0,2.0,1.0,1.0,departamento,nunez,-34.53927629977603,-58.49705755379396,0,0,0
A,436.0,40.0,40.0,2.0,1.0,1.0,departamento,flores,-34.629786593552254,-58.46505785842644,0,1,0
A,579.0,33.0,33.0,1.0,1.0,1.0,departamento,belgrano,-34.5730249233887,-58.47867072089703,0,0,0
A,710.0,76.0,76.0,3.0,2.0,1.0,departamento,flores,-34.62570944076898,-58.465573445559,0,0,0
A,763.0,63.0,63.0,3.0,2.0,1.0,departamento,nunez,-34.54730648311051,-58.4642834294049,0,1,0
A,248.0,34.0,34.0,1.0,1.0,1.0,departamento,boedo,-34.60266838457061,-58.42492887845908,0,0,0
A,650.0,60.0,60.0,3.0,2.0,2.0,departamento,san telmo,-34.6360451959839,-58.36925713496407,0,0,0
A,517.0,34.0,34.0,2.0,1.0,1.0,departamento,boedo,-34.61827502400158,-58.41412227640252,0,0,0
A,516.0,41.0,41.0,3.0,2.0,1.0,ph,almagro,-34.633609060032185,-58.43739416323451,0,0,0
A,887.0,61.0,61.0,2.0,1.0,1.0,departamento,caballito,-34.59481899960513,-58.443290224004976,0,0,0
A,461.0,39.0,39.0,2.0,1.0,1.0,departamento,boedo,-34.628586812715,-58.425296507088085,0,0,0
A,552.0,30.0,30.0,1.0,1.0,1.0,departamento,almagro,-34.60062589596455,-58.42258465946632,0,0,0
A,680.0,29.0,29.0,1.0,1.0,1.0,departamento,belgrano,-34.55666326953154,-58.46686740974297,0,0,0
A,844.0,80.0,80.0,2.0,1.0,1.0,ph,flores,-34.65506949597314,-58.45882788369444,0,0,0
A,535.0,53.0,53.0,3.0,2.0,1.0,departamento,flores,-34.62497348169582,-58.46782412617624,0,0,0
A,389.0,44.0,44.0,2.0,1.0,1.0,departamento,flores,-34.629589853444976,-58.454694182801774,0,0,0
A,213.0,22.0,22.0,2.0,1.0,1.0,departamento,flores,-34.62211772871032,-58.46638543177474,0,0,0
A,959.0,48.0,48.0,2.0,1.0,1.0,ph,belgrano,-34.54662262232969,-58.466691991350935,1,0,0
A,279.0,23.0,23.0,1.0,1.0,1.0,departamento,boedo,-34.62927179532697,-58.424219727547175,0,0,0
A,332.0,29.0,29.0,1.0,1.0,1.0,departamento,villa crespo,-34.60082009939782,-58.43312844473265,0,0,0
A,992.0,75.0,75.0,4.0,3.0,2.0,departamento,boedo,-34.62134141233885,-58.40624075922996,0,0,0
A,495.0,39.0,39.0,2.0,1.0,1.0,departamento,almagro,-34.5949287964186,-58.40882760577588,1,0,0
A,882.0,64.0,64.0,3.0,2.0,1.0,departamento,almagro,-34.61246274059067,-58.43407787870839,0,0,0
A,795.0,35.0,35.0,2.0,1.0,1.0,departamento,palermo,-34.56019655015725,-58.43492996742656,0,0,0
A,881.0,46.0,46.0,2.0,1.0,1.0,departamento,san telmo,-34.60378828396778,-58.36858294487937,0,0,0
A,987.0,84.0,84.0,3.0,2.0,2.0,ph,boedo,-34.63002598637816,-58.406492796045306,0,0,0
A,935.0,57.0,57.0,3.0,2.0,1.0,departamento,recoleta,-34.59560546374934,-58.39994593374058,0,0,0
A,651.0,60.0,60.0,3.0,2.0,2.0,casa,nunez,-34.53617465167488,-58.46987717655408,0,0,0
A,694.0,39.0,39.0,2.0,1.0,1.0,ph,belgrano,-34.56700274972645,-58.4766811303934,0,0,0
A,852.0,57.0,57.0,2.0,1.0,1.0,departamento,villa urquiza,-34.56593946961877,-58.48272365042008,0,0,0
A,845.0,52.0,52.0,1.0,1.0,1.0,departamento,villa urquiza,-34.556126833049724,-58.48585958592033,1,0,0
A,451.0,36.0,36.0,2.0,1.0,1.0,departamento,villa crespo,-34.583464200908146,-58.44044963412988,0,0,0
A,947.0,49.0,49.0,2.0,1.0,1.0,departamento,belgrano,-34.56352876330764,-58.452306592608586,0,0,0
A,679.0,29.0,29.0,2.0,1.0,1.0,departamento,recoleta,-34.578272718686854,-58.38983562164599,1,0,0
A,547.0,58.0,58.0,3.0,2.0,1.0,departamento,flores,-34.64607183825193,-58.46820897942671,0,0,0
A,786.0,54.0,54.0,3.0,2.0,2.0,departamento,recoleta,-34.593529734480605,-58.42600953502728,0,0,0
A,359.0,26.0,26.0,1.0,1.0,1.0,departamento,san telmo,-34.612484304513934,-58.35681244557297,1,0,0
A,387.0,34.0,34.0,1.0,1.0,1.0,departamento,flores,-34.628653546192766,-58.44871058288871,0,0,0
A,420.0,59.0,59.0,3.0,2.0,2.0,departamento,flores,-34.62609010592718,-58.45183675306759,0,0,0
A,545.0,41.0,41.0,3.0,2.0,2.0,departamento,belgrano,-34.56085039451709,-58.47353308207078,0,0,0
A,895.0,42.0,42.0,2.0,1.0,1.0,departamento,nunez,-34.528469429724645,-58.46247486165872,1,0,0
A,475.0,36.0,36.0,2.0,1.0,1.0,departamento,nunez,-34.53983719442762,-58.44605062127975,0,0,0
A,445.0,38.0,38.0,1.0,1.0,1.0,departamento,caballito,-34.61823080347912,-58.42056280560835,0,0,0
A,862.0,67.0,67.0,3.0,2.0,1.0,departamento,villa crespo,-34.60516795533994,-58.44133761205948,0,0,0
A,662.0,54.0,54.0,3.0,2.0,1.0,departamento,villa urquiza,-34.60883512786282,-58.49492395114102,0,0,0
A,998.0,88.0,88.0,5.0,4.0,2.0,departamento,boedo,-34.626242891279354,-58.42169480569429,0,0,0
A,265.0,36.0,36.0,1.0,1.0,1.0,departamento,almagro,-34.60846546370988,-58.43921352427295,0,0,0
A,732.0,63.0,63.0,4.0,3.0,2.0,departamento,flores,-34.62519191520298,-58.450931359267415,0,0,0
A,513.0,38.0,38.0,2.0,1.0,1.0,departamento,villa urquiza,-34.58079813194278,-58.50044220126425,0,1,0
A,860.0,40.0,40.0,2.0,1.0,1.0,ph,villa crespo,-34.60725698551896,-58.440383225864245,0,0,0
A,973.0,78.0,78.0,3.0,2.0,1.0,ph,colegiales,-34.587594522414165,-58.44345796646534,0,0,0
A,810.0,49.0,49.0,2.0,1.0,1.0,departamento,villa crespo,-34.59866612537246,-58.44234400646789,0,0,0
A,697.0,62.0,62.0,3.0,2.0,2.0,departamento,almagro,-34.62144516399046,-58.43517873050144,0,0,0
A,493.0,38.0,38.0,1.0,1.0,1.0,departamento,villa urquiza,-34.57136139643408,-58.486553621636766,0,0,0
A,572.0,39.0,39.0,1.0,1.0,1.0,departamento,villa urquiza,-34.573435248641786,-58.48340482120689,0,0,0
A,576.0,31.0,31.0,1.0,1.0,1.0,departamento,belgrano,-34.56918884967316,-58.47049421742209,0,0,0
A,336.0,20.0,20.0,1.0,1.0,1.0,departamento,palermo,-34.572920881882546,-58.39987934082913,0,0,0
A,226.0,20.0,20.0,1.0,1.0,1.0,departamento,caballito,-34.617984919204545,-58.458837565642135,0,0,0
A,598.0,44.0,44.0,2.0,1.0,1.0,departamento,flores,-34.64085466743795,-58.47651562840012,0,0,0
A,603.0,34.0,34.0,1.0,1.0,1.0,departamento,palermo,-34.56918273271284,-58.42288270133667,0,0,0
A,586.0,31.0,31.0,1.0,1.0,1.0,departamento,recoleta,-34.575660610346745,-58.39146566009989,0,0,0
A,499.0,37.0,37.0,1.0,1.0,1.0,departamento,caballito,-34.59427040968479,-58.44327979765447,0,0,0
A,850.0,39.0,39.0,1.0,1.0,1.0,departamento,san telmo,-34.6327277173798,-58.352622073480575,0,0,0
A,592.0,36.0,36.0,2.0,1.0,1.0,departamento,recoleta,-34.58144215265107,-58.413445454672335,0,1,0
A,494.0,31.0,31.0,1.0,1.0,1.0,departamento,nunez,-34.55693765089683,-58.44928799001413,0,0,0
A,616.0,59.0,59.0,2.0,1.0,1.0,ph,san telmo,-34.62556859336,-58.3734457623471,0,0,0
A,602.0,40.0,40.0,1.0,1.0,1.0,departamento,palermo,-34.58218358473578,-58.42468183719341,0,0,0
A,593.0,36.0,36.0,2.0,1.0,1.0,departamento,nunez,-34.541147134293546,-58.45511863492925,1,0,0
A,541.0,53.0,53.0,2.0,1.0,1.0,ph,flores,-34.61963246085772,-58.4603186095696,0,0,0
A,681.0,55.0,55.0,3.0,2.0,1.0,departamento,san telmo,-34.62540537004087,-58.37162093192617,0,0,0
A,665.0,47.0,47.0,1.0,1.0,1.0,departamento,colegiales,-34.58710218862094,-58.47621219934937,0,0,0
A,928.0,61.0,61.0,2.0,1.0,1.0,ph,san telmo,-34.62085023153417,-58.36788418790369,0,0,0
A,450.0,31.0,31.0,1.0,1.0,1.0,departamento,nunez,-34.53759565803757,-58.45345380962868,0,0,0
A,613.0,38.0,38.0,2.0,1.0,1.0,departamento,caballito,-34.633650123799654,-58.43749363685994,1,0,0
A,864.0,41.0,41.0,2.0,1.0,1.0,departamento,nunez,-34.53927629977603,-58.49705755379396,0,0,0
A,442.0,43.0,43.0,2.0,1.0,1.0,departamento,flores,-34.610819006189104,-58.46912376445808,0,0,0
A,423.0,68.0,68.0,3.0,2.0,1.0,departamento,flores,-34.65003008381198,-58.44244312973808,0,0,0
A,619.0,34.0,34.0,2.0,1.0,1.0,departamento,caballito,-34.61458278337464,-58.468265078251626,0,0,0
A,727.0,79.0,79.0,3.0,2.0,1.0,departamento,boedo,-34.639421386551376,-58.40660779936943,0,0,0
A,597.0,45.0,45.0,2.0,1.0,1.0,departamento,belgrano,-34.58279571029275,-58.48083625540677,0,0,0
A,680.0,61.0,61.0,3.0,2.0,2.0,departamento,san telmo,-34.605570891561875,-58.3799402784516,0,0,0
A,705.0,51.0,51.0,2.0,1.0,1.0,departamento,colegiales,-34.56211505991308,-58.44403662298894,0,0,0
A,882.0,64.0,64.0,3.0,2.0,1.0,departamento,almagro,-34.61246274059067,-58.43407787870839,0,0,0
A,439.0,30.0,30.0,2.0,1.0,1.0,departamento,colegiales,-34.56825908379987,-58.45565971094363,1,0,0
A,810.0,58.0,58.0,3.0,2.0,1.0,departamento,almagro,-34.61678341731679,-58.42492850390923,0,0,0
A,628.0,43.0,43.0,2.0,1.0,1.0,ph,colegiales,-34.560171816332456,-58.455815542775206,0,0,0
A,319.0,34.0,34.0,2.0,1.0,1.0,departamento,flores,-34.61937256027202,-58.45204742777033,0,0,0
A,439.0,40.0,40.0,1.0,1.0,1.0,departamento,villa urquiza,-34.581311592734075,-58.47120493740494,0,0,0
A,287.0,21.0,21.0,2.0,1.0,1.0,departamento,san telmo,-34.62189242318583,-58.392805916253806,0,0,0
A,682.0,61.0,61.0,3.0,2.0,1.0,ph,boedo,-34.63952500304491,-58.39521875913311,0,0,0
A,697.0,50.0,50.0,2.0,1.0,1.0,departamento,boedo,-34.64010721214913,-58.402717248329935,0,0,0
A,438.0,36.0,36.0,2.0,1.0,1.0,departamento,almagro,-34.61393731146032,-58.42057116694142,0,0,0
A,579.0,36.0,36.0,2.0,1.0,1.0,departamento,belgrano,-34.56950782902822,-58.48758592791975,0,0,0
A,604.0,50.0,50.0,2.0,1.0,1.0,departamento,boedo,-34.60565097053709,-58.41285469506564,0,0,0
A,446.0,38.0,38.0,2.0,1.0,1.0,departamento,villa urquiza,-34.58069330435022,-58.50061968997879,0,0,0
A,315.0,38.0,38.0,1.0,1.0,1.0,departamento,almagro,-34.611890026043085,-58.40192501652449,0,0,0
A,454.0,42.0,42.0,1.0,1.0,1.0,departamento,caballito,-34.62434323978682,-58.462111054812645,0,0,0
A,150.0,20.0,20.0,1.0,1.0,1.0,departamento,boedo,-34.62574067446465,-58.4281305527456,0,0,0
A,564.0,60.0,60.0,3.0,2.0,1.0,casa,flores,-34.64398122788465,-58.48346878196107,0,0,0
A,224.0,20.0,20.0,1.0,1.0,1.0,departamento,flores,-34.63372470345734,-58.4595232845397,0,0,0
A,512.0,50.0,50.0,2.0,1.0,1.0,ph,flores,-34.62596030552301,-58.45557812351348,0,0,0
A,342.0,39.0,39.0,1.0,1.0,1.0,departamento,san telmo,-34.60180515853516,-58.36718461100588,0,0,0
A,686.0,53.0,53.0,2.0,1.0,1.0,departamento,caballito,-34.63342536463174,-58.434734059029154,0,0,0
A,670.0,38.0,38.0,2.0,1.0,1.0,departamento,colegiales,-34.55338663920569,-58.463054189391336,0,0,0
A,473.0,30.0,30.0,1.0,1.0,1.0,departamento,villa urquiza,-34.56229345847453,-58.49275009085415,0,0,0
A,445.0,28.0,28.0,2.0,1.0,1.0,departamento,nunez,-34.546043824006176,-58.469090942874665,1,0,0
A,310.0,22.0,22.0,1.0,1.0,1.0,departamento,caballito,-34.61089097742189,-58.45945812109906,0,0,0
A,318.0,20.0,20.0,1.0,1.0,1.0,departamento,san telmo,-34.618627115973005,-58.379432674137256,0,0,0
A,331.0,34.0,34.0,1.0,1.0,1.0,departamento,villa urquiza,-34.57370283754285,-58.49107084360712,0,0,0
A,362.0,33.0,33.0,1.0,1.0,1.0,departamento,almagro,-34.58622078316818,-58.399069482128894,0,0,0
A,258.0,24.0,24.0,1.0,1.0,1.0,departamento,almagro,-34.59943122916266,-58.43115015778412,0,0,0
A,510.0,61.0,61.0,2.0,1.0,1.0,departamento,flores,-34.64149561327553,-58.4600930456295,1,0,0
A,763.0,37.0,37.0,1.0,1.0,1.0,departamento,recoleta,-34.59784002357395,-58.38921817945802,0,0,0
A,431.0,34.0,34.0,1.0,1.0,1.0,departamento,villa urquiza,-34.55826971764389,-58.486009770749504,0,0,0
A,614.0,54.0,54.0,2.0,1.0,1.0,departamento,caballito,-34.62868612941455,-58.42936767135586,0,0,0
A,840.0,50.0,50.0,2.0,1.0,1.0,departamento,san telmo,-34.62288521475988,-58.37413152445148,0,0,0
A,208.0,22.0,22.0,1.0,1.0,1.0,departamento,boedo,-34.61752666435006,-58.40788320011146,0,0,0
A,551.0,55.0,55.0,3.0,2.0,1.0,departamento,boedo,-34.605055934371364,-58.40003127816897,0,0,0
A,579.0,38.0,38.0,2.0,1.0,1.0,departamento,palermo,-34.592980381431005,-58.43479549390242,0,0,0
A,274.0,23.0,23.0,1.0,1.0,1.0,departamento,flores,-34.62792299429891,-58.42156162014152,0,0,0
A,408.0,28.0,28.0,2.0,1.0,1.0,departamento,flores,-34.618962120669366,-58.47924101686215,0,0,0
A,420.0,47.0,47.0,2.0,1.0,1.0,departamento,villa urquiza,-34.59238724150153,-58.51428901500865,0,0,0
A,309.0,33.0,33.0,2.0,1.0,1.0,departamento,boedo,-34.62447952586517,-58.38051101988522,1,0,0
A,761.0,57.0,57.0,2.0,1.0,1.0,departamento,caballito,-34.605112155350824,-58.43383328738688,0,0,0
A,837.0,41.0,41.0,1.0,1.0,1.0,departamento,nunez,-34.54947247509725,-58.4625194219922,0,0,0
A,471.0,36.0,36.0,1.0,1.0,1.0,departamento,nunez,-34.58185381185479,-58.4536643316384,1,0,0
A,532.0,28.0,28.0,1.0,1.0,1.0,departamento,recoleta,-34.585456348772205,-58.40957467970787,0,0,0
A,972.0,75.0,75.0,3.0,2.0,1.0,departamento,caballito,-34.60880133624535,-58.45706712218652,0,0,0
A,347.0,21.0,21.0,1.0,1.0,1.0,departamento,palermo,-34.57540165189006,-58.39466737825141,0,0,0
A,907.0,36.0,36.0,1.0,1.0,1.0,departamento,palermo,-34.5852390894468,-58.42153985006608,0,1,0
A,693.0,37.0,37.0,2.0,1.0,1.0,ph,colegiales,-34.55304673615859,-58.44635629839513,0,0,0
A,298.0,25.0,25.0,1.0,1.0,1.0,departamento,san telmo,-34.6419899536223,-58.3625260148842,0,0,0
A,998.0,61.0,61.0,2.0,1.0,1.0,ph,belgrano,-34.55082590363607,-58.45787768501632,0,0,0
A,873.0,62.0,62.0,3.0,2.0,1.0,departamento,boedo,-34.637102104036934,-58.422900171528354,0,1,0
A,952.0,48.0,48.0,2.0,1.0,1.0,departamento,belgrano,-34.557289915477874,-58.47332709202128,0,0,0
A,520.0,27.0,27.0,2.0,1.0,1.0,departamento,belgrano,-34.55689398126551,-58.45407216308726,0,0,0
A,604.0,52.0,52.0,3.0,2.0,1.0,departamento,flores,-34.64945896983061,-58.46751202334893,0,0,0
B,713000.0,50.0,50.0,2.0,2.0,1.0,departamento,palermo,-34.549232,-58.42551,0,0,1
B,724000.0,50.0,50.0,2.0,1.0,1.0,departamento,almagro,-34.586467,-58.439921,0,0,0
B,348000.0,42.0,42.0,2.0,1.0,1.0,departamento,almagro,-34.607493,-58.417589,1,0,0
B,1217000.0,66.0,66.0,2.0,1.0,1.0,departamento,villa urquiza,-34.567514,-58.487023,0,0,0
B,1121000.0,164.0,86.0,3.0,2.0,1.0,casa,palermo,-34.589963,-58.444575,0,0,0
B,797000.0,105.0,105.0,4.0,3.0,1.0,casa,flores,-34.623549,-58.461599,0,1,0
B,469000.0,34.0,34.0,1.0,1.0,1.0,departamento,villa crespo,-34.589517,-58.440087,0,0,0
B,501000.0,40.0,40.0,2.0,1.0,1.0,departamento,palermo,-34.585788,-58.413522,0,0,0
B,1661000.0,76.0,76.0,3.0,2.0,1.0,departamento,recoleta,-34.589681,-58.38244,0,1,0
B,1447000.0,81.0,81.0,4.0,3.0,2.0,departamento,villa urquiza,-34.596461,-58.495277,0,0,0
B,1311000.0,73.0,73.0,4.0,3.0,2.0,departamento,villa urquiza,-34.576573,-58.486895,0,0,0
B,543000.0,36.0,36.0,2.0,1.0,1.0,departamento,villa urquiza,-34.583029,-58.486161,0,0,0
B,488000.0,72.0,69.0,3.0,2.0,1.0,ph,flores,-34.649515,-58.458389,0,0,0
B,1071000.0,72.0,72.0,4.0,3.0,2.0,departamento,caballito,-34.617741,-58.43456,0,0,0
B,706000.0,48.0,48.0,1.0,1.0,1.0,departamento,recoleta,-34.58934,-58.390303,0,0,0
B,452000.0,50.0,50.0,1.0,1.0,1.0,departamento,boedo,-34.609562,-58.417272,0,0,0
B,683000.0,60.0,60.0,3.0,1.0,2.0,departamento,flores,-34.64083,-58.456952,1,0,0
B,591000.0,61.801903990277495,55.488150698804944,2.0,1.0,1.0,departamento,colegiales,-34.563448,-58.444425,0,0,0
B,572000.0,35.0,35.0,1.0,1.0,1.0,departamento,recoleta,-34.571963,-58.376923,0,0,0
B,759000.0,57.0,48.0,2.0,1.0,1.0,ph,belgrano,-34.577064,-58.474121,0,0,0
B,350000.0,31.0,31.0,1.0,1.0,1.0,departamento,villa urquiza,-34.579482,-58.49895,0,0,0
B,1055000.0,71.0,61.0,2.0,1.0,1.0,ph,almagro,-34.589448,-58.420752,0,0,0
B,213000.0,22.0,22.0,2.0,1.0,1.0,departamento,flores,-34.622118,-58.466385,0,0,1
B,1388000.0,82.0,82.0,5.0,4.0,3.0,departamento,boedo,-34.622535,-58.402136,0,0,0
B,861000.0,94.0,79.0,3.0,2.0,2.0,ph,caballito,-34.622545,-58.43671,0,0,0
B,585000.0,51.0,51.0,3.0,2.0,1.0,departamento,boedo,-34.621849,-58.406932,0,0,0
B,2227000.0,134.0,134.0,6.0,5.0,4.0,departamento,belgrano,-34.552308,-58.440103,0,0,0
B,1760000.0,128.0,128.0,6.0,5.0,3.0,departamento,almagro,-34.621083,-58.417565,0,0,0
B,626000.0,46.0,46.0,2.0,1.0,1.0,departamento,villa crespo,-34.604104,-58.418099,0,0,0
B,192000.0,24.0,24.0,1.0,1.0,1.0,departamento,flores,-34.606155,-58.465711,0,0,0
B,486000.0,28.0,28.0,1.0,1.0,1.0,departamento,nunez,-34.554166,-58.477824,0,0,0
B,485000.0,30.0,30.0,1.0,1.0,1.0,departamento,boedo,-34.657617,-58.421929,0,0,0
B,1317000.0,93.0,93.0,4.0,3.0,2.0,departamento,villa urquiza,-34.573592,-58.478171,0,0,0
B,793000.0,52.0,44.0,2.0,1.0,1.0,ph,almagro,-34.608382,-58.42022,0,0,0
B,310000.0,22.0,22.0,1.0,1.0,1.0,departamento,caballito,-34.610891,-58.459458,0,0,0
B,722000.0,68.0,68.0,3.0,2.0,1.0,departamento,almagro,-34.609607,-58.438571,0,1,0
B,1545000.0,103.0,95.0,4.0,3.0,2.0,ph,san telmo,-34.597364,-58.384462,0,0,0
B,458000.0,43.0,43.0,2.0,1.0,1.0,departamento,san telmo,-34.612273,-58.372193,0,0,0
B,380000.0,48.0,48.0,2.0,1.0,1.0,departamento,almagro,-34.615746,-58.409281,1,0,0
B,730000.0,61.0,61.0,2.0,1.0,1.0,departamento,palermo,-34.596439,-58.413965,0,0,0
B,786000.0,35.0,35.0,1.0,1.0,1.0,departamento,recoleta,-34.599813,-58.400415,0,0,0
B,679000.0,44.0,44.0,2.0,1.0,1.0,departamento,colegiales,-34.57602,-58.435283,0,0,0
B,2861000.0,195.0,117.0,4.0,3.0,2.0,casa,nunez,-34.544962,-58.445222,0,0,0
B,1004000.0,81.0,81.0,4.0,3.0,2.0,departamento,boedo,-34.6007,-58.4146,0,0,0
B,779000.0,72.0,72.0,3.0,2.0,1.0,departamento,villa crespo,-34.5987,-58.446078,0,0,0
B,1226000.0,56.0,56.0,3.0,2.0,1.0,departamento,villa crespo,-34.603969,-58.417357,0,1,0
B,759000.0,57.0,48.0,2.0,1.0,1.0,ph,belgrano,-34.577064,-58.474121,0,0,0
B,476000.0,47.0,47.0,2.0,1.0,1.0,departamento,flores,-34.628231,-58.439403,0,0,0
B,810000.0,58.0,58.0,2.0,1.0,1.0,departamento,villa urquiza,-34.565583,-58.498165,0,0,0
B,1400000.0,81.0,81.0,3.0,2.0,2.0,departamento,flores,-34.627809,-58.459428,0,0,0
B,585000.0,56.0,56.0,2.0,1.0,1.0,departamento,boedo,-34.629152,-58.406366,0,0,0
B,217000.0,20.0,20.0,1.0,1.0,1.0,departamento,flores,-34.637689,-58.445498,0,0,0
B,1191000.0,91.0,91.0,4.0,3.0,2.0,departamento,palermo,-34.583495,-58.425764,0,0,0
B,488000.0,30.0,30.0,1.0,1.0,1.0,departamento,palermo,-34.564567,-58.42356,0,0,0
B,296000.0,42.0,42.0,2.0,1.0,1.0,departamento,flores,-34.62057,-58.43931,0,0,0
B,468000.0,54.0,54.0,3.0,2.0,2.0,departamento,boedo,-34.641257,-58.406088,0,0,0
B,581000.0,48.0,48.0,2.0,1.0,1.0,departamento,caballito,-34.612959,-58.443611,0,0,0
B,580000.0,49.0,49.0,2.0,1.0,1.0,departamento,san telmo,-34.599459,-58.354968,0,0,0
B,1101000.0,76.0,76.0,3.0,2.0,1.0,departamento,villa crespo,-34.616592,-58.438002,0,0,0
B,1030000.0,83.0,83.0,3.0,2.0,2.0,departamento,san telmo,-34.636903,-58.355847,0,0,0
B,1009000.0,48.0,48.0,2.0,1.0,1.0,departamento,belgrano,-34.53655,-58.458063,0,0,0
B,1040000.0,84.0,73.0,3.0,2.0,1.0,ph,almagro,-34.586103,-58.398197,0,0,0
B,446000.0,53.0,53.0,3.0,2.0,1.0,departamento,caballito,-34.604477,-58.443954,0,0,0
B,1596000.0,89.0,89.0,5.0,4.0,3.0,departamento,belgrano,-34.555576,-58.444448,0,0,0
B,1363000.0,61.801903990277495,55.488150698804944,5.0,4.0,3.0,departamento,boedo,-34.632328,-58.399822,0,0,0
B,1560000.0,73.0,73.0,3.0,2.0,2.0,departamento,almagro,-34.61357,-58.408957,0,0,0
B,521000.0,44.0,44.0,2.0,1.0,1.0,departamento,almagro,-34.604381,-58.42257,0,0,0
B,816000.0,69.0,69.0,4.0,3.0,2.0,departamento,almagro,-34.599632,-58.449106,0,0,0
B,994000.0,81.0,81.0,3.0,2.0,1.0,departamento,flores,-34.624522,-58.478591,0,0,0
B,583000.0,44.0,44.0,2.0,1.0,1.0,departamento,caballito,-34.623104,-58.440359,0,0,0
B,1262000.0,64.0,53.0,2.0,1.0,1.0,ph,recoleta,-34.580045,-58.389325,0,0,0
B,725000.0,63.0,63.0,3.0,2.0,1.0,departamento,belgrano,-34.553824,-58.4536,0,0,0
B,831000.0,76.0,76.0,3.0,2.0,2.0,departamento,san telmo,-34.608535,-58.374373,0,0,0
B,1086000.0,54.0,54.0,3.0,2.0,1.0,departamento,boedo,-34.630529,-58.404109,0,0,0
B,814000.0,102.0,60.0,2.0,1.0,1.0,ph,boedo,-34.622517,-58.388175,0,0,0
B,1150000.0,63.0,63.0,3.0,2.0,1.0,departamento,belgrano,-34.5571,-58.455294,0,1,0
B,1375000.0,104.0,76.0,3.0,2.0,1.0,ph,belgrano,-34.558854,-58.462746,0,0,0
B,261000.0,26.0,26.0,1.0,1.0,1.0,departamento,flores,-34.632464,-58.465563,0,0,0
B,701000.0,50.0,50.0,2.0,1.0,1.0,departamento,nunez,-34.532253,-58.471905,0,0,0
B,224000.0,20.0,20.0,1.0,1.0,1.0,departamento,san telmo,-34.628655,-58.363946,0,0,0
B,1512000.0,64.0,64.0,3.0,2.0,1.0,departamento,recoleta,-34.587587,-58.402707,0,0,0
B,1230000.0,130.0,130.0,5.0,4.0,3.0,departamento,flores,-34.620314,-58.448805,0,0,0
B,995000.0,106.0,91.0,3.0,2.0,1.0,ph,nunez,-34.536217,-58.458812,0,0,0
B,1034000.0,101.0,76.0,3.0,2.0,1.0,ph,caballito,-34.618379,-58.433078,0,0,0
B,691000.0,71.0,50.0,2.0,1.0,1.0,ph,flores,-34.61145,-58.465001,0,0,0
B,599000.0,41.0,41.0,2.0,1.0,1.0,departamento,villa crespo,-34.596173,-58.42875,0,0,0
B,557000.0,58.0,58.0,2.0,1.0,1.0,departamento,san telmo,-34.609728,-58.36788,0,1,0
B,573000.0,35.0,35.0,2.0,1.0,1.0,departamento,belgrano,-34.577064,-58.465325,0,0,0
B,586000.0,49.0,49.0,2.0,1.0,1.0,departamento,san telmo,-34.610666,-58.389325,0,0,0
B,639000.0,80.0,60.0,3.0,2.0,1.0,ph,flores,-34.598897,-58.461233,0,0,0
B,560000.0,35.0,35.0,1.0,1.0,1.0,departamento,caballito,-34.621811,-58.438817,0,0,0
B,601000.0,32.0,32.0,1.0,1.0,1.0,departamento,nunez,-34.523296,-58.470105,0,0,0
B,1789000.0,78.0,78.0,4.0,3.0,2.0,departamento,palermo,-34.589447,-58.43255,0,0,0
B,1963000.0,59.0,59.0,2.0,1.0,1.0,ph,palermo,-34.566114,-58.423432,0,0,0
B,3059000.0,130.0,130.0,6.0,5.0,4.0,departamento,villa crespo,-34.603907,-58.442382,0,0,0
B,499000.0,30.0,30.0,2.0,1.0,1.0,departamento,villa crespo,-34.564849,-58.424801,0,0,0
B,1099000.0,47.0,47.0,2.0,1.0,1.0,departamento,nunez,-34.51493,-58.478582,0,0,0
B,392000.0,39.0,39.0,1.0,1.0,1.0,departamento,villa urquiza,-34.575486,-58.498072,0,0,0
B,760000.0,46.0,46.0,2.0,1.0,1.0,departamento,belgrano,-34.558593,-58.461643,0,0,0
B,1333000.0,54.0,54.0,2.0,1.0,1.0,departamento,belgrano,-34.551067,-58.457786,0,0,0
B,1870000.0,68.0,63.0,2.0,1.0,1.0,ph,belgrano,-34.558728,-58.44766,0,0,0
B,1097000.0,89.0,75.0,3.0,2.0,1.0,ph,caballito,-34.649285,-58.431947,0,0,0
B,1669000.0,146.0,123.0,5.0,4.0,3.0,ph,flores,-34.612663,-58.486125,0,0,0
B,430000.0,53.0,53.0,3.0,2.0,2.0,departamento,almagro,-34.621094,-58.437371,0,0,0
B,737000.0,35.0,35.0,2.0,1.0,1.0,departamento,palermo,-34.589115,-58.410406,0,0,0
B,588000.0,30.0,30.0,1.0,1.0,1.0,departamento,villa crespo,-34.604715,-58.428329,0,0,0
B,478000.0,36.0,36.0,2.0,1.0,1.0,departamento,caballito,-34.607742,-58.44943,0,0,1
B,319000.0,34.0,34.0,2.0,1.0,1.0,departamento,flores,-34.619373,-58.452047,0,0,0
B,309000.0,30.0,30.0,1.0,1.0,1.0,departamento,boedo,-34.636401,-58.400924,0,0,0
B,1066000.0,293.0,69.0,3.0,2.0,2.0,casa,nunez,-34.552245,-58.431504,0,0,0
B,2222000.0,107.0,107.0,5.0,4.0,3.0,departamento,belgrano,-34.561629,-58.460002,0,0,0
B,1025000.0,85.0,74.0,3.0,2.0,2.0,ph,colegiales,-34.570239,-58.456411,0,0,0
B,847000.0,61.801903990277495,55.488150698804944,2.0,1.0,1.0,departamento,boedo,-34.619803,-58.403399,0,0,0
B,1269000.0,83.0,72.0,2.0,1.0,1.0,ph,colegiales,-34.579968,-58.441425,0,0,0
B,1696000.0,81.0,81.0,4.0,3.0,2.0,departamento,nunez,-34.541769,-58.449373,0,0,0
B,375000.0,39.0,39.0,2.0,1.0,1.0,departamento,boedo,-34.632468,-58.409112,0,0,0
B,743000.0,48.0,48.0,2.0,1.0,1.0,departamento,colegiales,-34.575101,-58.444936,0,0,0
B,565000.0,45.0,45.0,2.0,1.0,1.0,departamento,san telmo,-34.617033,-58.375632,0,0,0
B,801000.0,49.0,49.0,2.0,1.0,1.0,departamento,colegiales,-34.591548,-58.461815,0,0,0
B,252000.0,29.0,29.0,2.0,1.0,1.0,departamento,almagro,-34.60759,-58.426289,0,0,0
B,943000.0,56.0,56.0,2.0,1.0,1.0,ph,palermo,-34.572638,-58.421791,0,0,0
B,779000.0,54.0,51.0,2.0,1.0,1.0,ph,colegiales,-34.577349,-58.459975,0,0,0
B,1293000.0,78.0,78.0,4.0,3.0,2.0,departamento,flores,-34.609731,-58.469029,0,0,0
B,756000.0,55.0,46.0,2.0,1.0,1.0,ph,nunez,-34.526815,-58.453828,0,0,0
B,784000.0,61.0,61.0,3.0,2.0,2.0,departamento,caballito,-34.623185,-58.440862,0,0,0
B,540000.0,33.0,33.0,2.0,1.0,1.0,departamento,villa urquiza,-34.583191,-58.484272,1,0,0
B,2391000.0,123.0,108.0,3.0,2.0,1.0,ph,colegiales,-34.573007,-58.452739,0,0,0
B,649000.0,39.0,39.0,2.0,1.0,1.0,departamento,nunez,-34.554794,-58.461174,0,0,0
B,603000.0,46.0,46.0,3.0,2.0,2.0,departamento,villa crespo,-34.595339,-58.420138,0,0,0
B,250000.0,24.0,24.0,1.0,1.0,1.0,departamento,san telmo,-34.623026,-58.371159,0,0,0
B,387000.0,31.0,31.0,1.0,1.0,1.0,departamento,villa urquiza,-34.571675,-58.485969,0,0,0
B,1066000.0,55.0,55.0,3.0,2.0,2.0,departamento,recoleta,-34.594362,-58.381961,0,0,0
B,2373000.0,98.0,82.0,3.0,2.0,1.0,ph,nunez,-34.54907,-58.459496,0,0,0
B,1122000.0,42.0,42.0,3.0,2.0,1.0,departamento,recoleta,-34.594869,-58.408746,0,0,0
B,797000.0,36.0,36.0,2.0,1.0,1.0,departamento,recoleta,-34.580152,-58.383549,0,0,0
B,591000.0,46.0,46.0,2.0,1.0,1.0,departamento,flores,-34.632368,-58.445166,0,0,0
B,385000.0,34.0,34.0,1.0,1.0,1.0,departamento,villa urquiza,-34.571958,-58.518993,0,0,0
B,494000.0,31.0,31.0,1.0,1.0,1.0,departamento,nunez,-34.556938,-58.449288,0,0,0
B,506000.0,58.0,43.0,2.0,1.0,1.0,ph,recoleta,-34.594649,-58.390414,0,0,0
B,279000.0,31.0,31.0,1.0,1.0,1.0,departamento,flores,-34.643259,-58.468083,0,1,0
B,403000.0,25.0,25.0,2.0,1.0,1.0,departamento,boedo,-34.62799,-58.403774,0,0,0
B,345000.0,22.0,22.0,1.0,1.0,1.0,departamento,boedo,-34.623419,-58.415649,0,0,0
B,5946000.0,389.0,278.0,8.0,1.0,5.0,casa,san telmo,-34.632445,-58.365954,1,0,0
B,1540000.0,105.0,105.0,5.0,4.0,3.0,departamento,boedo,-34.640926,-58.417214,0,0,0
B,1526000.0,100.0,100.0,4.0,3.0,2.0,departamento,colegiales,-34.573824,-58.445366,0,0,0
B,843000.0,46.0,46.0,3.0,2.0,1.0,departamento,palermo,-34.570325,-58.418655,0,0,0
B,948000.0,58.0,58.0,2.0,1.0,1.0,departamento,villa urquiza,-34.58726,-58.49645,0,0,0
B,952000.0,48.0,48.0,2.0,1.0,1.0,departamento,belgrano,-34.55729,-58.473327,1,0,0
B,1031000.0,70.0,70.0,2.0,1.0,1.0,departamento,nunez,-34.538144,-58.477705,0,0,0
B,478000.0,50.0,43.0,2.0,1.0,1.0,ph,flores,-34.639886,-58.483565,0,0,0
B,433000.0,37.0,37.0,2.0,1.0,1.0,departamento,flores,-34.644303,-58.452306,0,0,0
B,274000.0,23.0,23.0,1.0,1.0,1.0,departamento,flores,-34.627923,-58.421562,0,0,0
B,433000.0,33.0,33.0,2.0,1.0,1.0,departamento,belgrano,-34.568077,-58.45448,0,0,0
B,968000.0,59.0,52.0,2.0,1.0,1.0,ph,san telmo,-34.604996,-58.358303,0,0,0
B,1383000.0,121.0,88.0,3.0,2.0,2.0,ph,belgrano,-34.568462,-58.459723,0,0,0
B,1199000.0,56.0,56.0,3.0,2.0,1.0,departamento,colegiales,-34.555879,-58.445735,0,0,0
B,815000.0,37.0,37.0,2.0,1.0,1.0,departamento,belgrano,-34.55366,-58.457549,1,0,0
B,2828000.0,458.0,458.0,6.0,5.0,4.0,casa,caballito,-34.607725,-58.460202,0,0,0
B,701000.0,37.0,37.0,1.0,1.0,1.0,departamento,nunez,-34.557693,-58.462685,0,0,0
B,3248000.0,378.0,172.0,6.0,5.0,4.0,casa,recoleta,-34.600814,-58.393458,0,0,0
B,498000.0,46.0,46.0,2.0,1.0,1.0,departamento,boedo,-34.645064,-58.400739,0,0,0
B,766000.0,52.0,52.0,2.0,1.0,1.0,departamento,nunez,-34.553692,-58.465089,0,0,0
B,1355000.0,73.0,48.0,2.0,1.0,1.0,ph,nunez,-34.542947,-58.468904,0,0,0
B,598000.0,44.0,44.0,2.0,1.0,1.0,departamento,flores,-34.640855,-58.476516,0,0,0
B,285000.0,20.0,20.0,1.0,1.0,1.0,departamento,caballito,-34.618845,-58.443687,0,0,0
B,1045000.0,54.0,54.0,2.0,1.0,1.0,departamento,belgrano,-34.582184,-58.44256,0,0,0
B,699000.0,39.0,39.0,2.0,1.0,1.0,departamento,palermo,-34.585258,-58.425421,0,0,1
B,920000.0,48.0,48.0,2.0,1.0,1.0,departamento,colegiales,-34.564325,-58.448145,0,0,0
B,826000.0,38.0,38.0,2.0,1.0,1.0,departamento,belgrano,-34.563535,-58.441894,0,0,0
B,2632000.0,164.0,164.0,8.0,7.0,5.0,departamento,almagro,-34.617391,-58.442427,0,0,0
B,1391000.0,71.0,71.0,3.0,2.0,1.0,departamento,belgrano,-34.573137,-58.467728,0,0,0
B,497000.0,39.0,39.0,2.0,1.0,1.0,departamento,caballito,-34.611931,-58.428159,0,0,0
B,1327000.0,71.0,71.0,3.0,2.0,1.0,departamento,belgrano,-34.566077,-58.442176,0,0,0
B,577000.0,34.0,34.0,2.0,1.0,1.0,departamento,villa crespo,-34.61675,-58.439699,0,0,0
B,1696000.0,95.0,95.0,4.0,3.0,2.0,departamento,palermo,-34.599335,-58.426912,0,0,0
B,321000.0,28.0,28.0,1.0,1.0,1.0,departamento,san telmo,-34.621245,-58.382515,0,0,0
B,5165000.0,307.0,151.0,6.0,5.0,3.0,casa,belgrano,-34.562865,-58.457619,0,0,0
B,2609000.0,149.0,141.0,5.0,4.0,3.0,ph,colegiales,-34.571362,-58.441846,0,0,0
B,3711000.0,281.0,281.0,8.0,7.0,5.0,casa,flores,-34.629647,-58.466161,0,0,0
B,1800000.0,104.0,104.0,5.0,4.0,3.0,departamento,recoleta,-34.587895,-58.384453,0,0,0
B,949000.0,67.0,67.0,3.0,2.0,1.0,departamento,caballito,-34.630197,-58.451963,0,0,0
B,838000.0,45.0,45.0,3.0,2.0,1.0,departamento,almagro,-34.624765,-58.405318,0,0,0
B,1158000.0,92.0,92.0,3.0,2.0,1.0,ph,villa crespo,-34.600187,-58.448525,0,0,0
B,404000.0,35.0,35.0,2.0,1.0,1.0,departamento,boedo,-34.63266,-58.428314,0,0,0
B,383000.0,32.0,32.0,2.0,1.0,1.0,departamento,caballito,-34.614064,-58.433651,0,0,0
B,2239000.0,135.0,114.0,2.0,4.0,3.0,ph,villa crespo,-34.613158,-58.453781,0,0,1
B,391000.0,41.0,41.0,1.0,1.0,1.0,departamento,villa crespo,-34.622405,-58.429638,0,0,0
B,730000.0,61.0,42.0,2.0,1.0,1.0,ph,colegiales,-34.586594,-58.466717,0,0,0
B,3042000.0,271.0,118.0,4.0,3.0,2.0,casa,recoleta,-34.589438,-58.413757,0,0,0
B,544000.0,41.0,41.0,3.0,2.0,2.0,departamento,colegiales,-34.579383,-58.442483,0,0,0
B,634000.0,38.0,38.0,2.0,1.0,1.0,departamento,san telmo,-34.641558,-58.355754,0,0,0
B,1202000.0,80.0,76.0,3.0,2.0,1.0,ph,nunez,-34.534282,-58.476286,0,0,0
B,1346000.0,79.0,79.0,4.0,3.0,2.0,departamento,caballito,-34.600221,-58.428827,0,0,0
B,423000.0,30.0,30.0,2.0,1.0,1.0,departamento,villa crespo,-34.595863,-58.425672,0,0,0
B,807000.0,58.0,58.0,3.0,2.0,2.0,departamento,san telmo,-34.627177,-58.369078,0,0,0
B,1181000.0,88.0,88.0,5.0,4.0,3.0,departamento,san telmo,-34.623619,-58.359702,0,0,0
B,2286000.0,76.0,76.0,4.0,3.0,2.0,departamento,recoleta,-34.576272,-58.391881,0,0,0
B,1851000.0,117.0,117.0,6.0,5.0,3.0,departamento,almagro,-34.604063,-58.442801,0,0,0
B,1823000.0,74.0,74.0,3.0,2.0,1.0,departamento,palermo,-34.564462,-58.418722,0,0,0
B,803000.0,66.0,66.0,2.0,1.0,1.0,departamento,almagro,-34.622203,-58.408826,1,0,0
B,1350000.0,67.0,67.0,3.0,1.0,1.0,departamento,belgrano,-34.55748,-58.437297,1,0,0
B,1010000.0,51.0,51.0,3.0,2.0,1.0,departamento,caballito,-34.613353,-58.436337,0,0,0
B,504000.0,38.0,38.0,2.0,1.0,1.0,ph,caballito,-34.607529,-58.438789,0,0,0
B,344000.0,26.0,26.0,1.0,1.0,1.0,departamento,villa crespo,-34.586594,-58.432347,0,0,0
B,1154000.0,408.0,86.0,3.0,2.0,1.0,casa,almagro,-34.635936,-58.419835,0,0,0
B,658000.0,44.0,44.0,2.0,1.0,1.0,departamento,belgrano,-34.569777,-58.445743,0,0,0
B,1157000.0,77.0,65.0,2.0,1.0,1.0,ph,belgrano,-34.563004,-58.456091,0,0,0
B,565000.0,34.0,34.0,1.0,1.0,1.0,departamento,belgrano,-34.559652,-58.487996,0,0,0
B,621000.0,45.0,45.0,2.0,1.0,1.0,departamento,flores,-34.611775,-58.463422,0,0,0
B,961000.0,59.0,59.0,3.0,2.0,1.0,departamento,caballito,-34.630593,-58.423277,0,0,0
B,1235000.0,58.0,58.0,3.0,2.0,2.0,departamento,villa urquiza,-34.574502,-58.48828,0,0,0
B,752000.0,42.0,42.0,1.0,1.0,1.0,departamento,palermo,-34.561061,-58.416945,0,0,0
B,747000.0,56.0,56.0,3.0,2.0,1.0,departamento,caballito,-34.618558,-58.448991,0,0,0
B,1309000.0,50.0,50.0,3.0,2.0,2.0,departamento,belgrano,-34.568992,-58.483987,0,0,0
B,3599000.0,243.0,169.0,7.0,6.0,5.0,casa,caballito,-34.630354,-58.419916,0,0,0
B,440000.0,36.0,36.0,1.0,1.0,1.0,departamento,nunez,-34.535712,-58.472895,0,0,0
B,544000.0,41.0,41.0,3.0,2.0,2.0,departamento,colegiales,-34.579383,-58.442483,0,0,0
B,1293000.0,63.0,63.0,3.0,2.0,2.0,departamento,san telmo,-34.613832,-58.379662,0,0,0
B,1100000.0,72.0,72.0,3.0,2.0,1.0,departamento,boedo,-34.649198,-58.419525,0,0,0
B,965000.0,58.0,58.0,3.0,2.0,1.0,departamento,colegiales,-34.566372,-58.456585,0,0,0
B,198000.0,21.0,21.0,1.0,1.0,1.0,departamento,flores,-34.650288,-58.462727,0,0,0
B,615000.0,33.0,33.0,1.0,1.0,1.0,departamento,nunez,-34.539705,-58.465136,0,0,0
B,555000.0,47.0,47.0,2.0,1.0,1.0,departamento,nunez,-34.552257,-58.455445,0,0,0
B,1187000.0,91.0,91.0,3.0,2.0,1.0,departamento,nunez,-34.546248,-58.45199,0,0,0
B,1535000.0,105.0,90.0,3.0,2.0,1.0,ph,colegiales,-34.576485,-58.454672,0,0,0
B,1970000.0,75.0,75.0,3.0,2.0,1.0,departamento,belgrano,-34.567035,-58.455015,0,1,0
B,669000.0,46.0,46.0,2.0,1.0,1.0,departamento,colegiales,-34.563098,-58.456396,0,0,0
B,889000.0,60.0,60.0,4.0,3.0,2.0,departamento,almagro,-34.584098,-58.41847,0,0,0
B,2516000.0,131.0,131.0,6.0,5.0,4.0,departamento,colegiales,-34.547441,-58.44754,0,0,0
B,1369000.0,86.0,63.0,2.0,1.0,1.0,ph,belgrano,-34.53333,-58.463918,0,0,0
B,790000.0,78.0,78.0,2.0,1.0,1.0,ph,san telmo,-34.629315,-58.361205,0,1,0
B,510000.0,53.0,53.0,3.0,2.0,1.0,departamento,boedo,-34.625621,-58.410097,0,0,0
B,873000.0,39.0,39.0,3.0,2.0,2.0,departamento,palermo,-34.554413,-58.419637,0,0,0
B,970000.0,70.0,70.0,3.0,2.0,1.0,departamento,villa crespo,-34.620121,-58.458968,0,0,0
B,1070000.0,86.0,86.0,3.0,2.0,2.0,departamento,san telmo,-34.636814,-58.375709,0,0,0
B,787000.0,42.0,35.0,2.0,1.0,1.0,ph,palermo,-34.570562,-58.454002,0,0,0
B,569000.0,48.0,42.0,2.0,1.0,1.0,ph,caballito,-34.622194,-58.441823,0,0,0
B,1270000.0,86.0,86.0,4.0,3.0,2.0,departamento,flores,-34.631012,-58.464583,0,0,0
B,2180000.0,120.0,120.0,3.0,2.0,1.0,ph,recoleta,-34.586012,-58.394664,0,0,0
B,1077000.0,52.0,52.0,3.0,2.0,1.0,departamento,palermo,-34.601961,-58.437676,0,0,0
B,364000.0,36.0,36.0,2.0,1.0,1.0,departamento,boedo,-34.61186,-58.421361,0,0,0
B,2161000.0,82.0,82.0,4.0,3.0,2.0,departamento,colegiales,-34.580746,-58.452511,0,0,0
B,460000.0,46.0,46.0,2.0,1.0,1.0,departamento,flores,-34.628831,-58.47028,0,0,0
B,1249000.0,77.0,77.0,3.0,2.0,1.0,departamento,caballito,-34.610062,-58.453404,0,0,0
B,586000.0,44.0,44.0,2.0,1.0,1.0,departamento,caballito,-34.611168,-58.453652,0,0,1
B,529000.0,33.0,33.0,1.0,1.0,1.0,departamento,boedo,-34.630792,-58.419296,0,0,0
B,440000.0,32.0,32.0,2.0,1.0,1.0,departamento,san telmo,-34.601155,-58.380143,0,0,0
B,817000.0,55.0,55.0,3.0,2.0,2.0,departamento,villa crespo,-34.577093,-58.429947,0,0,0
B,1226000.0,90.0,90.0,3.0,2.0,1.0,casa,colegiales,-34.579386,-58.436016,0,0,0
B,1525000.0,98.0,98.0,5.0,4.0,3.0,departamento,boedo,-34.622435,-58.412084,0,0,0
B,1937000.0,59.0,59.0,3.0,2.0,2.0,departamento,palermo,-34.562728,-58.41284,0,0,0
B,2453000.0,100.0,100.0,4.0,3.0,2.0,departamento,palermo,-34.597561,-58.392476,0,0,0
B,1528000.0,126.0,114.0,2.0,2.0,1.0,ph,flores,-34.631307,-58.468607,0,0,1
B,913000.0,68.0,68.0,2.0,1.0,1.0,departamento,caballito,-34.612705,-58.444033,0,0,0
B,791000.0,78.0,52.0,3.0,2.0,1.0,ph,caballito,-34.625293,-58.431317,0,0,0
B,805000.0,38.0,38.0,2.0,1.0,1.0,departamento,caballito,-34.61582,-58.437104,0,0,0
B,1585000.0,86.0,86.0,2.0,2.0,2.0,casa,palermo,-34.552439,-58.420652,0,0,1
B,908000.0,55.0,55.0,3.0,2.0,1.0,departamento,colegiales,-34.563708,-58.451919,0,0,0
B,639000.0,35.0,35.0,1.0,1.0,1.0,departamento,recoleta,-34.595736,-58.391025,0,0,0
B,760000.0,46.0,46.0,2.0,1.0,1.0,departamento,belgrano,-34.558593,-58.461643,0,0,0
B,369000.0,32.0,32.0,1.0,1.0,1.0,departamento,caballito,-34.636443,-58.424732,0,0,0
B,1699000.0,72.0,72.0,3.0,2.0,2.0,departamento,recoleta,-34.617185,-58.388641,0,0,0
B,3352000.0,168.0,168.0,7.0,6.0,5.0,departamento,recoleta,-34.574395,-58.387877,0,0,0
B,493000.0,37.0,37.0,2.0,1.0,1.0,departamento,san telmo,-34.62057,-58.356064,0,0,0
B,1331000.0,79.0,79.0,2.0,1.0,1.0,ph,belgrano,-34.575656,-58.458807,0,0,0
B,662000.0,47.0,38.0,2.0,1.0,1.0,ph,colegiales,-34.575596,-58.435384,0,0,0
B,3257000.0,102.0,102.0,4.0,3.0,2.0,departamento,recoleta,-34.597481,-58.380664,0,0,0
B,1352000.0,64.0,64.0,3.0,2.0,2.0,departamento,caballito,-34.613988,-58.422228,0,0,0
B,319000.0,24.0,24.0,1.0,1.0,1.0,departamento,caballito,-34.618546,-58.460786,0,0,0
B,365000.0,32.0,32.0,1.0,1.0,1.0,departamento,caballito,-34.611389,-58.455176,0,0,0
B,604000.0,58.0,58.0,2.0,1.0,1.0,ph,san telmo,-34.656978,-58.376857,0,0,1
B,2373000.0,98.0,98.0,3.0,2.0,1.0,ph,nunez,-34.54907,-58.459496,0,1,0
B,358000.0,61.801903990277495,55.488150698804944,2.0,1.0,1.0,departamento,boedo,-34.662275,-58.417474,0,0,0
B,1425000.0,85.0,85.0,4.0,3.0,2.0,departamento,caballito,-34.621409,-58.438471,0,0,0
B,503000.0,44.0,44.0,3.0,2.0,1.0,departamento,almagro,-34.611576,-58.448917,0,0,0
B,623000.0,26.0,26.0,1.0,1.0,1.0,departamento,palermo,-34.582153,-58.405606,0,0,0
B,815000.0,37.0,37.0,1.0,1.0,1.0,departamento,palermo,-34.558268,-58.425669,0,0,0
B,420000.0,44.0,44.0,3.0,2.0,2.0,departamento,boedo,-34.625856,-58.454507,0,0,0
B,494000.0,31.0,31.0,2.0,1.0,1.0,departamento,nunez,-34.564223,-58.455311,0,0,0
B,1232000.0,54.0,54.0,2.0,1.0,1.0,departamento,caballito,-34.62113,-58.449517,0,0,0
B,795000.0,54.0,54.0,2.0,1.0,1.0,departamento,palermo,-34.568712,-58.415429,0,1,0
B,725000.0,42.0,42.0,2.0,1.0,1.0,departamento,caballito,-34.618187,-58.426645,0,0,0
B,2602000.0,105.0,105.0,5.0,4.0,2.0,departamento,palermo,-34.595846,-58.429276,0,0,0
B,449000.0,33.0,33.0,1.0,1.0,1.0,departamento,villa urquiza,-34.560804,-58.481488,0,0,0
B,489000.0,43.0,43.0,1.0,1.0,1.0,departamento,caballito,-34.621856,-58.418823,0,0,0
B,1518000.0,101.0,101.0,5.0,4.0,3.0,departamento,caballito,-34.614419,-58.449647,0,0,0
B,803000.0,66.0,66.0,2.0,1.0,1.0,departamento,almagro,-34.622203,-58.408826,0,1,0
B,986000.0,57.0,57.0,3.0,2.0,1.0,departamento,belgrano,-34.560281,-58.442425,0,0,0
B,353000.0,29.0,29.0,1.0,1.0,1.0,departamento,villa urquiza,-34.586834,-58.486719,0,0,0
B,1179000.0,71.0,71.0,3.0,2.0,1.0,departamento,caballito,-34.622725,-58.429427,0,0,0
B,1480000.0,93.0,93.0,5.0,4.0,3.0,departamento,nunez,-34.533598,-58.465375,0,0,0
B,347000.0,24.0,24.0,1.0,1.0,1.0,departamento,san telmo,-34.620813,-58.365997,0,0,0
B,1081000.0,74.0,74.0,4.0,3.0,2.0,departamento,colegiales,-34.581349,-58.473748,0,0,0
B,372000.0,28.0,28.0,2.0,1.0,1.0,departamento,palermo,-34.577581,-58.421688,0,0,0
B,1150000.0,66.0,66.0,3.0,2.0,2.0,departamento,boedo,-34.631413,-58.40084,0,0,0
B,741000.0,46.0,46.0,2.0,1.0,1.0,departamento,san telmo,-34.620205,-58.372032,0,0,0
B,408000.0,45.0,45.0,2.0,1.0,1.0,departamento,san telmo,-34.629508,-58.348188,0,0,0
B,745000.0,50.0,50.0,2.0,1.0,1.0,departamento,nunez,-34.542074,-58.47792,0,0,0
B,827000.0,35.0,35.0,2.0,1.0,1.0,departamento,nunez,-34.552691,-58.461908,0,0,1
B,675000.0,51.0,51.0,2.0,1.0,1.0,departamento,caballito,-34.615575,-58.439751,0,0,0
B,744000.0,90.0,90.0,4.0,3.0,2.0,departamento,palermo,-34.599728,-58.442355,0,0,0
B,1495000.0,60.0,60.0,3.0,2.0,1.0,casa,villa crespo,-34.604229,-58.419857,0,0,0
B,885000.0,57.0,57.0,2.0,1.0,1.0,departamento,villa urquiza,-34.572815,-58.488946,0,0,0
B,756000.0,47.0,47.0,2.0,1.0,1.0,departamento,san telmo,-34.603711,-58.368804,0,0,0
B,1878000.0,346.0,163.0,6.0,5.0,3.0,casa,almagro,-34.621418,-58.424892,0,0,0
B,808000.0,82.0,82.0,4.0,3.0,2.0,departamento,boedo,-34.621967,-58.41818,0,0,0
B,582000.0,45.0,45.0,1.0,1.0,1.0,departamento,belgrano,-34.564192,-58.430277,0,0,0
B,1197000.0,103.0,103.0,4.0,3.0,2.0,departamento,villa crespo,-34.604868,-58.426473,0,0,0
B,513000.0,53.0,53.0,2.0,1.0,1.0,departamento,flores,-34.611006,-58.441284,0,0,0
B,427000.0,30.0,30.0,2.0,1.0,1.0,departamento,belgrano,-34.54061,-58.477439,0,0,0
B,746000.0,33.0,33.0,2.0,1.0,1.0,departamento,palermo,-34.568357,-58.455348,0,1,0
B,1163000.0,100.0,100.0,5.0,4.0,3.0,departamento,flores,-34.613811,-58.474757,0,0,0
B,631000.0,47.0,43.0,2.0,1.0,1.0,ph,palermo,-34.5594,-58.408,0,0,0
B,1146000.0,68.0,68.0,3.0,2.0,2.0,departamento,recoleta,-34.570559,-58.376045,0,0,0
B,2078000.0,108.0,108.0,3.0,2.0,2.0,casa,flores,-34.636149,-58.462472,0,0,0
B,1320000.0,98.0,98.0,4.0,3.0,2.0,departamento,almagro,-34.603484,-58.399922,0,0,0
B,1198000.0,84.0,84.0,4.0,3.0,2.0,departamento,almagro,-34.606977,-58.421659,0,0,0
B,1129000.0,77.0,77.0,3.0,2.0,1.0,departamento,boedo,-34.616878,-58.387549,0,0,0
B,1065000.0,80.0,80.0,4.0,3.0,2.0,departamento,almagro,-34.616855,-58.421968,0,0,0
B,360000.0,37.0,37.0,2.0,1.0,1.0,departamento,almagro,-34.6054,-58.399552,0,0,0
B,644000.0,37.0,37.0,1.0,1.0,1.0,departamento,nunez,-34.522003,-58.452034,0,0,0
B,760000.0,54.0,54.0,3.0,1.0,1.0,departamento,villa urquiza,-34.579066,-58.493484,1,0,0
B,1139000.0,62.0,62.0,3.0,2.0,1.0,departamento,boedo,-34.622324,-58.451503,0,0,0
B,1248000.0,74.0,74.0,2.0,3.0,2.0,departamento,nunez,-34.54089,-58.454725,0,0,1
B,400000.0,41.0,41.0,3.0,2.0,1.0,departamento,flores,-34.629251,-58.448546,0,0,0
B,1370000.0,74.0,74.0,3.0,2.0,2.0,departamento,nunez,-34.547149,-58.463096,0,0,0
B,491000.0,38.0,38.0,2.0,1.0,1.0,departamento,colegiales,-34.561907,-58.462368,0,0,0
B,683000.0,48.0,48.0,3.0,2.0,1.0,departamento,colegiales,-34.577798,-58.440083,0,0,0
B,680000.0,45.0,45.0,2.0,1.0,1.0,ph,villa urquiza,-34.579453,-58.489021,0,0,0
B,1761000.0,106.0,106.0,6.0,5.0,3.0,departamento,caballito,-34.623459,-58.411248,0,0,0
B,661000.0,37.0,37.0,1.0,1.0,1.0,departamento,nunez,-34.554194,-58.476779,0,0,0
B,516000.0,62.0,41.0,3.0,2.0,1.0,ph,almagro,-34.633609,-58.437394,0,0,0
B,554000.0,62.0,62.0,3.0,2.0,1.0,departamento,recoleta,-34.588884,-58.403498,0,0,0
B,3797000.0,165.0,165.0,8.0,7.0,5.0,departamento,colegiales,-34.584693,-58.454124,0,0,0
B,1699000.0,72.0,72.0,3.0,2.0,2.0,departamento,recoleta,-34.617185,-58.388641,0,0,0
B,924000.0,49.0,49.0,2.0,1.0,1.0,departamento,palermo,-34.579364,-58.444222,0,0,0
B,826000.0,37.0,35.0,2.0,1.0,1.0,ph,colegiales,-34.579363,-58.445952,0,0,0
B,347000.0,21.0,21.0,1.0,1.0,1.0,departamento,palermo,-34.575402,-58.394667,0,0,0
B,2266000.0,112.0,106.0,5.0,4.0,2.0,ph,boedo,-34.63656,-58.417143,0,0,0
B,1065000.0,54.0,54.0,2.0,1.0,1.0,departamento,recoleta,-34.581829,-58.401226,0,0,0
B,1333000.0,117.0,117.0,6.0,5.0,3.0,departamento,san telmo,-34.610731,-58.376313,0,0,0
B,259000.0,20.0,20.0,1.0,1.0,1.0,departamento,boedo,-34.623273,-58.397647,0,0,0
B,429000.0,34.0,34.0,1.0,1.0,1.0,departamento,colegiales,-34.570253,-58.45721,0,0,0
B,1163000.0,74.0,74.0,4.0,3.0,2.0,departamento,almagro,-34.605838,-58.444081,0,0,0
B,445000.0,32.0,32.0,2.0,1.0,1.0,departamento,villa urquiza,-34.58563,-58.480388,0,0,0
B,546000.0,55.0,55.0,3.0,2.0,1.0,departamento,san telmo,-34.61525,-58.37026,0,0,0
B,536000.0,56.0,39.0,2.0,1.0,1.0,ph,colegiales,-34.560869,-58.470878,0,1,0
B,873000.0,56.0,56.0,3.0,2.0,2.0,departamento,caballito,-34.631311,-58.439704,0,0,0
B,2691000.0,98.0,98.0,4.0,3.0,3.0,departamento,belgrano,-34.559595,-58.469854,0,0,0
B,468000.0,32.0,32.0,1.0,1.0,1.0,departamento,san telmo,-34.625544,-58.369853,0,0,0
B,280000.0,34.0,34.0,1.0,1.0,1.0,departamento,villa urquiza,-34.54845,-58.485244,0,0,0
B,665000.0,35.0,35.0,1.0,1.0,1.0,departamento,caballito,-34.632896,-58.414021,0,0,0
B,662000.0,54.0,54.0,3.0,2.0,1.0,departamento,villa urquiza,-34.608835,-58.494924,0,0,0
B,312000.0,21.0,21.0,1.0,1.0,1.0,departamento,colegiales,-34.566035,-58.456902,0,0,0
B,1068000.0,54.0,54.0,2.0,1.0,1.0,departamento,recoleta,-34.607179,-58.405983,0,0,0
B,1108000.0,90.0,71.0,3.0,2.0,1.0,ph,villa crespo,-34.610811,-58.424794,0,0,0
B,461000.0,39.0,39.0,2.0,1.0,1.0,departamento,boedo,-34.628587,-58.425297,0,0,0
B,1082000.0,51.0,51.0,2.0,1.0,1.0,departamento,nunez,-34.546549,-58.456057,0,0,0
B,2159000.0,99.0,99.0,4.0,3.0,3.0,departamento,colegiales,-34.568138,-58.420262,0,0,0
B,3982000.0,99.0,99.0,5.0,4.0,3.0,departamento,palermo,-34.549604,-58.425204,0,0,0
B,425000.0,40.0,40.0,1.0,1.0,1.0,departamento,flores,-34.592251,-58.465336,0,0,0
B,523000.0,23.0,23.0,2.0,1.0,1.0,departamento,palermo,-34.564313,-58.432588,0,0,0
B,1479000.0,90.0,90.0,4.0,3.0,2.0,departamento,palermo,-34.580776,-58.434277,0,0,0
B,1434000.0,71.0,71.0,4.0,3.0,2.0,ph,caballito,-34.595589,-58.443671,0,0,0
B,1529000.0,68.0,68.0,3.0,2.0,1.0,departamento,nunez,-34.54534,-58.480058,0,0,0
B,373000.0,39.0,39.0,2.0,1.0,1.0,departamento,flores,-34.611193,-58.462431,1,0,0
B,835000.0,60.0,60.0,3.0,2.0,2.0,departamento,villa urquiza,-34.548809,-58.473273,0,0,0
B,251000.0,20.0,20.0,1.0,1.0,1.0,departamento,recoleta,-34.593528,-58.382315,0,0,0
B,928000.0,53.0,53.0,2.0,1.0,1.0,ph,recoleta,-34.597159,-58.416659,0,0,0
B,726000.0,74.0,74.0,3.0,2.0,2.0,departamento,san telmo,-34.611862,-58.357355,0,0,0
B,871000.0,40.0,40.0,2.0,1.0,1.0,ph,belgrano,-34.564993,-58.45877,0,0,0
B,930000.0,50.0,50.0,3.0,2.0,1.0,departamento,villa crespo,-34.610478,-58.444957,0,0,0
B,852000.0,57.0,57.0,2.0,1.0,1.0,departamento,villa urquiza,-34.565939,-58.482724,0,0,0
B,894000.0,66.0,66.0,2.0,1.0,1.0,departamento,colegiales,-34.579473,-58.437074,0,0,0
B,663000.0,51.0,51.0,2.0,1.0,1.0,departamento,villa urquiza,-34.562137,-58.486225,0,0,0
B,354000.0,35.0,35.0,1.0,1.0,1.0,departamento,villa urquiza,-34.590496,-58.491688,0,1,0
B,1160000.0,69.0,69.0,4.0,3.0,3.0,departamento,villa urquiza,-34.56756,-58.498801,0,0,0
B,1293000.0,78.0,78.0,4.0,3.0,2.0,departamento,flores,-34.609731,-58.469029,0,0,0
B,968000.0,59.0,52.0,2.0,1.0,1.0,ph,san telmo,-34.604996,-58.358303,0,1,0
B,680000.0,73.0,73.0,3.0,2.0,2.0,departamento,san telmo,-34.615033,-58.399092,0,0,0
B,651000.0,37.0,37.0,2.0,1.0,1.0,departamento,villa crespo,-34.611679,-58.432063,0,0,0
B,1527000.0,101.0,93.0,4.0,3.0,2.0,ph,villa urquiza,-34.597517,-58.49052,0,0,0
B,1497000.0,135.0,106.0,4.0,3.0,2.0,ph,villa urquiza,-34.577648,-58.48375,0,0,0
B,1450000.0,103.0,103.0,4.0,3.0,2.0,departamento,almagro,-34.606029,-58.409998,0,0,0
B,332000.0,24.0,24.0,1.0,1.0,1.0,departamento,belgrano,-34.570399,-58.454136,0,0,0
B,533000.0,32.0,32.0,1.0,1.0,1.0,departamento,nunez,-34.548785,-58.472555,0,0,0
B,333000.0,22.0,22.0,1.0,1.0,1.0,departamento,belgrano,-34.537739,-58.482738,0,0,0
B,964000.0,53.0,53.0,3.0,2.0,2.0,departamento,villa crespo,-34.599784,-58.439257,0,0,0
B,562000.0,39.0,39.0,2.0,1.0,1.0,departamento,san telmo,-34.620519,-58.397102,0,0,0
B,1445000.0,132.0,132.0,2.0,4.0,3.0,ph,villa crespo,-34.612655,-58.431262,0,0,1
B,832000.0,37.0,37.0,1.0,1.0,1.0,departamento,villa urquiza,-34.57281,-58.497101,0,0,0
B,756000.0,55.0,46.0,2.0,1.0,1.0,ph,nunez,-34.526815,-58.453828,0,0,0
B,805000.0,56.0,56.0,2.0,1.0,1.0,departamento,almagro,-34.628004,-58.404015,0,0,0
B,599000.0,56.0,56.0,3.0,2.0,2.0,departamento,villa urquiza,-34.572914,-58.476578,0,0,0
B,1260000.0,77.0,77.0,4.0,3.0,2.0,departamento,nunez,-34.528225,-58.449047,0,0,0
B,1333000.0,54.0,54.0,2.0,1.0,1.0,departamento,belgrano,-34.551067,-58.457786,0,0,0
B,503000.0,49.0,49.0,2.0,1.0,1.0,departamento,flores,-34.610811,-58.457757,0,0,0
B,1070000.0,73.0,73.0,3.0,2.0,2.0,departamento,caballito,-34.622266,-58.444918,0,0,0
B,634000.0,55.0,55.0,3.0,2.0,1.0,departamento,almagro,-34.606611,-58.412762,0,0,0
B,364000.0,23.0,23.0,2.0,1.0,1.0,departamento,boedo,-34.616109,-58.402661,0,0,0
B,1478000.0,66.0,66.0,3.0,2.0,1.0,departamento,colegiales,-34.58875,-58.456455,0,0,0
B,727000.0,42.0,35.0,2.0,1.0,1.0,ph,san telmo,-34.620136,-58.374547,0,0,1
B,582000.0,43.0,43.0,2.0,1.0,1.0,departamento,villa crespo,-34.605926,-58.446399,0,0,0
B,1123000.0,81.0,81.0,3.0,2.0,1.0,departamento,almagro,-34.6115,-58.42257,0,0,0
B,318000.0,26.0,26.0,2.0,1.0,1.0,departamento,belgrano,-34.554591,-58.482348,0,0,0
B,335000.0,33.0,33.0,1.0,1.0,1.0,departamento,villa urquiza,-34.583267,-58.489736,0,0,0
B,947000.0,84.0,84.0,2.0,2.0,1.0,departamento,flores,-34.666535,-58.469159,0,0,1
B,584000.0,32.0,32.0,2.0,1.0,1.0,departamento,villa crespo,-34.630458,-58.435826,0,0,0
B,1086000.0,69.0,69.0,3.0,2.0,1.0,departamento,flores,-34.641239,-58.466655,0,0,0
B,998000.0,49.0,49.0,2.0,1.0,1.0,departamento,villa urquiza,-34.560917,-58.495029,0,0,0
B,438000.0,31.0,31.0,1.0,1.0,1.0,departamento,caballito,-34.607976,-58.453721,0,0,0
B,510000.0,52.0,41.0,2.0,1.0,1.0,ph,san telmo,-34.647336,-58.376417,0,0,0
B,788000.0,56.0,56.0,3.0,2.0,1.0,departamento,caballito,-34.608755,-58.416295,0,0,0
B,1267000.0,95.0,95.0,4.0,3.0,2.0,departamento,villa urquiza,-34.564799,-58.495932,0,0,0
B,386000.0,33.0,33.0,1.0,1.0,1.0,departamento,san telmo,-34.642853,-58.379172,0,0,0
B,498000.0,46.0,46.0,2.0,1.0,1.0,departamento,boedo,-34.645064,-58.400739,0,0,0
B,922000.0,34.0,34.0,2.0,1.0,1.0,departamento,belgrano,-34.569003,-58.434348,0,0,0
B,812000.0,46.0,46.0,2.0,1.0,1.0,departamento,nunez,-34.539893,-58.458269,0,0,0
B,651000.0,44.0,44.0,2.0,1.0,1.0,departamento,almagro,-34.608562,-58.440454,0,0,0
B,715000.0,44.0,44.0,2.0,1.0,1.0,departamento,colegiales,-34.564443,-58.453377,0,0,0
B,896000.0,173.0,60.0,3.0,2.0,2.0,casa,flores,-34.628151,-58.47079,0,0,0
B,482000.0,27.0,27.0,1.0,1.0,1.0,departamento,recoleta,-34.586732,-58.394633,0,0,0
B,922000.0,34.0,34.0,2.0,1.0,1.0,departamento,belgrano,-34.569003,-58.434348,0,0,0
B,730000.0,62.0,62.0,3.0,2.0,1.0,departamento,colegiales,-34.575919,-58.456608,0,0,0
B,786000.0,51.0,51.0,3.0,2.0,1.0,departamento,boedo,-34.642735,-58.414664,0,0,0
B,1544000.0,199.0,96.0,3.0,2.0,1.0,casa,boedo,-34.616605,-58.431819,0,0,0
B,601000.0,50.0,50.0,2.0,1.0,1.0,departamento,caballito,-34.641632,-58.417662,0,0,0
B,529000.0,31.0,31.0,2.0,1.0,1.0,departamento,belgrano,-34.561454,-58.463492,0,0,0
B,1016000.0,91.0,91.0,5.0,4.0,3.0,departamento,caballito,-34.609891,-58.435289,0,0,0
B,928000.0,48.0,48.0,3.0,2.0,2.0,departamento,belgrano,-34.560511,-58.480104,0,0,0
B,587000.0,45.0,45.0,2.0,1.0,1.0,ph,nunez,-34.548448,-58.465275,0,0,0
B,1199000.0,178.0,72.0,3.0,2.0,1.0,casa,caballito,-34.606846,-58.44061,0,0,0
B,578000.0,61.0,61.0,3.0,2.0,2.0,departamento,almagro,-34.606826,-58.420252,0,0,0
B,1218000.0,68.0,68.0,4.0,3.0,2.0,departamento,caballito,-34.612474,-58.429384,0,0,0
B,543000.0,43.0,43.0,2.0,1.0,1.0,departamento,villa urquiza,-34.585986,-58.49549,0,0,0
B,835000.0,48.0,48.0,3.0,2.0,2.0,departamento,villa crespo,-34.589042,-58.447687,0,0,0
B,263000.0,28.0,28.0,1.0,1.0,1.0,departamento,almagro,-34.616743,-58.437147,0,0,0
B,752000.0,41.0,41.0,2.0,1.0,1.0,departamento,villa crespo,-34.59536,-58.412833,0,0,0
B,936000.0,92.0,83.0,3.0,2.0,2.0,ph,san telmo,-34.622481,-58.361588,0,0,0
B,849000.0,41.0,41.0,1.0,1.0,1.0,departamento,colegiales,-34.570337,-58.442951,0,0,0
B,611000.0,44.0,44.0,1.0,1.0,1.0,departamento,belgrano,-34.568979,-58.48077,0,0,0
B,550000.0,43.0,43.0,2.0,1.0,1.0,departamento,flores,-34.636029,-58.469096,0,0,0
B,1795000.0,106.0,106.0,6.0,5.0,4.0,departamento,flores,-34.605674,-58.458366,0,0,0
B,1962000.0,134.0,134.0,2.0,5.0,4.0,departamento,flores,-34.62816,-58.471198,0,0,1
B,490000.0,36.0,36.0,3.0,2.0,1.0,departamento,caballito,-34.63092,-58.454093,0,1,0
B,914000.0,52.0,52.0,2.0,1.0,1.0,departamento,nunez,-34.548882,-58.462829,0,0,0
B,769000.0,44.0,44.0,2.0,1.0,1.0,departamento,belgrano,-34.559647,-58.446743,0,0,0
B,348000.0,37.0,37.0,1.0,1.0,1.0,departamento,san telmo,-34.604696,-58.358021,0,0,0
B,2260000.0,209.0,97.0,3.0,2.0,2.0,casa,nunez,-34.557842,-58.463953,0,0,0
B,832000.0,65.0,65.0,2.0,1.0,1.0,departamento,belgrano,-34.545783,-58.463521,0,0,0
B,722000.0,43.0,43.0,2.0,1.0,1.0,departamento,colegiales,-34.584397,-58.439119,0,0,0
B,454000.0,45.0,45.0,2.0,1.0,1.0,departamento,boedo,-34.632844,-58.394138,0,0,0
B,448000.0,27.0,27.0,1.0,1.0,1.0,departamento,villa crespo,-34.595048,-58.446499,0,0,0
B,415000.0,35.0,35.0,2.0,1.0,1.0,departamento,flores,-34.636646,-58.468658,0,0,0
B,538000.0,57.0,57.0,2.0,1.0,1.0,ph,almagro,-34.620328,-58.433043,0,0,0
B,1180000.0,52.0,52.0,3.0,2.0,2.0,departamento,belgrano,-34.571124,-58.475251,0,0,0
B,1120000.0,53.0,53.0,3.0,2.0,1.0,departamento,recoleta,-34.581,-58.392612,0,1,0
B,384000.0,26.0,26.0,1.0,1.0,1.0,departamento,colegiales,-34.563097,-58.439447,0,0,0
B,882000.0,64.0,64.0,3.0,2.0,1.0,departamento,almagro,-34.612463,-58.434078,0,0,0
B,1506000.0,135.0,76.0,3.0,2.0,1.0,casa,colegiales,-34.557564,-58.430957,0,0,0
B,525000.0,47.0,47.0,2.0,1.0,1.0,departamento,almagro,-34.606498,-58.431455,0,0,0
B,650000.0,43.0,43.0,1.0,1.0,1.0,departamento,colegiales,-34.56859,-58.447484,0,0,0
B,670000.0,49.0,49.0,3.0,2.0,1.0,departamento,almagro,-34.615241,-58.420794,0,0,0
B,916000.0,43.0,43.0,1.0,1.0,1.0,departamento,palermo,-34.570466,-58.429949,0,0,0
B,868000.0,48.0,48.0,2.0,1.0,1.0,departamento,nunez,-34.532164,-58.462616,0,0,0
B,1032000.0,47.0,47.0,2.0,1.0,1.0,departamento,palermo,-34.545144,-58.425186,0,0,0
B,1527000.0,119.0,119.0,5.0,4.0,3.0,departamento,villa urquiza,-34.590415,-58.479928,0,0,0
B,1081000.0,58.0,58.0,2.0,1.0,1.0,departamento,belgrano,-34.550843,-58.449946,0,0,0
B,692000.0,37.0,37.0,2.0,1.0,1.0,departamento,belgrano,-34.560039,-58.453236,0,0,0
B,346000.0,30.0,30.0,1.0,1.0,1.0,departamento,palermo,-34.561933,-58.446185,0,0,0
B,1307000.0,90.0,90.0,5.0,4.0,3.0,departamento,flores,-34.618591,-58.458622,0,0,0
B,2218000.0,326.0,326.0,4.0,3.0,2.0,casa,villa urquiza,-34.572504,-58.481624,0,0,0
B,1002000.0,88.0,88.0,5.0,1.0,3.0,departamento,flores,-34.637012,-58.453254,1,0,0
B,1492000.0,80.0,80.0,3.0,2.0,1.0,departamento,villa crespo,-34.593071,-58.4325,0,0,0
B,1798000.0,98.0,98.0,5.0,4.0,3.0,departamento,caballito,-34.627288,-58.429109,0,0,0
B,3418000.0,513.0,183.0,7.0,6.0,4.0,casa,villa urquiza,-34.584331,-58.51075,0,0,0
B,877000.0,51.0,51.0,2.0,1.0,1.0,departamento,almagro,-34.628568,-58.410007,0,0,0
B,1132000.0,55.0,55.0,3.0,2.0,1.0,departamento,colegiales,-34.561007,-58.457069,0,0,0
B,740000.0,43.0,43.0,2.0,1.0,1.0,departamento,villa urquiza,-34.589322,-58.500141,0,0,0
B,1890000.0,78.0,78.0,4.0,3.0,2.0,departamento,palermo,-34.593498,-58.427968,0,0,0
B,1140000.0,65.0,60.0,3.0,2.0,1.0,ph,nunez,-34.546681,-58.452337,0,0,0
B,479000.0,34.0,34.0,1.0,1.0,1.0,departamento,caballito,-34.648914,-58.44599,0,0,0
B,1334000.0,69.0,69.0,3.0,2.0,2.0,departamento,belgrano,-34.557206,-58.453527,0,0,0
B,438000.0,40.0,40.0,2.0,1.0,1.0,departamento,almagro,-34.598386,-58.408075,1,0,0
B,1540000.0,105.0,105.0,5.0,4.0,3.0,departamento,boedo,-34.640926,-58.417214,0,0,0
B,235000.0,23.0,23.0,1.0,1.0,1.0,departamento,caballito,-34.621843,-58.445831,0,0,0
B,527000.0,43.0,43.0,2.0,1.0,1.0,ph,flores,-34.638691,-58.487971,0,0,0
B,474000.0,25.0,25.0,1.0,1.0,1.0,departamento,colegiales,-34.57581,-58.448393,0,0,0
B,761000.0,58.0,58.0,2.0,1.0,1.0,departamento,almagro,-34.588673,-58.399947,0,0,0
B,590000.0,54.0,54.0,3.0,2.0,2.0,departamento,san telmo,-34.607734,-58.40172,0,0,0
B,408000.0,28.0,28.0,2.0,1.0,1.0,departamento,flores,-34.618962,-58.479241,0,0,0
B,564000.0,24.0,24.0,2.0,1.0,1.0,departamento,recoleta,-34.586906,-58.401743,0,1,0
B,730000.0,49.0,49.0,2.0,1.0,1.0,departamento,belgrano,-34.551526,-58.471606,0,0,0
B,808000.0,59.0,59.0,3.0,2.0,1.0,departamento,colegiales,-34.571102,-58.459901,0,1,0
B,2660000.0,131.0,131.0,5.0,4.0,2.0,departamento,caballito,-34.606807,-58.452771,0,0,0
B,1470000.0,98.0,98.0,5.0,4.0,3.0,departamento,colegiales,-34.572152,-58.435511,0,0,0
B,697000.0,34.0,34.0,1.0,1.0,1.0,departamento,belgrano,-34.566754,-58.445629,0,0,0
B,1283000.0,73.0,73.0,4.0,3.0,2.0,departamento,nunez,-34.5339,-58.487185,0,0,0
B,990000.0,61.801903990277495,55.488150698804944,4.0,3.0,2.0,departamento,boedo,-34.642211,-58.419984,0,0,0
B,1827000.0,186.0,186.0,8.0,7.0,4.0,departamento,san telmo,-34.63736,-58.363508,0,0,0
B,2448000.0,147.0,141.0,6.0,5.0,4.0,ph,colegiales,-34.572108,-58.455401,0,0,0
B,494000.0,42.0,35.0,2.0,1.0,1.0,ph,palermo,-34.554519,-58.426816,0,0,0
B,1050000.0,62.0,62.0,3.0,2.0,1.0,departamento,recoleta,-34.561172,-58.407846,0,0,0
B,438000.0,36.0,36.0,2.0,1.0,1.0,departamento,almagro,-34.613937,-58.420571,0,0,0
B,1523000.0,122.0,122.0,6.0,5.0,4.0,departamento,boedo,-34.644644,-58.425849,0,0,0
B,466000.0,52.0,52.0,3.0,2.0,1.0,departamento,almagro,-34.610816,-58.406628,0,0,0
B,243000.0,26.0,26.0,2.0,1.0,1.0,departamento,nunez,-34.528556,-58.483066,0,0,0
B,706000.0,49.0,49.0,2.0,1.0,1.0,ph,caballito,-34.629195,-58.435164,0,0,0
B,400000.0,26.0,26.0,3.0,2.0,1.0,departamento,nunez,-34.533457,-58.46465,0,0,0
B,576000.0,47.0,47.0,2.0,1.0,1.0,departamento,villa crespo,-34.584504,-58.464948,0,0,0
B,716000.0,103.0,63.0,2.0,1.0,1.0,ph,villa crespo,-34.574984,-58.422187,0,0,0
B,285000.0,26.0,26.0,2.0,1.0,1.0,departamento,almagro,-34.612251,-58.432203,0,0,1
B,1951000.0,78.0,78.0,4.0,3.0,2.0,departamento,belgrano,-34.570799,-58.454526,0,0,0
B,563000.0,69.0,56.0,2.0,1.0,1.0,ph,villa crespo,-34.614582,-58.433362,0,0,0
B,273000.0,31.0,31.0,2.0,1.0,1.0,departamento,flores,-34.650735,-58.46592,0,0,0
B,1450000.0,99.0,99.0,4.0,3.0,3.0,departamento,colegiales,-34.584026,-58.466094,0,0,0
B,1497000.0,103.0,103.0,2.0,3.0,2.0,ph,san telmo,-34.615244,-58.378863,0,0,1
B,1085000.0,70.0,70.0,2.0,1.0,1.0,departamento,flores,-34.637973,-58.447734,0,0,0
B,495000.0,39.0,39.0,2.0,1.0,1.0,departamento,almagro,-34.594929,-58.408828,0,0,0
B,265000.0,20.0,20.0,1.0,1.0,1.0,departamento,boedo,-34.64213,-58.413493,0,0,0
B,478000.0,31.0,31.0,1.0,1.0,1.0,departamento,caballito,-34.650093,-58.446555,0,0,0
B,894000.0,88.0,54.0,2.0,1.0,1.0,ph,colegiales,-34.580018,-58.460852,0,0,0
B,857000.0,48.0,48.0,2.0,1.0,1.0,departamento,belgrano,-34.571458,-58.479612,0,0,0
B,650000.0,24.0,24.0,1.0,1.0,1.0,departamento,recoleta,-34.588271,-58.388701,0,0,0
B,1540000.0,105.0,105.0,5.0,4.0,3.0,departamento,boedo,-34.640926,-58.417214,0,0,0
B,756000.0,61.0,61.0,3.0,2.0,1.0,departamento,recoleta,-34.58887,-58.396878,0,0,0
B,263000.0,20.0,20.0,1.0,1.0,1.0,departamento,villa crespo,-34.628035,-58.441855,0,0,0
B,881000.0,50.0,50.0,2.0,1.0,1.0,ph,villa crespo,-34.613711,-58.437819,0,0,0
B,3599000.0,169.0,169.0,7.0,6.0,5.0,casa,caballito,-34.630354,-58.419916,0,0,0
B,1921000.0,140.0,125.0,4.0,3.0,2.0,ph,recoleta,-34.599529,-58.393165,0,0,0
B,443000.0,43.0,43.0,1.0,1.0,1.0,departamento,san telmo,-34.621074,-58.391313,0,0,0
B,748000.0,32.0,32.0,1.0,1.0,1.0,departamento,recoleta,-34.585255,-58.407091,0,0,0
B,1077000.0,52.0,52.0,3.0,2.0,1.0,departamento,palermo,-34.601961,-58.437676,0,0,0
B,602000.0,37.0,37.0,1.0,1.0,1.0,departamento,villa crespo,-34.602455,-58.437794,0,0,0
B,386000.0,35.0,35.0,2.0,1.0,1.0,departamento,villa crespo,-34.62508,-58.429279,0,0,0
B,326000.0,25.0,25.0,1.0,1.0,1.0,departamento,caballito,-34.590349,-58.429073,0,0,0
B,1565000.0,89.0,89.0,4.0,3.0,2.0,departamento,palermo,-34.575939,-58.435646,0,0,0
B,1699000.0,72.0,72.0,3.0,2.0,2.0,departamento,recoleta,-34.617185,-58.388641,0,0,0
B,362000.0,32.0,32.0,2.0,1.0,1.0,departamento,villa crespo,-34.580638,-58.420772,0,0,1
B,663000.0,37.0,35.0,2.0,1.0,1.0,ph,caballito,-34.627511,-58.439264,0,0,0
B,796000.0,33.0,33.0,1.0,1.0,1.0,departamento,belgrano,-34.556201,-58.450345,0,0,0
B,576000.0,44.0,44.0,2.0,1.0,1.0,departamento,caballito,-34.610091,-58.430879,0,0,0
B,721000.0,35.0,35.0,1.0,1.0,1.0,departamento,nunez,-34.553305,-58.457493,0,0,0
B,1488000.0,88.0,73.0,2.0,1.0,1.0,ph,colegiales,-34.590245,-58.442501,0,0,0
B,711000.0,52.0,52.0,1.0,1.0,1.0,departamento,almagro,-34.594761,-58.434499,0,0,0
B,2733000.0,102.0,102.0,4.0,3.0,2.0,casa,villa crespo,-34.614908,-58.436839,0,0,0
B,1396000.0,76.0,46.0,2.0,1.0,1.0,ph,villa crespo,-34.589662,-58.428655,0,0,0
B,1757000.0,111.0,111.0,5.0,4.0,1.0,departamento,villa urquiza,-34.586445,-58.491209,0,1,0
B,801000.0,49.0,49.0,2.0,1.0,1.0,departamento,colegiales,-34.591548,-58.461815,0,0,0
B,763000.0,63.0,63.0,3.0,2.0,1.0,departamento,nunez,-34.547306,-58.464283,0,0,0
B,293000.0,25.0,25.0,1.0,1.0,1.0,departamento,colegiales,-34.571497,-58.45056,0,0,0
B,825000.0,56.0,56.0,4.0,3.0,3.0,departamento,caballito,-34.60877,-58.442057,0,0,0
B,891000.0,55.0,55.0,2.0,2.0,1.0,departamento,villa urquiza,-34.592884,-58.486024,0,0,1
B,1206000.0,69.0,54.0,2.0,1.0,1.0,ph,nunez,-34.576772,-58.456046,0,0,0
B,759000.0,57.0,48.0,2.0,1.0,1.0,ph,belgrano,-34.577064,-58.474121,0,0,0
B,661000.0,37.0,37.0,1.0,1.0,1.0,departamento,nunez,-34.554194,-58.476779,0,0,0
B,821000.0,53.0,53.0,2.0,1.0,1.0,departamento,caballito,-34.639909,-58.438942,0,0,1
B,1203000.0,81.0,81.0,4.0,3.0,2.0,departamento,caballito,-34.609327,-58.437193,0,0,0
B,665000.0,46.0,46.0,2.0,1.0,1.0,departamento,palermo,-34.577546,-58.431788,0,0,0
B,1507000.0,79.0,79.0,4.0,3.0,2.0,departamento,caballito,-34.628781,-58.429582,0,0,0
B,1007000.0,87.0,87.0,4.0,3.0,2.0,departamento,flores,-34.576414,-58.477837,0,0,0
B,1022000.0,70.0,70.0,3.0,2.0,2.0,ph,boedo,-34.626955,-58.407415,0,0,0
B,540000.0,24.0,24.0,1.0,1.0,1.0,departamento,belgrano,-34.56133,-58.454629,0,0,0
B,561000.0,45.0,45.0,2.0,1.0,1.0,departamento,villa urquiza,-34.582844,-58.474319,0,1,0
B,1185000.0,69.0,69.0,3.0,2.0,1.0,departamento,palermo,-34.569197,-58.408981,0,0,0
B,701000.0,38.0,38.0,2.0,1.0,1.0,departamento,nunez,-34.557434,-58.452719,0,0,0
B,411000.0,31.0,31.0,2.0,1.0,1.0,departamento,villa crespo,-34.604146,-58.447304,0,0,0
B,797000.0,40.0,40.0,2.0,1.0,1.0,departamento,villa crespo,-34.606135,-58.439051,0,0,0
B,908000.0,66.0,66.0,3.0,1.0,2.0,departamento,flores,-34.622848,-58.450069,1,0,0
B,742000.0,48.0,48.0,2.0,1.0,1.0,departamento,villa urquiza,-34.57607,-58.498246,0,0,0
B,809000.0,99.0,87.0,4.0,3.0,2.0,ph,flores,-34.643483,-58.476575,0,0,0
B,532000.0,41.0,35.0,2.0,1.0,1.0,ph,nunez,-34.5383,-58.451912,0,0,0
B,1127000.0,93.0,93.0,4.0,3.0,2.0,departamento,san telmo,-34.616501,-58.359783,0,0,0
B,564000.0,68.0,58.0,2.0,1.0,1.0,ph,villa urquiza,-34.590712,-58.471599,0,0,0
B,1229000.0,50.0,50.0,2.0,1.0,1.0,departamento,palermo,-34.567049,-58.409198,0,0,0
B,994000.0,165.0,100.0,5.0,4.0,2.0,casa,flores,-34.615574,-58.459851,0,0,0
B,497000.0,48.0,48.0,2.0,1.0,1.0,departamento,flores,-34.645866,-58.475194,0,0,0
B,661000.0,77.0,77.0,2.0,2.0,1.0,ph,recoleta,-34.575095,-58.389577,0,0,1
B,940000.0,49.0,46.0,2.0,1.0,1.0,ph,palermo,-34.579951,-58.437419,0,0,0
B,1259000.0,64.0,64.0,3.0,2.0,1.0,departamento,recoleta,-34.596214,-58.398463,0,0,0
B,1243000.0,73.0,73.0,4.0,3.0,2.0,departamento,villa crespo,-34.586427,-58.425188,0,0,0
B,1047000.0,169.0,70.0,3.0,2.0,1.0,casa,flores,-34.629126,-58.469995,0,0,0
B,822000.0,48.0,48.0,3.0,2.0,2.0,departamento,caballito,-34.617152,-58.437583,0,0,0
B,470000.0,20.0,20.0,1.0,1.0,1.0,departamento,nunez,-34.553387,-58.466974,0,1,0
B,1009000.0,48.0,48.0,2.0,1.0,1.0,departamento,belgrano,-34.53655,-58.458063,0,0,0
B,1662000.0,99.0,99.0,5.0,4.0,3.0,departamento,recoleta,-34.581534,-58.393187,0,0,0
B,1061000.0,65.0,65.0,3.0,2.0,1.0,departamento,caballito,-34.624612,-58.44135,0,0,0
B,862000.0,46.0,46.0,2.0,1.0,1.0,departamento,nunez,-34.546173,-58.476564,0,0,0
B,380000.0,22.0,22.0,1.0,1.0,1.0,departamento,belgrano,-34.544481,-58.447048,0,0,0
B,2200000.0,81.0,81.0,3.0,2.0,1.0,departamento,recoleta,-34.588173,-58.388445,0,0,0
B,933000.0,67.0,67.0,3.0,2.0,2.0,casa,flores,-34.632104,-58.447634,0,0,0
B,434000.0,41.0,41.0,2.0,1.0,1.0,departamento,san telmo,-34.619274,-58.377509,0,0,0
B,803000.0,57.0,57.0,3.0,1.0,1.0,departamento,belgrano,-34.564301,-58.465105,1,0,0
B,1113000.0,74.0,74.0,4.0,3.0,2.0,departamento,boedo,-34.631268,-58.417224,0,0,0
B,630000.0,34.0,34.0,2.0,1.0,1.0,departamento,colegiales,-34.571678,-58.461616,0,0,0
B,1642000.0,131.0,131.0,6.0,5.0,4.0,departamento,almagro,-34.631359,-58.44311,0,0,0
B,273000.0,25.0,25.0,1.0,1.0,1.0,departamento,boedo,-34.625223,-58.420424,0,0,0
B,583000.0,45.0,45.0,2.0,1.0,1.0,departamento,flores,-34.636937,-58.467965,0,0,0
B,421000.0,21.0,21.0,1.0,1.0,1.0,departamento,colegiales,-34.59837,-58.444002,0,0,0
B,364000.0,30.0,30.0,2.0,1.0,1.0,departamento,villa crespo,-34.61544,-58.439465,0,0,0
B,948000.0,80.0,62.0,3.0,2.0,1.0,ph,belgrano,-34.561715,-58.462142,0,0,0
B,1392000.0,43.0,43.0,2.0,1.0,1.0,departamento,palermo,-34.573253,-58.427645,0,0,0
B,517000.0,44.0,44.0,2.0,1.0,1.0,departamento,flores,-34.642531,-58.47319,0,0,0
B,1455000.0,97.0,97.0,5.0,4.0,3.0,departamento,villa urquiza,-34.579205,-58.499837,0,0,0
B,711000.0,45.0,45.0,2.0,1.0,1.0,departamento,belgrano,-34.572026,-58.45417,0,0,1
B,660000.0,29.0,29.0,1.0,1.0,1.0,departamento,nunez,-34.56308,-58.471818,0,0,0
B,551000.0,33.0,33.0,2.0,1.0,1.0,departamento,villa urquiza,-34.577929,-58.497221,0,0,0
B,2242000.0,123.0,113.0,5.0,4.0,3.0,ph,villa crespo,-34.6201,-58.453577,0,0,0
B,2676000.0,242.0,242.0,3.0,2.0,1.0,casa,san telmo,-34.631602,-58.367253,0,0,0
B,1340000.0,361.0,60.0,3.0,2.0,2.0,casa,villa urquiza,-34.576402,-58.476323,0,0,0
B,1373000.0,197.0,60.0,3.0,2.0,2.0,casa,nunez,-34.548038,-58.464929,0,0,0
B,947000.0,98.0,98.0,3.0,2.0,1.0,departamento,san telmo,-34.635591,-58.375942,0,0,0
B,2049000.0,85.0,85.0,4.0,3.0,2.0,departamento,colegiales,-34.557888,-58.427835,0,0,0
B,2623000.0,89.0,89.0,5.0,4.0,3.0,departamento,nunez,-34.559275,-58.473493,0,0,0
B,405000.0,29.0,29.0,1.0,1.0,1.0,departamento,san telmo,-34.623172,-58.389381,0,1,0
B,1363000.0,104.0,104.0,5.0,4.0,3.0,departamento,boedo,-34.632328,-58.399822,0,0,0
B,675000.0,36.0,36.0,2.0,1.0,1.0,departamento,belgrano,-34.540486,-58.470808,0,0,0
B,564000.0,35.0,35.0,2.0,1.0,1.0,ph,colegiales,-34.588823,-58.449228,0,0,0
B,493000.0,37.0,37.0,2.0,1.0,1.0,departamento,villa urquiza,-34.583909,-58.477887,0,0,0
B,750000.0,35.0,35.0,2.0,1.0,1.0,departamento,recoleta,-34.601339,-58.408762,1,0,0
B,965000.0,176.0,60.0,3.0,2.0,1.0,casa,villa crespo,-34.595788,-58.436848,0,0,0
B,366000.0,29.0,29.0,1.0,1.0,1.0,departamento,caballito,-34.622405,-58.432958,0,0,0
B,295000.0,24.0,24.0,2.0,1.0,1.0,departamento,palermo,-34.562638,-58.435639,0,0,0
B,903000.0,81.0,81.0,3.0,2.0,1.0,departamento,colegiales,-34.58066,-58.460336,0,1,0
B,1066000.0,71.0,71.0,3.0,2.0,1.0,departamento,caballito,-34.61532,-58.433478,0,0,0
B,1019000.0,70.0,70.0,3.0,2.0,1.0,departamento,san telmo,-34.626087,-58.361663,0,0,0
B,340000.0,24.0,24.0,1.0,1.0,1.0,departamento,villa urquiza,-34.564894,-58.489518,0,0,0
B,626000.0,46.0,46.0,2.0,1.0,1.0,departamento,villa crespo,-34.604104,-58.418099,0,0,0
B,970000.0,51.0,51.0,2.0,1.0,1.0,departamento,palermo,-34.577119,-58.429536,1,0,1
B,504000.0,49.0,49.0,3.0,2.0,1.0,departamento,boedo,-34.610352,-58.391851,0,0,0
B,1117000.0,65.0,65.0,3.0,2.0,1.0,departamento,caballito,-34.612883,-58.443714,0,0,0
B,1655000.0,84.0,84.0,5.0,4.0,3.0,departamento,nunez,-34.54841,-58.456669,0,0,0
B,1997000.0,131.0,131.0,7.0,6.0,4.0,departamento,palermo,-34.594179,-58.421196,0,0,0
B,1013000.0,77.0,77.0,3.0,2.0,1.0,departamento,villa urquiza,-34.589643,-58.483084,0,0,0
B,1440000.0,207.0,103.0,3.0,2.0,1.0,casa,caballito,-34.647561,-58.443068,0,0,0
B,495000.0,29.0,29.0,1.0,1.0,1.0,departamento,belgrano,-34.568752,-58.451743,0,1,0
B,723000.0,36.0,36.0,2.0,1.0,1.0,departamento,belgrano,-34.556982,-58.446901,0,0,0
B,1505000.0,72.0,72.0,4.0,3.0,2.0,departamento,recoleta,-34.578287,-58.404291,0,0,0
B,1123000.0,85.0,85.0,4.0,3.0,2.0,departamento,colegiales,-34.552483,-58.445075,0,0,0
B,697000.0,34.0,34.0,1.0,1.0,1.0,departamento,belgrano,-34.566754,-58.445629,0,0,0
B,800000.0,35.0,35.0,2.0,1.0,1.0,departamento,recoleta,-34.576257,-58.426353,0,0,0
B,1123000.0,70.0,63.0,3.0,2.0,2.0,ph,san telmo,-34.623165,-58.389312,0,0,0
B,2675000.0,109.0,103.0,4.0,3.0,2.0,ph,recoleta,-34.597211,-58.401512,0,0,0
B,705000.0,51.0,51.0,2.0,1.0,1.0,departamento,caballito,-34.607705,-58.439668,0,0,0
B,564000.0,24.0,24.0,2.0,1.0,1.0,departamento,recoleta,-34.586906,-58.401743,0,0,0
B,2400000.0,181.0,100.0,3.0,2.0,1.0,casa,palermo,-34.570255,-58.429703,0,0,0
B,774000.0,40.0,40.0,2.0,1.0,1.0,departamento,almagro,-34.603262,-58.413246,0,0,0
B,420000.0,59.0,59.0,3.0,2.0,2.0,departamento,flores,-34.62609,-58.451837,0,0,0
B,1135000.0,72.0,72.0,3.0,2.0,2.0,departamento,villa urquiza,-34.573306,-58.490187,0,0,0
B,893000.0,69.0,61.0,2.0,1.0,1.0,ph,belgrano,-34.563708,-58.46125,0,0,0
B,833000.0,58.0,58.0,3.0,2.0,2.0,departamento,boedo,-34.621971,-58.403711,0,0,0
B,593000.0,47.0,47.0,2.0,1.0,1.0,departamento,caballito,-34.626989,-58.434481,0,0,0
B,671000.0,54.0,54.0,3.0,2.0,1.0,departamento,flores,-34.63264,-58.460168,0,0,0
B,541000.0,53.0,53.0,2.0,1.0,1.0,ph,flores,-34.619632,-58.460319,0,0,0
B,310000.0,20.0,20.0,2.0,1.0,1.0,departamento,colegiales,-34.579058,-58.434223,0,0,0
B,485000.0,43.0,43.0,1.0,1.0,1.0,departamento,recoleta,-34.591374,-58.388048,0,0,0
B,1681000.0,138.0,138.0,7.0,6.0,4.0,departamento,flores,-34.63778,-58.473434,0,0,0
B,1054000.0,85.0,72.0,3.0,2.0,1.0,ph,villa urquiza,-34.561843,-58.480947,0,0,0
B,611000.0,44.0,44.0,2.0,1.0,1.0,departamento,flores,-34.621568,-58.471616,0,0,0
B,903000.0,115.0,115.0,3.0,2.0,1.0,ph,flores,-34.624417,-58.471424,0,0,0
B,1561000.0,359.0,60.0,3.0,1.0,2.0,casa,palermo,-34.573843,-58.428303,1,0,0
B,376000.0,31.0,31.0,1.0,1.0,1.0,departamento,san telmo,-34.633094,-58.385405,0,0,0
B,499000.0,30.0,30.0,2.0,1.0,1.0,departamento,villa crespo,-34.564849,-58.424801,0,0,1
B,203000.0,20.0,20.0,1.0,1.0,1.0,departamento,nunez,-34.553438,-58.452343,0,0,0
B,479000.0,34.0,34.0,1.0,1.0,1.0,departamento,almagro,-34.613978,-58.419036,0,0,0
B,482000.0,30.0,30.0,2.0,1.0,1.0,departamento,colegiales,-34.584523,-58.446323,0,0,0
B,402000.0,28.0,28.0,2.0,1.0,1.0,departamento,villa urquiza,-34.574779,-58.460554,0,0,0
B,703000.0,34.0,34.0,1.0,1.0,1.0,departamento,recoleta,-34.586299,-58.408613,0,0,0
B,1039000.0,58.0,58.0,4.0,3.0,2.0,departamento,caballito,-34.629471,-58.448064,0,0,0
B,583000.0,43.0,43.0,2.0,1.0,1.0,departamento,belgrano,-34.558567,-58.460073,1,0,0
B,1584000.0,438.0,62.0,3.0,2.0,1.0,casa,belgrano,-34.557861,-58.440778,0,0,0
B,717000.0,44.0,44.0,2.0,1.0,1.0,departamento,colegiales,-34.589936,-58.450322,0,0,0
B,750000.0,35.0,35.0,2.0,1.0,1.0,departamento,recoleta,-34.601339,-58.408762,0,0,1
B,666000.0,43.0,43.0,2.0,1.0,1.0,departamento,colegiales,-34.56827,-58.469395,0,0,0
B,1216000.0,48.0,48.0,2.0,1.0,1.0,departamento,recoleta,-34.588075,-58.412498,0,0,0
B,1144000.0,157.0,67.0,3.0,2.0,1.0,casa,colegiales,-34.58518,-58.439449,0,0,0
B,1082000.0,73.0,73.0,3.0,2.0,1.0,departamento,palermo,-34.614491,-58.420183,0,1,0
B,340000.0,31.0,31.0,1.0,1.0,1.0,departamento,almagro,-34.600331,-58.42953,0,0,0
B,947000.0,49.0,49.0,2.0,1.0,1.0,departamento,belgrano,-34.563529,-58.452307,0,0,0
B,943000.0,47.0,47.0,2.0,1.0,1.0,departamento,villa urquiza,-34.568098,-58.492371,0,0,0
B,209000.0,23.0,23.0,2.0,1.0,1.0,departamento,boedo,-34.635261,-58.405192,0,0,0
B,1085000.0,57.0,57.0,3.0,2.0,1.0,departamento,villa urquiza,-34.582061,-58.50205,0,0,0
B,927000.0,80.0,65.0,2.0,1.0,1.0,ph,villa urquiza,-34.577419,-58.491313,0,1,0
B,1139000.0,71.0,71.0,3.0,2.0,1.0,departamento,colegiales,-34.573025,-58.451776,0,0,0
B,1292000.0,86.0,86.0,4.0,3.0,2.0,departamento,caballito,-34.611746,-58.464006,0,0,0
B,681000.0,57.0,57.0,2.0,1.0,1.0,departamento,boedo,-34.62665,-58.416073,0,0,0
B,998000.0,49.0,49.0,2.0,1.0,1.0,departamento,villa urquiza,-34.560917,-58.495029,0,0,0
B,1133000.0,54.0,54.0,4.0,3.0,2.0,departamento,palermo,-34.595643,-58.418077,0,0,0
B,773000.0,82.0,50.0,2.0,1.0,1.0,ph,palermo,-34.581392,-58.424094,1,0,0
B,728000.0,96.0,96.0,4.0,3.0,2.0,departamento,san telmo,-34.620252,-58.391081,0,0,0
B,975000.0,76.0,76.0,2.0,1.0,1.0,departamento,villa urquiza,-34.571138,-58.479945,0,0,1
B,850000.0,82.0,82.0,4.0,3.0,2.0,departamento,villa urquiza,-34.581973,-58.488041,0,0,0
B,649000.0,32.0,32.0,1.0,1.0,1.0,departamento,colegiales,-34.569838,-58.429955,0,0,0
B,844000.0,84.0,80.0,2.0,1.0,1.0,ph,flores,-34.655069,-58.458828,0,0,0
B,1184000.0,36.0,36.0,1.0,1.0,1.0,departamento,palermo,-34.599313,-58.441806,0,0,0
B,441000.0,40.0,40.0,1.0,1.0,1.0,departamento,nunez,-34.551875,-58.472997,0,0,0
B,636000.0,60.0,60.0,1.0,1.0,1.0,departamento,villa crespo,-34.597264,-58.427522,0,0,0
B,786000.0,51.0,51.0,2.0,1.0,1.0,departamento,palermo,-34.560595,-58.438467,0,0,0
B,794000.0,57.0,57.0,3.0,2.0,1.0,departamento,villa crespo,-34.600964,-58.452707,0,0,0
B,1520000.0,66.0,66.0,2.0,1.0,1.0,departamento,palermo,-34.569798,-58.425363,0,0,0
B,1370000.0,56.0,56.0,3.0,2.0,1.0,departamento,recoleta,-34.613158,-58.375113,0,0,0
B,747000.0,60.0,60.0,3.0,2.0,1.0,departamento,san telmo,-34.625099,-58.366404,0,0,0
B,560000.0,54.0,54.0,3.0,2.0,1.0,departamento,flores,-34.65,-58.464337,0,0,0
B,797000.0,65.0,65.0,2.0,1.0,1.0,departamento,villa crespo,-34.58067,-58.433999,0,0,0
B,972000.0,75.0,75.0,3.0,2.0,1.0,departamento,caballito,-34.608801,-58.457067,0,0,0
B,570000.0,39.0,39.0,2.0,1.0,1.0,departamento,flores,-34.623615,-58.458825,0,0,0
B,707000.0,48.0,48.0,2.0,1.0,1.0,departamento,caballito,-34.616046,-58.420282,0,0,0
B,1046000.0,51.0,51.0,2.0,1.0,1.0,departamento,palermo,-34.558295,-58.408076,0,0,0
B,1427000.0,70.0,70.0,3.0,2.0,2.0,departamento,recoleta,-34.575311,-58.394384,0,0,0
B,859000.0,54.0,54.0,3.0,2.0,2.0,departamento,palermo,-34.578176,-58.413178,0,0,0
B,2170000.0,95.0,95.0,5.0,4.0,3.0,departamento,belgrano,-34.591283,-58.452267,0,0,0
B,237000.0,20.0,20.0,1.0,1.0,1.0,departamento,belgrano,-34.576435,-58.4654,0,0,0
B,968000.0,52.0,52.0,2.0,1.0,1.0,ph,san telmo,-34.604996,-58.358303,0,0,0
B,749000.0,49.0,49.0,2.0,1.0,1.0,departamento,villa crespo,-34.577176,-58.452298,0,0,0
B,1990000.0,134.0,134.0,4.0,3.0,2.0,casa,colegiales,-34.606667,-58.438689,0,0,0
B,1198000.0,107.0,98.0,3.0,2.0,1.0,ph,nunez,-34.54285,-58.461219,0,0,0
B,801000.0,85.0,85.0,4.0,3.0,2.0,departamento,san telmo,-34.60978,-58.35803,0,0,0
B,698000.0,61.801903990277495,55.488150698804944,2.0,1.0,1.0,ph,palermo,-34.569158,-58.392168,0,0,0
B,978000.0,35.0,35.0,2.0,1.0,1.0,departamento,recoleta,-34.599907,-58.402596,0,0,0
B,1269000.0,83.0,72.0,2.0,1.0,1.0,ph,colegiales,-34.579968,-58.441425,0,0,0
B,587000.0,57.0,45.0,2.0,1.0,1.0,ph,nunez,-34.548448,-58.465275,0,0,0
B,956000.0,28.0,28.0,2.0,1.0,1.0,departamento,palermo,-34.581075,-58.415342,0,0,0
B,860000.0,63.0,63.0,3.0,2.0,2.0,ph,villa urquiza,-34.582805,-58.498275,0,0,0
B,1305000.0,99.0,72.0,2.0,1.0,1.0,ph,belgrano,-34.567432,-58.462623,0,0,1
B,808000.0,59.0,59.0,3.0,2.0,1.0,departamento,colegiales,-34.571102,-58.459901,0,0,0
B,279000.0,23.0,23.0,1.0,1.0,1.0,departamento,boedo,-34.629272,-58.42422,0,0,0
B,2861000.0,195.0,195.0,4.0,3.0,2.0,casa,nunez,-34.544962,-58.445222,0,0,0
B,682000.0,37.0,37.0,2.0,1.0,1.0,departamento,caballito,-34.599915,-58.44683,0,0,0
B,1492000.0,97.0,97.0,4.0,3.0,2.0,departamento,san telmo,-34.599332,-58.37803,0,0,0
B,626000.0,36.0,36.0,2.0,1.0,1.0,departamento,colegiales,-34.581914,-58.44601,0,0,0
B,1566000.0,71.0,71.0,3.0,2.0,1.0,departamento,recoleta,-34.589555,-58.375385,0,0,0
B,628000.0,45.0,45.0,1.0,1.0,1.0,departamento,villa crespo,-34.593811,-58.431633,0,1,0
B,547000.0,58.0,58.0,3.0,2.0,1.0,departamento,flores,-34.646072,-58.468209,0,0,0
B,1514000.0,120.0,104.0,3.0,2.0,1.0,ph,colegiales,-34.570137,-58.453989,0,0,0
B,342000.0,29.0,29.0,1.0,1.0,1.0,departamento,boedo,-34.625625,-58.415197,0,0,0
B,762000.0,62.0,62.0,3.0,2.0,2.0,departamento,flores,-34.628568,-58.466877,0,0,0
B,696000.0,53.0,53.0,2.0,1.0,1.0,departamento,villa urquiza,-34.567736,-58.45982,0,0,0
B,1305000.0,99.0,72.0,2.0,1.0,1.0,ph,belgrano,-34.567432,-58.462623,0,0,0
B,444000.0,37.0,37.0,1.0,1.0,1.0,departamento,caballito,-34.620557,-58.405329,0,1,0
B,1446000.0,76.0,76.0,3.0,2.0,1.0,departamento,san telmo,-34.624079,-58.370236,0,0,0
B,1412000.0,209.0,113.0,4.0,3.0,2.0,casa,san telmo,-34.622952,-58.367937,0,0,0
B,1009000.0,80.0,80.0,3.0,2.0,1.0,departamento,caballito,-34.613576,-58.456902,0,0,0
B,967000.0,46.0,46.0,2.0,1.0,1.0,departamento,palermo,-34.56834,-58.418864,0,0,0
B,309000.0,61.801903990277495,55.488150698804944,1.0,1.0,1.0,departamento,boedo,-34.636401,-58.400924,0,1,0
B,692000.0,46.0,46.0,2.0,1.0,1.0,departamento,villa urquiza,-34.567842,-58.467914,0,0,0
B,1017000.0,82.0,82.0,3.0,2.0,2.0,departamento,san telmo,-34.614716,-58.356822,0,0,0
B,604000.0,50.0,50.0,2.0,1.0,1.0,departamento,boedo,-34.605651,-58.412855,0,0,0
B,1185000.0,91.0,91.0,5.0,4.0,3.0,departamento,boedo,-34.630412,-58.421993,0,0,0
B,453000.0,43.0,43.0,1.0,1.0,1.0,departamento,villa urquiza,-34.565525,-58.492501,0,0,0
B,864000.0,72.0,72.0,5.0,4.0,3.0,departamento,boedo,-34.628223,-58.43259,0,0,0
B,1266000.0,164.0,73.0,3.0,2.0,2.0,casa,nunez,-34.532891,-58.467428,0,0,0
B,410000.0,30.0,30.0,1.0,1.0,1.0,departamento,caballito,-34.612301,-58.442072,0,0,0
B,871000.0,55.0,55.0,2.0,1.0,1.0,departamento,san telmo,-34.628718,-58.368862,0,0,0
B,478000.0,31.0,31.0,1.0,1.0,1.0,departamento,palermo,-34.580658,-58.429348,0,0,0
B,721000.0,62.0,62.0,2.0,1.0,1.0,departamento,boedo,-34.616702,-58.411131,0,0,0
B,796000.0,51.0,51.0,3.0,2.0,2.0,departamento,nunez,-34.565676,-58.466844,0,0,0
B,3102000.0,245.0,164.0,6.0,5.0,3.0,casa,palermo,-34.597817,-58.425379,0,0,0
B,2116000.0,80.0,70.0,2.0,1.0,1.0,ph,recoleta,-34.568226,-58.385426,0,0,0
B,681000.0,52.0,52.0,2.0,1.0,1.0,departamento,san telmo,-34.632625,-58.350524,0,0,0
B,445000.0,38.0,38.0,1.0,1.0,1.0,departamento,caballito,-34.618231,-58.420563,0,0,0
B,954000.0,45.0,45.0,2.0,1.0,1.0,departamento,palermo,-34.583918,-58.426077,0,0,0
B,1643000.0,90.0,90.0,4.0,3.0,2.0,departamento,belgrano,-34.563254,-58.463977,0,0,0
B,851000.0,47.0,47.0,2.0,1.0,1.0,departamento,colegiales,-34.571864,-58.455176,0,0,0
B,557000.0,57.0,57.0,3.0,2.0,1.0,departamento,boedo,-34.609755,-58.402939,0,0,0
B,478000.0,27.0,27.0,2.0,1.0,1.0,departamento,belgrano,-34.564871,-58.464579,0,0,0
B,567000.0,45.0,45.0,2.0,1.0,1.0,departamento,villa urquiza,-34.585982,-58.487133,0,0,0
B,831000.0,76.0,76.0,3.0,2.0,2.0,departamento,san telmo,-34.608535,-58.374373,0,0,0
B,668000.0,94.0,94.0,5.0,4.0,3.0,departamento,flores,-34.636281,-58.440856,0,0,0
B,1347000.0,41.0,41.0,2.0,1.0,1.0,departamento,recoleta,-34.619965,-58.390433,0,0,0
B,3005000.0,182.0,182.0,8.0,7.0,5.0,departamento,colegiales,-34.570216,-58.437983,0,0,0
B,2044000.0,86.0,83.0,3.0,2.0,1.0,ph,nunez,-34.538564,-58.422103,0,0,0
B,1899000.0,79.0,79.0,4.0,3.0,2.0,departamento,palermo,-34.577983,-58.447701,0,0,0
B,725000.0,36.0,36.0,1.0,1.0,1.0,departamento,colegiales,-34.59096,-58.45331,0,0,0
B,1223000.0,81.0,81.0,4.0,3.0,2.0,departamento,belgrano,-34.539311,-58.464704,0,0,0
B,482000.0,26.0,26.0,1.0,1.0,1.0,departamento,palermo,-34.578958,-58.420772,0,1,0
B,571000.0,32.0,32.0,2.0,1.0,1.0,departamento,boedo,-34.613176,-58.39836,1,0,0
B,745000.0,62.0,62.0,2.0,1.0,1.0,departamento,san telmo,-34.63978,-58.367503,0,0,0
B,501000.0,34.0,34.0,1.0,1.0,1.0,departamento,nunez,-34.559437,-58.468848,1,0,0
B,1013000.0,77.0,77.0,3.0,2.0,1.0,departamento,villa urquiza,-34.589643,-58.483084,0,0,0
B,1425000.0,74.0,74.0,4.0,3.0,2.0,departamento,boedo,-34.629035,-58.415556,0,0,0
B,983000.0,73.0,73.0,4.0,3.0,2.0,departamento,nunez,-34.532113,-58.46163,0,0,0
B,1507000.0,79.0,79.0,4.0,3.0,2.0,departamento,caballito,-34.628781,-58.429582,0,0,0
B,1081000.0,74.0,74.0,4.0,3.0,2.0,departamento,colegiales,-34.581349,-58.473748,0,0,0
B,289000.0,20.0,20.0,1.0,1.0,1.0,departamento,san telmo,-34.627034,-58.394472,0,0,0
B,644000.0,41.0,41.0,2.0,1.0,1.0,departamento,nunez,-34.56176,-58.460637,0,0,0
B,1351000.0,69.0,69.0,2.0,1.0,1.0,departamento,colegiales,-34.568636,-58.449625,0,0,1
B,959000.0,48.0,48.0,2.0,1.0,1.0,ph,belgrano,-34.546623,-58.466692,0,0,0
B,766000.0,51.0,51.0,2.0,1.0,1.0,departamento,recoleta,-34.564591,-58.392839,0,0,0
B,988000.0,85.0,85.0,4.0,3.0,2.0,departamento,san telmo,-34.629154,-58.384817,0,0,0
B,1085000.0,64.0,64.0,3.0,2.0,2.0,departamento,caballito,-34.600606,-58.45614,0,0,0
B,506000.0,52.0,52.0,2.0,1.0,1.0,departamento,villa crespo,-34.594389,-58.434481,0,0,0
B,399000.0,40.0,40.0,2.0,1.0,1.0,departamento,boedo,-34.611413,-58.404592,0,0,0
B,540000.0,24.0,24.0,1.0,1.0,1.0,departamento,belgrano,-34.56133,-58.454629,0,0,0
B,555000.0,54.0,54.0,1.0,1.0,1.0,departamento,flores,-34.638692,-58.456118,0,0,0
B,1566000.0,74.0,74.0,3.0,2.0,1.0,departamento,caballito,-34.625672,-58.445599,0,0,0
B,646000.0,72.0,72.0,3.0,2.0,1.0,departamento,san telmo,-34.61467,-58.363532,0,0,0
B,541000.0,38.0,38.0,2.0,1.0,1.0,departamento,boedo,-34.641968,-58.406713,0,0,0
B,1711000.0,49.0,49.0,3.0,2.0,1.0,departamento,recoleta,-34.588776,-58.401568,0,0,0
B,949000.0,90.0,76.0,3.0,2.0,1.0,ph,villa urquiza,-34.575155,-58.487865,0,0,0
B,521000.0,44.0,44.0,2.0,1.0,1.0,departamento,almagro,-34.604381,-58.42257,0,0,0
B,723000.0,58.0,53.0,2.0,1.0,1.0,ph,villa urquiza,-34.589113,-58.497659,0,0,0
B,1561000.0,89.0,89.0,4.0,3.0,2.0,departamento,nunez,-34.533175,-58.466463,0,0,0
B,1875000.0,93.0,81.0,3.0,2.0,2.0,ph,belgrano,-34.568726,-58.468796,0,0,0
B,1030000.0,181.0,181.0,3.0,2.0,1.0,casa,san telmo,-34.624247,-58.393852,0,0,0
B,842000.0,56.0,56.0,2.0,1.0,1.0,departamento,san telmo,-34.606659,-58.380222,0,0,0
B,1812000.0,77.0,77.0,3.0,2.0,2.0,departamento,recoleta,-34.58362,-58.406843,0,0,0
B,1108000.0,97.0,97.0,4.0,3.0,2.0,departamento,almagro,-34.600668,-58.41272,0,0,0
B,1020000.0,45.0,45.0,2.0,1.0,1.0,ph,recoleta,-34.591694,-58.405063,0,0,0
B,626000.0,46.0,46.0,2.0,1.0,1.0,departamento,villa crespo,-34.604104,-58.418099,0,0,0
B,499000.0,35.0,35.0,1.0,1.0,1.0,departamento,villa urquiza,-34.554583,-58.478799,0,0,0
B,834000.0,42.0,42.0,1.0,1.0,1.0,departamento,colegiales,-34.562462,-58.449756,0,0,0
B,465000.0,26.0,26.0,2.0,1.0,1.0,departamento,recoleta,-34.577298,-58.404737,0,0,1
B,874000.0,82.0,47.0,2.0,1.0,1.0,ph,nunez,-34.546417,-58.460227,0,0,0
B,863000.0,53.0,53.0,2.0,1.0,1.0,departamento,colegiales,-34.58604,-58.45132,0,0,0
B,7712000.0,402.0,272.0,8.0,7.0,1.0,casa,palermo,-34.599522,-58.428229,0,1,0
B,1190000.0,84.0,75.0,4.0,3.0,2.0,ph,flores,-34.630045,-58.456662,0,0,0
B,316000.0,27.0,27.0,1.0,1.0,1.0,departamento,boedo,-34.63723,-58.393739,0,0,0
B,1590000.0,83.0,83.0,2.0,3.0,2.0,departamento,recoleta,-34.608365,-58.402747,0,0,1
B,2118000.0,475.0,149.0,5.0,4.0,3.0,casa,villa crespo,-34.5727,-58.452179,0,0,0
B,627000.0,50.0,40.0,2.0,1.0,1.0,ph,nunez,-34.546318,-58.465209,0,0,0
B,1212000.0,72.0,67.0,2.0,1.0,1.0,ph,almagro,-34.592218,-58.420364,0,0,0
B,501000.0,21.0,21.0,1.0,1.0,1.0,departamento,caballito,-34.594447,-58.418614,0,0,0
B,1144000.0,78.0,78.0,3.0,2.0,1.0,ph,caballito,-34.62795,-58.438095,0,0,0
B,1395000.0,74.0,74.0,3.0,2.0,2.0,departamento,flores,-34.617374,-58.475217,0,0,0
B,811000.0,48.0,48.0,2.0,1.0,1.0,departamento,belgrano,-34.546482,-58.456905,0,0,0
B,1317000.0,93.0,93.0,4.0,3.0,2.0,departamento,villa urquiza,-34.573592,-58.478171,0,0,0
B,533000.0,28.0,28.0,2.0,1.0,1.0,departamento,belgrano,-34.561872,-58.474055,0,0,0
B,254000.0,25.0,25.0,1.0,1.0,1.0,departamento,boedo,-34.626839,-58.433377,0,0,0
B,1837000.0,85.0,85.0,3.0,2.0,1.0,departamento,belgrano,-34.586975,-58.454314,0,0,0
B,620000.0,63.0,63.0,3.0,2.0,2.0,departamento,colegiales,-34.577462,-58.431815,0,0,0
B,618000.0,39.0,39.0,2.0,1.0,1.0,departamento,belgrano,-34.571214,-58.453661,0,0,0
B,624000.0,40.0,40.0,2.0,1.0,1.0,departamento,colegiales,-34.580376,-58.438197,0,1,0
B,642000.0,44.0,44.0,2.0,1.0,1.0,departamento,recoleta,-34.591789,-58.389471,0,0,0
B,870000.0,143.0,143.0,6.0,5.0,4.0,departamento,almagro,-34.629343,-58.405948,0,0,0
B,995000.0,36.0,36.0,2.0,1.0,1.0,departamento,belgrano,-34.564056,-58.445448,0,0,0
B,1055000.0,71.0,61.0,2.0,1.0,1.0,ph,almagro,-34.589448,-58.420752,0,0,0
B,1372000.0,93.0,93.0,5.0,4.0,3.0,departamento,san telmo,-34.619678,-58.367547,0,0,0
B,925000.0,41.0,41.0,2.0,1.0,1.0,departamento,san telmo,-34.625966,-58.376192,0,0,0
B,627000.0,42.0,42.0,2.0,1.0,1.0,departamento,flores,-34.620136,-58.475721,0,0,0
B,1143000.0,62.0,62.0,3.0,2.0,2.0,departamento,caballito,-34.615216,-58.427684,0,0,0
B,1026000.0,53.0,53.0,2.0,1.0,1.0,departamento,recoleta,-34.591114,-58.382102,0,0,0
B,2296000.0,150.0,150.0,7.0,6.0,4.0,departamento,boedo,-34.636067,-58.398932,0,0,0
B,597000.0,61.801903990277495,55.488150698804944,1.0,1.0,1.0,departamento,san telmo,-34.648282,-58.383235,0,0,0
B,1000000.0,72.0,72.0,4.0,3.0,2.0,departamento,caballito,-34.631343,-58.461991,0,0,0
B,562000.0,37.0,37.0,1.0,1.0,1.0,departamento,villa urquiza,-34.564488,-58.483372,0,0,0
B,1712000.0,276.0,76.0,3.0,2.0,2.0,casa,villa urquiza,-34.579849,-58.498889,0,0,0
B,1094000.0,46.0,46.0,1.0,1.0,1.0,departamento,recoleta,-34.577382,-58.396658,0,0,0
B,337000.0,20.0,20.0,2.0,1.0,1.0,departamento,belgrano,-34.550432,-58.457832,1,0,0
B,691000.0,47.0,47.0,2.0,1.0,1.0,departamento,caballito,-34.610635,-58.440731,0,0,0
B,2297000.0,111.0,102.0,4.0,1.0,2.0,ph,recoleta,-34.591156,-58.389152,1,0,0
B,2373000.0,113.0,100.0,4.0,3.0,2.0,ph,caballito,-34.611454,-58.440594,0,0,0
B,201000.0,20.0,20.0,1.0,1.0,1.0,departamento,flores,-34.613896,-58.459971,0,0,0
B,439000.0,30.0,30.0,2.0,1.0,1.0,departamento,colegiales,-34.568259,-58.45566,0,0,0
B,807000.0,58.0,58.0,3.0,2.0,2.0,departamento,san telmo,-34.627177,-58.369078,0,0,0
B,1270000.0,216.0,72.0,3.0,2.0,1.0,casa,villa crespo,-34.620925,-58.433754,0,0,0
B,358000.0,35.0,35.0,2.0,1.0,1.0,departamento,boedo,-34.662275,-58.417474,0,0,0
B,771000.0,95.0,74.0,2.0,1.0,1.0,ph,san telmo,-34.627618,-58.372186,0,0,0
B,1046000.0,47.0,47.0,2.0,1.0,1.0,departamento,palermo,-34.586846,-58.414706,0,0,0
B,1114000.0,56.0,56.0,3.0,2.0,1.0,departamento,villa crespo,-34.58028,-58.443419,0,0,0
B,1373000.0,60.0,60.0,3.0,2.0,2.0,casa,nunez,-34.548038,-58.464929,0,0,0
B,296000.0,42.0,42.0,2.0,1.0,1.0,departamento,flores,-34.62057,-58.43931,0,0,0
B,558000.0,40.0,40.0,2.0,1.0,1.0,ph,villa urquiza,-34.57526,-58.479647,0,1,0
B,1519000.0,71.0,71.0,4.0,3.0,2.0,departamento,nunez,-34.559446,-58.464756,0,0,0
B,293000.0,25.0,25.0,1.0,1.0,1.0,departamento,colegiales,-34.571497,-58.45056,0,0,0
B,316000.0,20.0,20.0,1.0,1.0,1.0,departamento,almagro,-34.612211,-58.419771,0,0,0
B,704000.0,68.0,57.0,2.0,1.0,1.0,ph,flores,-34.626242,-58.495373,0,0,0
B,821000.0,60.0,60.0,2.0,1.0,1.0,departamento,flores,-34.628051,-58.453687,0,0,0
B,613000.0,41.0,41.0,2.0,1.0,1.0,departamento,recoleta,-34.616668,-58.393818,0,0,0
B,839000.0,70.0,70.0,4.0,3.0,2.0,departamento,caballito,-34.611959,-58.422478,0,0,0
B,1823000.0,205.0,126.0,4.0,3.0,2.0,casa,villa urquiza,-34.59587,-58.500055,0,0,0
B,2193000.0,99.0,99.0,5.0,4.0,2.0,departamento,palermo,-34.572812,-58.440918,0,0,0
B,1357000.0,78.0,78.0,4.0,3.0,3.0,departamento,boedo,-34.622375,-58.426169,0,0,0
B,2121000.0,156.0,156.0,7.0,6.0,5.0,departamento,caballito,-34.63153,-58.438881,0,0,0
B,781000.0,54.0,54.0,2.0,1.0,1.0,departamento,nunez,-34.551683,-58.460955,0,0,0
B,832000.0,37.0,37.0,1.0,1.0,1.0,departamento,villa urquiza,-34.57281,-58.497101,0,0,0
B,1044000.0,81.0,81.0,4.0,3.0,2.0,departamento,villa urquiza,-34.554254,-58.491678,0,0,0
B,1683000.0,61.801903990277495,55.488150698804944,4.0,3.0,2.0,casa,villa urquiza,-34.571491,-58.476997,0,0,0
B,624000.0,45.0,45.0,2.0,1.0,1.0,departamento,villa urquiza,-34.594188,-58.496563,0,0,0
B,1263000.0,42.0,39.0,2.0,1.0,1.0,ph,belgrano,-34.568369,-58.458144,0,0,0
B,1135000.0,72.0,72.0,3.0,2.0,2.0,departamento,villa urquiza,-34.573306,-58.490187,0,0,0
B,293000.0,29.0,29.0,1.0,1.0,1.0,departamento,caballito,-34.621181,-58.458062,0,0,0
B,950000.0,58.0,58.0,2.0,1.0,1.0,departamento,villa crespo,-34.610036,-58.430143,0,0,0
B,717000.0,64.0,64.0,4.0,3.0,1.0,departamento,villa urquiza,-34.57542,-58.479601,0,1,0
B,889000.0,61.0,61.0,3.0,2.0,1.0,departamento,colegiales,-34.547482,-58.446076,0,1,0
B,1572000.0,110.0,110.0,5.0,1.0,2.0,departamento,san telmo,-34.609133,-58.36452,1,0,0
B,573000.0,40.0,40.0,2.0,1.0,1.0,ph,flores,-34.627588,-58.471356,0,0,1
B,1493000.0,72.0,72.0,3.0,2.0,2.0,departamento,palermo,-34.584817,-58.426608,0,0,0
B,946000.0,91.0,73.0,3.0,2.0,1.0,ph,boedo,-34.658062,-58.413511,0,0,0
B,1499000.0,73.0,73.0,3.0,2.0,2.0,departamento,belgrano,-34.571969,-58.451275,0,0,0
B,1147000.0,83.0,83.0,4.0,3.0,2.0,departamento,caballito,-34.614931,-58.442756,0,0,0
B,1387000.0,103.0,103.0,3.0,2.0,1.0,casa,almagro,-34.603752,-58.409835,0,0,0
B,608000.0,30.0,30.0,1.0,1.0,1.0,departamento,palermo,-34.596505,-58.417568,0,0,0
B,211000.0,21.0,21.0,1.0,1.0,1.0,departamento,flores,-34.607024,-58.46982,0,0,0
B,985000.0,88.0,88.0,3.0,2.0,1.0,casa,flores,-34.6306,-58.457811,0,0,0
B,2412000.0,111.0,111.0,5.0,4.0,3.0,departamento,caballito,-34.616208,-58.434103,0,0,0
B,305000.0,33.0,33.0,2.0,1.0,1.0,departamento,flores,-34.628812,-58.475183,0,0,0
B,745000.0,34.0,34.0,1.0,1.0,1.0,departamento,recoleta,-34.588357,-58.401553,0,0,0
B,242000.0,20.0,20.0,1.0,1.0,1.0,departamento,flores,-34.619718,-58.48302,0,0,0
B,826000.0,35.0,35.0,2.0,1.0,1.0,ph,colegiales,-34.579363,-58.445952,0,0,0
B,1277000.0,89.0,89.0,4.0,3.0,2.0,departamento,flores,-34.62243,-58.467913,0,0,0
B,410000.0,20.0,20.0,1.0,1.0,1.0,departamento,nunez,-34.528299,-58.486046,0,0,0
B,1854000.0,155.0,146.0,5.0,4.0,3.0,ph,boedo,-34.615268,-58.420847,0,0,0
B,620000.0,47.0,38.0,2.0,1.0,1.0,ph,colegiales,-34.581134,-58.465356,0,0,0
B,1306000.0,67.0,47.0,2.0,1.0,1.0,ph,recoleta,-34.572785,-58.416245,0,0,0
B,536000.0,33.0,33.0,2.0,1.0,1.0,departamento,caballito,-34.614096,-58.475234,0,0,0
B,674000.0,40.0,40.0,2.0,1.0,1.0,departamento,villa urquiza,-34.588436,-58.501934,0,0,0
B,517000.0,38.0,38.0,2.0,1.0,1.0,departamento,nunez,-34.521112,-58.463263,1,0,0
B,451000.0,36.0,36.0,2.0,1.0,1.0,departamento,villa crespo,-34.583464,-58.44045,0,0,0
B,663000.0,37.0,35.0,2.0,1.0,1.0,ph,caballito,-34.627511,-58.439264,0,0,0
B,831000.0,55.0,55.0,3.0,2.0,1.0,departamento,belgrano,-34.556398,-58.476481,0,0,0
B,548000.0,47.0,47.0,3.0,2.0,1.0,departamento,recoleta,-34.590046,-58.385941,0,0,0
B,1797000.0,90.0,76.0,2.0,1.0,1.0,ph,palermo,-34.573283,-58.410652,0,0,1
B,354000.0,35.0,35.0,1.0,1.0,1.0,departamento,villa urquiza,-34.590496,-58.491688,1,0,0
B,595000.0,61.0,35.0,2.0,1.0,1.0,ph,almagro,-34.607057,-58.430039,0,0,0
B,1622000.0,114.0,104.0,4.0,3.0,3.0,ph,almagro,-34.614876,-58.43827,0,0,0
B,465000.0,44.0,44.0,1.0,1.0,1.0,departamento,boedo,-34.617931,-58.389036,0,0,0
B,905000.0,83.0,83.0,4.0,3.0,2.0,departamento,villa urquiza,-34.602242,-58.483393,0,0,0
B,786000.0,43.0,43.0,3.0,2.0,2.0,departamento,palermo,-34.58384,-58.425937,0,0,0
B,932000.0,61.801903990277495,55.488150698804944,2.0,1.0,1.0,ph,almagro,-34.602812,-58.429707,0,0,0
B,1455000.0,133.0,109.0,5.0,4.0,3.0,ph,flores,-34.642345,-58.437702,0,0,0
B,717000.0,51.0,51.0,2.0,1.0,1.0,departamento,caballito,-34.631143,-58.449558,0,0,0
B,890000.0,97.0,69.0,3.0,2.0,1.0,ph,boedo,-34.605353,-58.430074,0,0,0
B,1286000.0,74.0,74.0,3.0,2.0,1.0,departamento,villa crespo,-34.603886,-58.450636,0,0,0
B,517000.0,44.0,44.0,2.0,1.0,1.0,departamento,flores,-34.642531,-58.47319,0,0,0
B,2169000.0,214.0,103.0,4.0,3.0,2.0,casa,belgrano,-34.575591,-58.460103,0,0,0
B,206000.0,20.0,20.0,1.0,1.0,1.0,departamento,almagro,-34.615828,-58.442746,0,0,0
B,1986000.0,92.0,92.0,3.0,2.0,1.0,departamento,villa crespo,-34.610626,-58.456003,0,0,0
B,652000.0,48.0,48.0,2.0,1.0,1.0,departamento,colegiales,-34.537834,-58.457573,0,0,0
B,511000.0,33.0,33.0,2.0,1.0,1.0,departamento,villa crespo,-34.611236,-58.438283,0,0,0
B,1064000.0,54.0,54.0,3.0,2.0,1.0,departamento,colegiales,-34.585895,-58.448098,0,0,0
B,1323000.0,121.0,121.0,6.0,5.0,4.0,departamento,san telmo,-34.616071,-58.371228,0,0,0
B,1351000.0,78.0,78.0,3.0,2.0,1.0,departamento,caballito,-34.615311,-58.42629,0,0,0
B,1322000.0,73.0,73.0,2.0,2.0,2.0,departamento,villa crespo,-34.581047,-58.453843,0,0,1
B,1028000.0,57.0,57.0,3.0,2.0,1.0,departamento,recoleta,-34.600106,-58.403017,0,0,0
B,1088000.0,53.0,53.0,2.0,1.0,1.0,departamento,nunez,-34.540651,-58.460245,0,0,0
B,646000.0,72.0,72.0,3.0,2.0,1.0,departamento,san telmo,-34.61467,-58.363532,0,0,0
B,555000.0,54.0,54.0,1.0,1.0,1.0,departamento,flores,-34.638692,-58.456118,0,0,0
B,351000.0,42.0,42.0,2.0,1.0,1.0,departamento,san telmo,-34.624005,-58.380743,0,0,0
B,208000.0,25.0,25.0,1.0,1.0,1.0,departamento,san telmo,-34.632361,-58.373911,0,0,0
B,918000.0,42.0,42.0,2.0,1.0,1.0,departamento,villa urquiza,-34.575585,-58.504768,0,0,0
B,1277000.0,66.0,66.0,3.0,2.0,1.0,ph,almagro,-34.610779,-58.420879,0,0,0
B,743000.0,57.0,57.0,2.0,1.0,1.0,departamento,villa crespo,-34.602326,-58.440832,0,0,1
B,1640000.0,83.0,83.0,4.0,3.0,2.0,departamento,belgrano,-34.544653,-58.451236,0,0,0
B,498000.0,46.0,46.0,2.0,1.0,1.0,departamento,boedo,-34.645064,-58.400739,0,1,1
B,1693000.0,97.0,97.0,4.0,3.0,3.0,departamento,san telmo,-34.624918,-58.374996,0,0,0
B,659000.0,103.0,62.0,3.0,2.0,2.0,ph,caballito,-34.623161,-58.428314,0,0,0
B,402000.0,30.0,30.0,1.0,1.0,1.0,departamento,palermo,-34.583675,-58.395334,0,0,0
B,1292000.0,65.0,65.0,3.0,2.0,1.0,departamento,belgrano,-34.567665,-58.463641,0,0,0
B,740000.0,43.0,43.0,2.0,1.0,1.0,departamento,villa urquiza,-34.589322,-58.500141,0,0,0
B,540000.0,33.0,33.0,2.0,1.0,1.0,departamento,villa urquiza,-34.583191,-58.484272,0,0,0
B,2448000.0,258.0,94.0,3.0,2.0,2.0,casa,belgrano,-34.563147,-58.468767,0,0,0
B,588000.0,39.0,39.0,1.0,1.0,1.0,departamento,colegiales,-34.57001,-58.468363,0,0,0
B,628000.0,52.0,52.0,2.0,1.0,1.0,ph,almagro,-34.620632,-58.441069,0,0,0
B,326000.0,27.0,27.0,1.0,1.0,1.0,departamento,villa urquiza,-34.566615,-58.512619,0,0,0
B,918000.0,63.0,63.0,3.0,2.0,1.0,departamento,caballito,-34.604281,-58.448278,0,0,0
B,558000.0,37.0,37.0,1.0,1.0,1.0,departamento,villa urquiza,-34.587635,-58.49763,0,0,0
B,781000.0,38.0,38.0,1.0,1.0,1.0,departamento,belgrano,-34.562659,-58.445284,0,0,0
B,922000.0,93.0,93.0,5.0,4.0,2.0,departamento,flores,-34.637099,-58.464317,0,0,0
B,1717000.0,70.0,70.0,4.0,3.0,2.0,departamento,palermo,-34.585473,-58.424253,0,0,0
B,558000.0,31.0,31.0,1.0,1.0,1.0,departamento,belgrano,-34.552259,-58.449511,0,0,0
B,683000.0,57.0,57.0,3.0,2.0,1.0,departamento,villa urquiza,-34.583911,-58.493182,0,0,0
B,527000.0,43.0,43.0,2.0,1.0,1.0,ph,flores,-34.638691,-58.487971,0,0,0
B,976000.0,61.801903990277495,55.488150698804944,3.0,2.0,1.0,departamento,villa urquiza,-34.573112,-58.485839,0,0,0
B,875000.0,51.0,51.0,2.0,1.0,1.0,departamento,caballito,-34.618954,-58.435018,0,0,0
B,1115000.0,64.0,64.0,3.0,2.0,1.0,departamento,palermo,-34.573622,-58.426771,0,0,0
B,3227000.0,131.0,131.0,5.0,4.0,3.0,ph,palermo,-34.575802,-58.421566,0,0,0
B,1248000.0,74.0,74.0,4.0,3.0,2.0,departamento,nunez,-34.54089,-58.454725,0,0,0
B,681000.0,52.0,52.0,2.0,1.0,1.0,departamento,san telmo,-34.632625,-58.350524,0,0,0
B,1339000.0,56.0,56.0,3.0,2.0,1.0,departamento,recoleta,-34.598711,-58.397236,0,0,0
B,959000.0,176.0,60.0,3.0,2.0,1.0,casa,recoleta,-34.584586,-58.40397,0,0,0
B,1156000.0,80.0,80.0,4.0,3.0,2.0,departamento,san telmo,-34.626506,-58.367775,0,0,0
B,929000.0,68.0,68.0,3.0,2.0,2.0,departamento,villa urquiza,-34.588387,-58.465583,0,0,0
B,1022000.0,47.0,47.0,2.0,1.0,1.0,departamento,recoleta,-34.57437,-58.389149,0,0,0
B,760000.0,58.0,58.0,3.0,2.0,1.0,ph,flores,-34.640726,-58.455289,0,0,0
B,2078000.0,374.0,124.0,4.0,3.0,2.0,casa,nunez,-34.536906,-58.458302,0,0,0
B,1041000.0,66.0,66.0,4.0,3.0,3.0,departamento,san telmo,-34.635671,-58.368357,0,0,0
B,933000.0,117.0,117.0,5.0,4.0,3.0,departamento,san telmo,-34.59627,-58.378348,0,0,0
B,445000.0,38.0,38.0,1.0,1.0,1.0,departamento,caballito,-34.618231,-58.420563,0,0,0
B,2947000.0,127.0,127.0,6.0,5.0,3.0,departamento,palermo,-34.585646,-58.431747,0,0,0
B,269000.0,30.0,30.0,1.0,1.0,1.0,departamento,flores,-34.624004,-58.464356,0,0,0
B,768000.0,38.0,38.0,1.0,1.0,1.0,departamento,caballito,-34.612102,-58.432396,0,0,0
B,1111000.0,69.0,69.0,3.0,2.0,2.0,departamento,colegiales,-34.574299,-58.441912,0,0,0
B,516000.0,40.0,40.0,2.0,1.0,1.0,departamento,nunez,-34.549529,-58.465136,0,0,0
B,810000.0,49.0,49.0,2.0,1.0,1.0,departamento,villa crespo,-34.598666,-58.442344,0,0,0
B,700000.0,46.0,46.0,2.0,1.0,1.0,departamento,belgrano,-34.538226,-58.442983,0,0,0
B,1907000.0,405.0,118.0,4.0,3.0,2.0,casa,flores,-34.63742,-58.469819,0,0,0
B,479000.0,45.0,45.0,1.0,1.0,1.0,departamento,villa urquiza,-34.555673,-58.504402,0,0,0
B,537000.0,31.0,31.0,1.0,1.0,1.0,departamento,villa urquiza,-34.585061,-58.479626,0,0,0
B,386000.0,35.0,35.0,2.0,1.0,1.0,departamento,villa crespo,-34.62508,-58.429279,0,1,0
B,1535000.0,61.801903990277495,55.488150698804944,4.0,3.0,2.0,ph,flores,-34.643271,-58.478311,0,0,0
B,567000.0,35.0,35.0,2.0,1.0,1.0,departamento,almagro,-34.614616,-58.414563,0,0,0
B,709000.0,43.0,43.0,2.0,1.0,1.0,departamento,colegiales,-34.558697,-58.46423,0,0,0
B,851000.0,53.0,53.0,3.0,2.0,2.0,departamento,colegiales,-34.568041,-58.455802,0,0,0
B,3298000.0,122.0,122.0,6.0,5.0,3.0,departamento,palermo,-34.545154,-58.436396,0,0,0
B,1590000.0,83.0,83.0,4.0,3.0,2.0,departamento,recoleta,-34.608365,-58.402747,0,0,0
B,514000.0,48.0,42.0,2.0,1.0,1.0,ph,almagro,-34.600069,-58.40355,0,0,0
B,928000.0,85.0,56.0,2.0,1.0,1.0,ph,palermo,-34.583038,-58.458521,0,0,0
B,768000.0,152.0,61.0,3.0,2.0,1.0,casa,villa urquiza,-34.564049,-58.485142,0,0,0
B,968000.0,38.0,38.0,1.0,1.0,1.0,departamento,recoleta,-34.582196,-58.393959,0,0,0
B,1175000.0,70.0,70.0,3.0,2.0,1.0,departamento,colegiales,-34.570795,-58.450282,0,0,0
B,309000.0,33.0,33.0,2.0,1.0,1.0,departamento,boedo,-34.62448,-58.380511,0,0,0
B,251000.0,20.0,20.0,1.0,1.0,1.0,departamento,palermo,-34.576302,-58.428067,0,0,0
B,823000.0,58.0,58.0,3.0,2.0,1.0,departamento,boedo,-34.636284,-58.435554,0,0,0
B,1377000.0,83.0,83.0,4.0,3.0,2.0,departamento,caballito,-34.599143,-58.44704,0,0,0
B,1208000.0,150.0,73.0,3.0,2.0,1.0,casa,caballito,-34.622421,-58.44778,0,0,0
B,473000.0,32.0,32.0,1.0,1.0,1.0,departamento,villa urquiza,-34.593642,-58.45672,0,0,0
B,754000.0,43.0,35.0,2.0,1.0,1.0,ph,belgrano,-34.570932,-58.464179,0,0,0
B,542000.0,42.0,42.0,2.0,1.0,1.0,departamento,boedo,-34.643162,-58.429745,0,0,0
B,1442000.0,86.0,86.0,3.0,2.0,1.0,departamento,recoleta,-34.593642,-58.387713,0,0,0
B,1018000.0,63.0,63.0,3.0,2.0,2.0,departamento,san telmo,-34.623344,-58.37301,0,0,0
B,515000.0,51.0,51.0,2.0,1.0,1.0,departamento,san telmo,-34.637237,-58.387341,0,1,0
B,725000.0,34.0,34.0,1.0,1.0,1.0,departamento,recoleta,-34.584663,-58.372539,0,0,0
B,2862000.0,129.0,129.0,4.0,3.0,2.0,casa,recoleta,-34.597429,-58.408663,0,0,0
B,1042000.0,70.0,70.0,3.0,2.0,1.0,departamento,belgrano,-34.559492,-58.451686,0,0,0
B,1094000.0,46.0,46.0,1.0,1.0,1.0,departamento,recoleta,-34.577382,-58.396658,0,0,0
B,784000.0,61.0,61.0,3.0,2.0,1.0,departamento,san telmo,-34.629061,-58.361502,0,0,0
B,473000.0,30.0,30.0,1.0,1.0,1.0,departamento,villa urquiza,-34.562293,-58.49275,1,0,0
B,678000.0,39.0,39.0,2.0,1.0,1.0,departamento,belgrano,-34.563777,-58.448834,0,0,0
B,311000.0,25.0,25.0,1.0,1.0,1.0,departamento,san telmo,-34.628341,-58.358369,0,0,0
B,927000.0,51.0,51.0,2.0,1.0,1.0,departamento,nunez,-34.57566,-58.466584,0,1,0
B,513000.0,47.0,47.0,2.0,1.0,1.0,ph,villa urquiza,-34.564652,-58.515919,0,0,0
B,587000.0,32.0,32.0,2.0,1.0,1.0,departamento,palermo,-34.579786,-58.439269,0,0,0
B,1206000.0,54.0,54.0,2.0,1.0,1.0,ph,nunez,-34.576772,-58.456046,0,0,0
B,651000.0,40.0,40.0,2.0,1.0,1.0,departamento,almagro,-34.610274,-58.436579,0,0,0
B,771000.0,75.0,75.0,3.0,2.0,2.0,departamento,villa urquiza,-34.578483,-58.482711,0,0,0
B,572000.0,33.0,33.0,2.0,1.0,1.0,departamento,belgrano,-34.57093,-58.454992,0,0,0
B,498000.0,24.0,24.0,1.0,1.0,1.0,departamento,colegiales,-34.588607,-58.452049,0,0,0
B,757000.0,47.0,47.0,2.0,1.0,1.0,departamento,colegiales,-34.559731,-58.438531,0,1,0
B,577000.0,38.0,38.0,1.0,1.0,1.0,departamento,caballito,-34.600648,-58.436853,0,0,0
B,1031000.0,64.0,64.0,2.0,1.0,1.0,departamento,nunez,-34.555321,-58.486348,0,1,0
B,433000.0,29.0,29.0,3.0,2.0,2.0,departamento,san telmo,-34.616143,-58.381935,0,0,0
B,2659000.0,116.0,116.0,5.0,4.0,3.0,departamento,palermo,-34.57074,-58.431141,0,0,0
B,422000.0,33.0,33.0,1.0,1.0,1.0,departamento,recoleta,-34.58966,-58.377012,0,0,0
B,452000.0,42.0,42.0,1.0,1.0,1.0,departamento,villa urquiza,-34.567131,-58.497327,0,0,0
B,552000.0,30.0,30.0,1.0,1.0,1.0,departamento,almagro,-34.600626,-58.422585,0,0,0
B,816000.0,69.0,69.0,4.0,3.0,2.0,departamento,almagro,-34.599632,-58.449106,0,0,0
B,828000.0,52.0,52.0,1.0,1.0,1.0,departamento,caballito,-34.619021,-58.43336,0,0,0
B,1891000.0,150.0,150.0,5.0,4.0,3.0,casa,villa crespo,-34.596668,-58.461698,0,0,0
B,1870000.0,112.0,112.0,5.0,4.0,3.0,departamento,villa crespo,-34.570924,-58.439252,0,0,0
B,566000.0,29.0,29.0,1.0,1.0,1.0,departamento,palermo,-34.58901,-58.429703,0,0,0
B,769000.0,149.0,78.0,3.0,2.0,1.0,casa,boedo,-34.627775,-58.398637,0,0,0
B,675000.0,36.0,36.0,2.0,1.0,1.0,departamento,belgrano,-34.540486,-58.470808,0,0,0
B,1108000.0,81.0,81.0,3.0,2.0,1.0,departamento,flores,-34.618873,-58.466873,0,0,0
B,578000.0,28.0,28.0,1.0,1.0,1.0,departamento,almagro,-34.611529,-58.418768,0,0,0
B,1320000.0,98.0,98.0,4.0,3.0,2.0,departamento,almagro,-34.603484,-58.399922,0,0,0
B,706000.0,86.0,49.0,2.0,1.0,1.0,ph,caballito,-34.629195,-58.435164,0,0,0
B,2180000.0,63.0,63.0,4.0,3.0,2.0,departamento,recoleta,-34.593839,-58.404706,0,0,0
B,776000.0,53.0,53.0,2.0,1.0,1.0,departamento,colegiales,-34.574244,-58.463535,0,0,0
B,456000.0,36.0,36.0,1.0,1.0,1.0,departamento,san telmo,-34.598343,-58.374207,0,0,0
B,438000.0,31.0,31.0,1.0,1.0,1.0,departamento,caballito,-34.607976,-58.453721,0,0,0
B,597000.0,51.0,51.0,2.0,1.0,1.0,departamento,san telmo,-34.631101,-58.377313,0,0,0
B,1015000.0,67.0,67.0,2.0,1.0,1.0,departamento,almagro,-34.612464,-58.402843,0,0,0
B,741000.0,46.0,46.0,2.0,1.0,1.0,departamento,san telmo,-34.620205,-58.372032,0,0,0
B,1761000.0,76.0,76.0,3.0,2.0,1.0,departamento,recoleta,-34.586758,-58.4066,0,0,0
B,1812000.0,77.0,77.0,3.0,2.0,2.0,departamento,recoleta,-34.58362,-58.406843,0,0,0
B,1638000.0,102.0,102.0,4.0,3.0,2.0,casa,villa crespo,-34.583342,-58.436378,0,0,0
B,1697000.0,88.0,88.0,3.0,2.0,2.0,departamento,almagro,-34.610096,-58.443549,0,0,0
B,1199000.0,56.0,56.0,3.0,2.0,1.0,departamento,colegiales,-34.555879,-58.445735,0,0,0
B,2995000.0,133.0,133.0,6.0,5.0,4.0,departamento,san telmo,-34.627972,-58.393449,0,0,0
B,973000.0,60.0,60.0,3.0,2.0,1.0,departamento,recoleta,-34.590663,-58.411197,0,0,0
B,297000.0,23.0,23.0,1.0,1.0,1.0,departamento,villa urquiza,-34.560773,-58.485724,0,1,0
B,771000.0,36.0,36.0,2.0,1.0,1.0,ph,nunez,-34.54981,-58.455656,1,0,0
B,921000.0,69.0,69.0,3.0,2.0,1.0,departamento,caballito,-34.615321,-58.462334,0,0,0
B,1186000.0,85.0,85.0,4.0,3.0,2.0,departamento,flores,-34.626939,-58.44627,0,0,0
B,651000.0,46.0,46.0,2.0,1.0,1.0,departamento,colegiales,-34.57094,-58.435677,0,0,0
B,1194000.0,76.0,76.0,4.0,3.0,2.0,departamento,villa urquiza,-34.584468,-58.493671,0,0,0
B,1870000.0,63.0,63.0,2.0,1.0,1.0,ph,belgrano,-34.558728,-58.44766,0,0,0
B,2350000.0,282.0,96.0,3.0,2.0,1.0,casa,palermo,-34.575615,-58.423761,0,0,0
B,539000.0,40.0,40.0,2.0,1.0,1.0,departamento,flores,-34.620603,-58.458898,0,0,0
B,893000.0,61.0,61.0,2.0,1.0,1.0,ph,belgrano,-34.563708,-58.46125,0,0,0
B,478000.0,40.0,40.0,2.0,1.0,1.0,departamento,caballito,-34.601151,-58.426649,0,0,0
B,747000.0,71.0,71.0,3.0,2.0,1.0,departamento,boedo,-34.625737,-58.41618,0,0,0
B,604000.0,46.0,46.0,3.0,2.0,2.0,departamento,flores,-34.630731,-58.468362,0,0,0
B,1164000.0,297.0,67.0,3.0,2.0,2.0,casa,nunez,-34.541326,-58.472474,0,0,0
B,623000.0,34.0,34.0,2.0,1.0,1.0,departamento,almagro,-34.599983,-58.409035,0,0,0
B,350000.0,34.0,34.0,2.0,1.0,1.0,departamento,almagro,-34.609832,-58.413235,0,0,0
B,806000.0,50.0,50.0,2.0,1.0,1.0,departamento,caballito,-34.625887,-58.434041,0,0,0
B,453000.0,43.0,43.0,1.0,1.0,1.0,departamento,villa urquiza,-34.565525,-58.492501,0,0,0
B,1512000.0,90.0,90.0,5.0,4.0,3.0,departamento,colegiales,-34.596716,-58.452177,0,0,0
B,1120000.0,53.0,53.0,3.0,2.0,2.0,departamento,recoleta,-34.581,-58.392612,0,0,0
B,653000.0,58.0,41.0,2.0,1.0,1.0,ph,flores,-34.600972,-58.46012,0,0,0
B,929000.0,55.0,48.0,2.0,1.0,1.0,ph,belgrano,-34.588209,-58.469818,0,0,0
B,1570000.0,65.0,65.0,3.0,2.0,1.0,departamento,recoleta,-34.585526,-58.395025,0,0,0
B,1088000.0,53.0,53.0,2.0,1.0,1.0,departamento,nunez,-34.540651,-58.460245,0,0,0
B,530000.0,35.0,35.0,1.0,1.0,1.0,departamento,villa urquiza,-34.568473,-58.472241,0,0,0
B,364000.0,30.0,30.0,2.0,1.0,1.0,departamento,villa crespo,-34.61544,-58.439465,0,0,0
B,790000.0,45.0,45.0,2.0,1.0,1.0,departamento,nunez,-34.553732,-58.462886,0,0,0
B,628000.0,45.0,45.0,3.0,2.0,1.0,departamento,san telmo,-34.598465,-58.368864,0,0,0
B,999000.0,58.0,49.0,2.0,1.0,1.0,ph,colegiales,-34.558696,-58.459698,0,0,0
B,1149000.0,46.0,46.0,3.0,1.0,2.0,departamento,belgrano,-34.566898,-58.447684,1,0,0
B,2011000.0,86.0,86.0,4.0,3.0,2.0,departamento,recoleta,-34.585556,-58.373224,0,0,0
B,1266000.0,164.0,73.0,2.0,2.0,2.0,casa,nunez,-34.532891,-58.467428,0,0,1
B,1412000.0,209.0,113.0,4.0,3.0,2.0,casa,san telmo,-34.622952,-58.367937,0,0,0
B,666000.0,51.0,51.0,2.0,1.0,1.0,departamento,villa urquiza,-34.57706,-58.468952,0,0,0
B,706000.0,65.0,65.0,2.0,1.0,1.0,departamento,caballito,-34.631063,-58.456052,0,0,0
B,2545000.0,156.0,140.0,5.0,4.0,3.0,ph,almagro,-34.636324,-58.414465,0,0,0
B,2140000.0,112.0,104.0,2.0,1.0,1.0,ph,colegiales,-34.56031,-58.425484,0,0,0
B,646000.0,40.0,40.0,2.0,1.0,1.0,departamento,flores,-34.613757,-58.453657,0,0,0
B,1673000.0,81.0,81.0,3.0,2.0,2.0,casa,villa urquiza,-34.582905,-58.485319,0,0,0
B,1464000.0,66.0,66.0,3.0,2.0,2.0,departamento,palermo,-34.579307,-58.426639,0,0,0
B,1227000.0,67.0,67.0,3.0,2.0,1.0,departamento,belgrano,-34.562902,-58.463691,0,0,0
B,1206000.0,205.0,205.0,3.0,2.0,1.0,casa,boedo,-34.644011,-58.4231,0,0,0
B,346000.0,29.0,29.0,2.0,1.0,1.0,departamento,flores,-34.631035,-58.4933,0,0,0
B,774000.0,49.0,49.0,3.0,2.0,2.0,departamento,nunez,-34.529396,-58.462245,0,0,0
B,873000.0,58.0,58.0,2.0,2.0,2.0,departamento,almagro,-34.639285,-58.411342,0,0,1
B,638000.0,39.0,39.0,2.0,1.0,1.0,departamento,palermo,-34.585342,-58.429638,0,0,0
B,1396000.0,89.0,89.0,5.0,4.0,3.0,departamento,palermo,-34.572026,-58.433116,0,0,0
B,711000.0,30.0,30.0,1.0,1.0,1.0,departamento,nunez,-34.568263,-58.45733,0,0,0
B,999000.0,106.0,83.0,3.0,2.0,1.0,ph,flores,-34.6421,-58.470337,0,0,0
B,930000.0,50.0,50.0,3.0,2.0,1.0,departamento,villa crespo,-34.610478,-58.444957,0,0,0
B,702000.0,50.0,50.0,2.0,1.0,1.0,departamento,almagro,-34.614447,-58.394754,0,0,0
B,1138000.0,84.0,84.0,4.0,3.0,3.0,departamento,villa urquiza,-34.565901,-58.477532,0,0,0
B,470000.0,37.0,37.0,1.0,1.0,1.0,departamento,nunez,-34.565407,-58.450235,0,0,0
B,728000.0,71.0,71.0,3.0,2.0,2.0,departamento,villa urquiza,-34.598238,-58.503505,0,0,0
B,1429000.0,165.0,77.0,3.0,2.0,1.0,casa,villa crespo,-34.597262,-58.445377,0,0,0
B,973000.0,52.0,52.0,3.0,2.0,1.0,departamento,villa urquiza,-34.586845,-58.469631,0,0,0
B,1406000.0,72.0,72.0,3.0,2.0,1.0,departamento,nunez,-34.538781,-58.469074,0,0,0
B,1231000.0,75.0,75.0,3.0,2.0,2.0,departamento,belgrano,-34.5748,-58.46155,0,0,0
B,670000.0,54.0,54.0,2.0,1.0,1.0,departamento,san telmo,-34.607812,-58.372099,0,0,0
B,918000.0,98.0,98.0,5.0,4.0,3.0,departamento,boedo,-34.637272,-58.381973,0,0,0
B,1180000.0,173.0,60.0,3.0,2.0,1.0,casa,villa urquiza,-34.582867,-58.466214,0,0,0
B,1005000.0,36.0,36.0,2.0,1.0,1.0,departamento,recoleta,-34.593626,-58.41499,0,0,0
B,365000.0,25.0,25.0,1.0,1.0,1.0,departamento,villa urquiza,-34.551536,-58.487233,0,0,0
B,446000.0,38.0,38.0,2.0,1.0,1.0,departamento,villa urquiza,-34.580693,-58.50062,0,0,0
B,652000.0,48.0,48.0,2.0,1.0,1.0,departamento,colegiales,-34.537834,-58.457573,0,0,0
B,444000.0,41.0,41.0,2.0,1.0,1.0,departamento,almagro,-34.577337,-58.409867,0,0,0
B,869000.0,58.0,58.0,2.0,1.0,1.0,departamento,almagro,-34.6184,-58.424066,0,0,0
B,451000.0,44.0,44.0,2.0,1.0,1.0,departamento,villa urquiza,-34.561675,-58.507524,0,0,0
B,320000.0,20.0,20.0,1.0,1.0,1.0,departamento,palermo,-34.572834,-58.443452,0,0,0
B,333000.0,20.0,20.0,2.0,1.0,1.0,departamento,belgrano,-34.551562,-58.451843,0,0,0
B,1757000.0,111.0,111.0,2.0,4.0,3.0,departamento,caballito,-34.641546,-58.417383,0,0,1
B,1415000.0,96.0,96.0,4.0,3.0,2.0,departamento,almagro,-34.629224,-58.422953,0,0,0
B,426000.0,42.0,42.0,2.0,1.0,1.0,departamento,villa crespo,-34.606855,-58.436421,0,0,0
B,1225000.0,151.0,60.0,3.0,2.0,2.0,casa,belgrano,-34.564944,-58.467459,0,0,0
B,852000.0,62.0,62.0,2.0,1.0,1.0,ph,palermo,-34.584388,-58.433827,0,0,0
B,501000.0,40.0,40.0,2.0,1.0,1.0,departamento,palermo,-34.585788,-58.413522,0,1,0
B,670000.0,49.0,49.0,3.0,2.0,1.0,departamento,almagro,-34.615241,-58.420794,0,0,0
B,2094000.0,130.0,130.0,6.0,5.0,3.0,departamento,villa urquiza,-34.57196,-58.487357,0,0,0
B,1583000.0,70.0,70.0,3.0,2.0,1.0,departamento,belgrano,-34.557855,-58.462093,0,0,0
B,435000.0,47.0,47.0,2.0,1.0,1.0,departamento,flores,-34.652527,-58.46519,0,0,0
B,571000.0,32.0,32.0,2.0,1.0,1.0,departamento,boedo,-34.613176,-58.39836,0,0,0
B,1122000.0,44.0,44.0,3.0,2.0,1.0,departamento,recoleta,-34.595384,-58.372706,0,0,0
B,2081000.0,116.0,106.0,4.0,3.0,2.0,ph,nunez,-34.524974,-58.481343,0,0,0
B,493000.0,37.0,37.0,1.0,1.0,1.0,departamento,villa crespo,-34.61304,-58.427817,0,0,0
B,745000.0,49.0,49.0,2.0,1.0,1.0,departamento,caballito,-34.610058,-58.422201,0,0,0
B,1278000.0,62.0,62.0,4.0,3.0,2.0,departamento,villa urquiza,-34.583353,-58.489284,0,0,0
B,210000.0,23.0,23.0,1.0,1.0,1.0,departamento,villa crespo,-34.61222,-58.419232,0,0,0
B,1101000.0,95.0,95.0,5.0,4.0,2.0,departamento,boedo,-34.638295,-58.434095,0,0,0
B,2099000.0,114.0,114.0,6.0,5.0,3.0,departamento,palermo,-34.574204,-58.445348,0,0,0
B,781000.0,40.0,40.0,2.0,1.0,1.0,departamento,palermo,-34.559351,-58.434279,0,0,0
B,2526000.0,139.0,139.0,6.0,5.0,3.0,departamento,colegiales,-34.580754,-58.449606,0,0,0
B,510000.0,53.0,53.0,3.0,2.0,1.0,departamento,boedo,-34.625621,-58.410097,0,0,0
B,1039000.0,65.0,65.0,3.0,2.0,1.0,departamento,almagro,-34.618389,-58.415663,0,0,0
B,1997000.0,131.0,131.0,7.0,6.0,4.0,departamento,palermo,-34.594179,-58.421196,0,0,0
B,1579000.0,104.0,104.0,3.0,2.0,2.0,ph,boedo,-34.669131,-58.409242,0,0,0
B,676000.0,60.0,60.0,3.0,2.0,2.0,ph,san telmo,-34.609505,-58.384313,0,0,0
B,886000.0,65.0,65.0,4.0,3.0,2.0,departamento,nunez,-34.554888,-58.469298,0,0,0
B,622000.0,34.0,34.0,1.0,1.0,1.0,departamento,villa urquiza,-34.587781,-58.479685,0,0,0
B,809000.0,40.0,40.0,2.0,1.0,1.0,departamento,belgrano,-34.567615,-58.445924,0,0,0
B,695000.0,36.0,36.0,1.0,1.0,1.0,departamento,belgrano,-34.565337,-58.465945,0,0,0
B,1126000.0,70.0,70.0,4.0,3.0,2.0,departamento,caballito,-34.605215,-58.422812,0,0,0
B,2223000.0,120.0,120.0,6.0,5.0,3.0,departamento,caballito,-34.606499,-58.422343,0,0,0
B,476000.0,42.0,42.0,2.0,1.0,1.0,departamento,boedo,-34.638274,-58.409864,0,0,0
B,556000.0,30.0,30.0,1.0,1.0,1.0,departamento,villa urquiza,-34.588949,-58.486341,0,0,0
B,1092000.0,66.0,66.0,3.0,2.0,2.0,departamento,boedo,-34.628927,-58.416262,0,0,0
B,622000.0,34.0,34.0,2.0,1.0,1.0,departamento,recoleta,-34.585392,-58.423106,0,0,0
B,2179000.0,106.0,106.0,6.0,5.0,4.0,departamento,almagro,-34.602843,-58.425856,0,0,0
B,1055000.0,67.0,67.0,3.0,2.0,1.0,departamento,almagro,-34.615647,-58.407324,0,0,0
B,584000.0,56.0,56.0,3.0,2.0,1.0,departamento,villa crespo,-34.595896,-58.429953,0,0,0
B,619000.0,61.0,61.0,2.0,1.0,1.0,ph,flores,-34.626498,-58.465574,0,1,0
B,1163000.0,81.0,81.0,3.0,2.0,2.0,departamento,caballito,-34.623682,-58.445711,0,0,0
B,450000.0,29.0,29.0,1.0,1.0,1.0,departamento,almagro,-34.593132,-58.421721,0,0,0
B,3053000.0,274.0,120.0,4.0,3.0,2.0,casa,recoleta,-34.599492,-58.392984,0,0,0
B,290000.0,23.0,23.0,1.0,1.0,1.0,departamento,almagro,-34.609325,-58.400096,0,0,0
B,587000.0,39.0,39.0,3.0,2.0,1.0,departamento,caballito,-34.620777,-58.422941,0,0,0
B,342000.0,39.0,39.0,1.0,1.0,1.0,departamento,san telmo,-34.601805,-58.367185,0,0,0
B,1249000.0,73.0,52.0,2.0,1.0,1.0,ph,colegiales,-34.587931,-58.441396,0,0,0
B,949000.0,68.0,68.0,3.0,2.0,1.0,departamento,almagro,-34.611042,-58.432732,0,0,0
B,939000.0,40.0,40.0,3.0,2.0,1.0,departamento,belgrano,-34.549176,-58.482131,0,0,0
B,1427000.0,68.0,68.0,2.0,2.0,1.0,departamento,belgrano,-34.570616,-58.456442,0,0,1
B,1020000.0,53.0,45.0,2.0,1.0,1.0,ph,recoleta,-34.591694,-58.405063,0,0,0
B,990000.0,59.0,59.0,3.0,2.0,1.0,departamento,villa urquiza,-34.574769,-58.475579,0,0,0
B,527000.0,35.0,35.0,2.0,1.0,1.0,departamento,villa crespo,-34.588405,-58.430337,0,0,0
B,707000.0,75.0,75.0,4.0,3.0,2.0,departamento,san telmo,-34.619306,-58.363827,0,0,0
B,1193000.0,72.0,72.0,4.0,3.0,2.0,departamento,almagro,-34.603822,-58.409711,0,0,0
B,739000.0,69.0,59.0,2.0,1.0,1.0,ph,san telmo,-34.599309,-58.368406,0,0,0
B,617000.0,42.0,42.0,2.0,1.0,1.0,departamento,villa crespo,-34.592601,-58.445822,0,0,0
B,350000.0,20.0,20.0,1.0,1.0,1.0,departamento,colegiales,-34.567443,-58.440638,0,0,0
B,910000.0,57.0,57.0,2.0,1.0,1.0,departamento,colegiales,-34.56257,-58.445402,0,0,0
B,2369000.0,103.0,96.0,4.0,3.0,2.0,ph,villa urquiza,-34.589788,-58.48868,0,0,0
B,752000.0,61.801903990277495,55.488150698804944,2.0,1.0,1.0,departamento,nunez,-34.554072,-58.460313,0,0,0
B,1339000.0,80.0,80.0,4.0,3.0,2.0,departamento,flores,-34.619744,-58.428538,0,0,0
B,932000.0,45.0,45.0,3.0,2.0,2.0,departamento,nunez,-34.550526,-58.480098,0,0,0
B,549000.0,44.0,44.0,2.0,1.0,1.0,departamento,almagro,-34.613451,-58.404287,0,0,0
B,1161000.0,37.0,37.0,2.0,1.0,1.0,departamento,colegiales,-34.57272,-58.441921,0,0,1
B,757000.0,43.0,43.0,3.0,2.0,2.0,departamento,san telmo,-34.628223,-58.343961,0,0,0
B,632000.0,52.0,52.0,3.0,2.0,1.0,departamento,caballito,-34.604086,-58.420587,0,1,0
B,761000.0,46.0,46.0,2.0,1.0,1.0,departamento,recoleta,-34.593051,-58.376768,0,0,0
B,1128000.0,49.0,49.0,3.0,2.0,1.0,departamento,belgrano,-34.554756,-58.457088,0,0,0
B,1114000.0,77.0,77.0,2.0,1.0,1.0,ph,caballito,-34.629626,-58.436738,0,0,0
B,750000.0,35.0,35.0,2.0,1.0,1.0,departamento,recoleta,-34.601339,-58.408762,0,0,0
B,1903000.0,111.0,111.0,5.0,4.0,2.0,departamento,caballito,-34.633693,-58.450713,0,0,0
B,1107000.0,255.0,80.0,4.0,3.0,2.0,casa,almagro,-34.631911,-58.415637,0,0,0
B,784000.0,39.0,39.0,2.0,1.0,1.0,departamento,caballito,-34.621574,-58.42961,0,0,0
B,330000.0,37.0,37.0,2.0,1.0,1.0,departamento,villa crespo,-34.605536,-58.429314,0,0,0
B,4451000.0,347.0,178.0,6.0,5.0,4.0,casa,belgrano,-34.558263,-58.453649,0,0,0
B,1127000.0,93.0,93.0,5.0,4.0,1.0,departamento,san telmo,-34.620179,-58.383353,0,1,0
B,531000.0,34.0,34.0,2.0,1.0,1.0,departamento,palermo,-34.602492,-58.438751,0,0,0
B,1028000.0,57.0,57.0,3.0,2.0,1.0,departamento,recoleta,-34.600106,-58.403017,0,0,0
B,674000.0,39.0,39.0,2.0,1.0,1.0,departamento,caballito,-34.625182,-58.435709,0,0,0
B,903000.0,81.0,81.0,3.0,2.0,1.0,departamento,colegiales,-34.58066,-58.460336,0,0,0
B,1809000.0,86.0,86.0,4.0,3.0,2.0,departamento,colegiales,-34.579723,-58.429875,0,0,0
B,1001000.0,74.0,74.0,3.0,2.0,1.0,departamento,san telmo,-34.621447,-58.388414,0,0,0
B,866000.0,69.0,56.0,3.0,2.0,1.0,ph,boedo,-34.620921,-58.403772,0,0,0
B,503000.0,33.0,33.0,2.0,1.0,1.0,departamento,palermo,-34.570405,-58.43392,0,0,0
B,1523000.0,120.0,120.0,5.0,4.0,3.0,ph,villa urquiza,-34.605896,-58.483906,0,0,0
B,649000.0,49.0,49.0,2.0,1.0,1.0,departamento,almagro,-34.608108,-58.417661,0,0,0
B,897000.0,47.0,35.0,2.0,1.0,1.0,ph,nunez,-34.53713,-58.451384,0,0,0
B,2059000.0,78.0,67.0,2.0,1.0,1.0,ph,nunez,-34.537718,-58.438321,0,0,0
B,582000.0,50.0,47.0,2.0,1.0,1.0,ph,caballito,-34.606086,-58.429953,0,0,0
B,777000.0,63.0,63.0,4.0,3.0,2.0,departamento,boedo,-34.631256,-58.442268,0,0,0
B,766000.0,59.0,59.0,2.0,1.0,1.0,departamento,almagro,-34.631069,-58.432087,0,0,0
B,3227000.0,131.0,131.0,5.0,4.0,3.0,ph,palermo,-34.575802,-58.421566,0,0,0
B,647000.0,53.0,53.0,3.0,2.0,1.0,departamento,flores,-34.627187,-58.460895,0,0,0
B,1140000.0,65.0,60.0,3.0,2.0,1.0,ph,nunez,-34.546681,-58.452337,0,1,0
B,1691000.0,300.0,91.0,3.0,2.0,1.0,casa,boedo,-34.63495,-58.419494,0,0,0
B,389000.0,44.0,44.0,2.0,1.0,1.0,departamento,flores,-34.62959,-58.454694,0,0,0
B,1039000.0,69.0,57.0,3.0,2.0,1.0,ph,nunez,-34.545732,-58.478746,0,0,0
B,461000.0,39.0,39.0,2.0,1.0,1.0,departamento,boedo,-34.628587,-58.425297,0,0,0
B,649000.0,41.0,39.0,2.0,1.0,1.0,ph,boedo,-34.629973,-58.422253,0,0,0
B,2395000.0,89.0,75.0,3.0,2.0,1.0,ph,recoleta,-34.598589,-58.388404,0,0,0
B,2370000.0,118.0,118.0,4.0,3.0,3.0,casa,villa urquiza,-34.575774,-58.484405,0,0,0
B,1216000.0,79.0,79.0,4.0,3.0,2.0,departamento,almagro,-34.584979,-58.408185,0,0,0
B,941000.0,89.0,77.0,3.0,2.0,1.0,ph,san telmo,-34.603338,-58.366001,0,0,0
B,1290000.0,108.0,108.0,3.0,2.0,2.0,ph,boedo,-34.63482,-58.403167,0,0,0
B,2200000.0,81.0,81.0,3.0,2.0,1.0,departamento,recoleta,-34.588173,-58.388445,0,0,0
B,1118000.0,69.0,69.0,4.0,3.0,2.0,departamento,caballito,-34.621336,-58.44077,0,0,0
B,511000.0,59.0,59.0,2.0,1.0,1.0,departamento,san telmo,-34.634367,-58.385232,0,0,0
B,309000.0,33.0,33.0,2.0,1.0,1.0,departamento,boedo,-34.62448,-58.380511,0,0,0
B,248000.0,34.0,34.0,1.0,1.0,1.0,departamento,boedo,-34.602668,-58.424929,0,1,0
B,706000.0,42.0,35.0,2.0,1.0,1.0,ph,caballito,-34.58941,-58.433591,0,0,0
B,1575000.0,130.0,130.0,6.0,5.0,4.0,departamento,caballito,-34.610485,-58.462915,0,0,0
B,365000.0,49.0,49.0,2.0,1.0,1.0,departamento,almagro,-34.596813,-58.41089,0,0,0
B,468000.0,54.0,54.0,3.0,2.0,2.0,departamento,boedo,-34.641257,-58.406088,0,0,0
B,869000.0,53.0,53.0,2.0,1.0,1.0,departamento,nunez,-34.568725,-58.476311,0,0,0
B,667000.0,35.0,35.0,2.0,1.0,1.0,departamento,colegiales,-34.582856,-58.442753,0,0,0
B,598000.0,45.0,45.0,2.0,1.0,1.0,departamento,caballito,-34.621172,-58.431428,0,0,0
B,827000.0,61.0,61.0,2.0,1.0,1.0,departamento,nunez,-34.571611,-58.473105,0,0,0
B,1341000.0,229.0,88.0,3.0,2.0,1.0,casa,villa urquiza,-34.583369,-58.478862,0,0,0
B,974000.0,58.0,58.0,2.0,1.0,1.0,ph,almagro,-34.610978,-58.415828,0,0,0
B,499000.0,38.0,38.0,2.0,1.0,1.0,ph,almagro,-34.593399,-58.414322,0,1,0
B,778000.0,47.0,47.0,2.0,1.0,1.0,departamento,almagro,-34.61631,-58.412046,0,0,0
B,3053000.0,153.0,153.0,5.0,4.0,3.0,ph,recoleta,-34.595576,-58.390005,0,0,0
B,1273000.0,79.0,79.0,3.0,2.0,1.0,departamento,caballito,-34.611298,-58.428125,0,0,0
B,330000.0,39.0,39.0,2.0,1.0,1.0,departamento,boedo,-34.62919,-58.409195,1,0,0
B,693000.0,28.0,28.0,2.0,1.0,1.0,departamento,nunez,-34.553133,-58.463989,0,0,0
B,1135000.0,69.0,56.0,2.0,1.0,1.0,ph,colegiales,-34.570909,-58.465609,0,0,0
B,473000.0,35.0,35.0,2.0,1.0,1.0,departamento,almagro,-34.58133,-58.415285,0,0,0
B,752000.0,36.0,36.0,2.0,1.0,1.0,departamento,recoleta,-34.585248,-58.377074,0,0,0
B,2063000.0,132.0,132.0,6.0,5.0,3.0,departamento,almagro,-34.611007,-58.416001,0,0,0
B,504000.0,31.0,31.0,1.0,1.0,1.0,departamento,palermo,-34.578307,-58.438646,0,0,0
B,2415000.0,536.0,139.0,4.0,3.0,2.0,casa,flores,-34.635854,-58.488594,0,0,0
B,1163000.0,74.0,74.0,4.0,3.0,2.0,departamento,almagro,-34.605838,-58.444081,0,0,0
B,481000.0,36.0,36.0,1.0,1.0,1.0,departamento,villa urquiza,-34.556934,-58.491629,0,0,0
B,551000.0,42.0,42.0,1.0,1.0,1.0,departamento,almagro,-34.619697,-58.426447,0,0,0
B,603000.0,72.0,72.0,3.0,2.0,2.0,departamento,flores,-34.604493,-58.469911,0,0,0
B,899000.0,40.0,40.0,2.0,1.0,1.0,departamento,nunez,-34.528503,-58.466781,0,0,0
B,472000.0,32.0,32.0,2.0,1.0,1.0,departamento,colegiales,-34.573929,-58.473666,0,0,0
B,1812000.0,394.0,134.0,5.0,4.0,3.0,casa,almagro,-34.603021,-58.396384,0,0,0
B,555000.0,84.0,65.0,2.0,1.0,1.0,ph,flores,-34.61407,-58.469612,1,0,0
B,581000.0,48.0,48.0,3.0,1.0,1.0,departamento,nunez,-34.565584,-58.465505,1,0,0
B,878000.0,53.0,53.0,3.0,2.0,1.0,departamento,caballito,-34.607183,-58.458347,0,1,0
B,602000.0,35.0,35.0,2.0,1.0,1.0,departamento,colegiales,-34.572402,-58.454541,0,0,0
B,936000.0,92.0,83.0,3.0,2.0,2.0,ph,san telmo,-34.622481,-58.361588,0,0,0
B,1357000.0,112.0,97.0,4.0,3.0,2.0,ph,caballito,-34.604015,-58.434657,0,0,0
B,736000.0,41.0,41.0,2.0,1.0,1.0,departamento,nunez,-34.52629,-58.463585,0,0,1
B,2169000.0,214.0,103.0,4.0,3.0,2.0,casa,belgrano,-34.575591,-58.460103,0,0,0
B,1184000.0,80.0,80.0,5.0,4.0,3.0,departamento,san telmo,-34.624667,-58.362401,0,0,0
B,679000.0,29.0,29.0,2.0,1.0,1.0,departamento,recoleta,-34.578273,-58.389836,0,0,0
B,495000.0,45.0,45.0,2.0,1.0,1.0,departamento,almagro,-34.628624,-58.419414,0,0,0
B,1017000.0,95.0,95.0,4.0,3.0,2.0,departamento,flores,-34.636411,-58.47408,0,0,0
B,1102000.0,64.0,64.0,3.0,2.0,1.0,departamento,villa urquiza,-34.549894,-58.471108,0,0,0
B,586000.0,60.0,60.0,2.0,1.0,1.0,departamento,caballito,-34.637795,-58.433855,1,0,0
B,2180000.0,63.0,63.0,4.0,3.0,2.0,departamento,recoleta,-34.593839,-58.404706,0,0,0
B,497000.0,39.0,39.0,2.0,1.0,1.0,departamento,caballito,-34.611931,-58.428159,0,0,0
B,1608000.0,79.0,67.0,2.0,1.0,1.0,ph,recoleta,-34.57501,-58.423387,0,0,0
B,380000.0,22.0,22.0,1.0,1.0,1.0,departamento,belgrano,-34.544481,-58.447048,0,0,0
B,1145000.0,93.0,93.0,4.0,3.0,2.0,departamento,flores,-34.608504,-58.460123,0,0,0
B,1117000.0,61.0,61.0,3.0,2.0,1.0,departamento,colegiales,-34.56983,-58.452468,0,0,0
B,1485000.0,61.801903990277495,55.488150698804944,3.0,2.0,2.0,departamento,caballito,-34.617302,-58.417002,0,0,0
B,784000.0,38.0,38.0,2.0,1.0,1.0,departamento,nunez,-34.521974,-58.475205,0,0,0
B,470000.0,22.0,22.0,1.0,1.0,1.0,departamento,nunez,-34.543436,-58.47673,0,0,0
B,717000.0,51.0,51.0,3.0,2.0,1.0,departamento,villa urquiza,-34.586826,-58.473694,0,1,0
B,922000.0,34.0,34.0,2.0,1.0,1.0,departamento,belgrano,-34.569003,-58.434348,0,0,0
B,872000.0,130.0,60.0,3.0,2.0,2.0,casa,flores,-34.613715,-58.479389,0,0,0
B,1436000.0,73.0,73.0,3.0,2.0,2.0,departamento,palermo,-34.56388,-58.413158,0,0,0
B,475000.0,59.0,59.0,1.0,1.0,1.0,departamento,nunez,-34.553634,-58.470501,0,0,0
B,603000.0,32.0,32.0,1.0,1.0,1.0,departamento,colegiales,-34.592024,-58.450113,0,0,0
B,717000.0,70.0,70.0,2.0,1.0,1.0,ph,san telmo,-34.630537,-58.368006,0,0,0
B,583000.0,44.0,44.0,1.0,1.0,1.0,departamento,boedo,-34.610548,-58.423833,0,0,0
B,1236000.0,173.0,64.0,3.0,1.0,1.0,casa,san telmo,-34.626142,-58.355791,1,0,0
B,950000.0,58.0,58.0,2.0,1.0,1.0,departamento,villa crespo,-34.610036,-58.430143,0,0,0
B,968000.0,91.0,79.0,4.0,3.0,2.0,ph,caballito,-34.601512,-58.407591,0,0,0
B,1006000.0,35.0,35.0,2.0,1.0,1.0,departamento,nunez,-34.54416,-58.433987,0,0,0
B,2317000.0,102.0,102.0,5.0,4.0,3.0,departamento,villa urquiza,-34.570008,-58.476655,0,0,0
B,1287000.0,60.0,60.0,2.0,1.0,1.0,departamento,belgrano,-34.568047,-58.460629,0,0,0
B,260000.0,25.0,25.0,1.0,1.0,1.0,departamento,recoleta,-34.593414,-58.388379,0,0,0
B,929000.0,68.0,68.0,3.0,2.0,2.0,departamento,villa urquiza,-34.588387,-58.465583,0,0,0
B,752000.0,44.0,44.0,2.0,1.0,1.0,departamento,nunez,-34.560974,-58.464959,0,0,0
B,1279000.0,71.0,71.0,3.0,2.0,1.0,departamento,palermo,-34.587925,-58.417638,0,0,0
B,1087000.0,59.0,59.0,4.0,3.0,2.0,departamento,san telmo,-34.615884,-58.376797,0,0,0
B,708000.0,55.0,55.0,2.0,1.0,1.0,departamento,nunez,-34.547206,-58.464341,0,0,0
B,1433000.0,86.0,86.0,3.0,2.0,1.0,departamento,villa urquiza,-34.568198,-58.488734,0,0,0
B,632000.0,60.0,60.0,3.0,2.0,1.0,casa,san telmo,-34.634078,-58.385452,0,0,0
B,609000.0,41.0,41.0,2.0,1.0,1.0,departamento,villa urquiza,-34.548162,-58.496208,0,0,0
B,1143000.0,63.0,63.0,3.0,2.0,2.0,departamento,nunez,-34.532527,-58.458697,0,0,0
B,1103000.0,70.0,60.0,2.0,1.0,1.0,ph,belgrano,-34.552425,-58.469681,0,0,0
B,837000.0,41.0,41.0,1.0,1.0,1.0,departamento,nunez,-34.549472,-58.462519,0,0,0
B,817000.0,55.0,55.0,3.0,2.0,2.0,departamento,villa crespo,-34.577093,-58.429947,0,0,0
B,1513000.0,72.0,72.0,2.0,1.0,1.0,ph,recoleta,-34.586387,-58.406004,0,0,0
B,976000.0,64.0,64.0,3.0,2.0,1.0,departamento,villa urquiza,-34.5799,-58.466289,0,0,0
B,1010000.0,44.0,44.0,2.0,1.0,1.0,departamento,recoleta,-34.575302,-58.398751,0,0,0
B,649000.0,35.0,35.0,2.0,1.0,1.0,departamento,recoleta,-34.592535,-58.402024,0,0,0
B,820000.0,45.0,45.0,2.0,1.0,1.0,departamento,belgrano,-34.566993,-58.44304,0,0,1
B,624000.0,40.0,40.0,2.0,1.0,1.0,departamento,villa urquiza,-34.579278,-58.499613,0,0,0
B,1227000.0,67.0,67.0,3.0,2.0,1.0,departamento,belgrano,-34.562902,-58.463691,0,0,0
B,405000.0,30.0,30.0,1.0,1.0,1.0,departamento,caballito,-34.621277,-58.433924,0,0,0
B,825000.0,57.0,57.0,2.0,1.0,1.0,departamento,colegiales,-34.589017,-58.437263,0,0,0
B,1132000.0,55.0,55.0,3.0,2.0,1.0,departamento,colegiales,-34.561007,-58.457069,0,0,0
B,1488000.0,88.0,73.0,2.0,1.0,1.0,ph,colegiales,-34.590245,-58.442501,0,0,0
B,654000.0,38.0,38.0,1.0,1.0,1.0,departamento,palermo,-34.569541,-58.418373,0,0,0
B,935000.0,59.0,59.0,3.0,2.0,1.0,departamento,caballito,-34.610001,-58.420909,0,0,0
B,647000.0,53.0,53.0,3.0,2.0,2.0,departamento,boedo,-34.646293,-58.416717,0,0,0
B,501000.0,40.0,40.0,2.0,1.0,1.0,departamento,palermo,-34.585788,-58.413522,0,0,0
B,1116000.0,48.0,48.0,2.0,1.0,1.0,departamento,palermo,-34.562407,-58.426406,0,0,0
B,381000.0,39.0,39.0,2.0,1.0,1.0,departamento,flores,-34.627411,-58.48022,0,0,0
B,667000.0,34.0,34.0,2.0,1.0,1.0,departamento,colegiales,-34.587508,-58.456074,0,0,0
B,577000.0,36.0,36.0,1.0,1.0,1.0,departamento,recoleta,-34.581677,-58.39729,1,0,0
B,956000.0,55.0,55.0,3.0,2.0,1.0,departamento,recoleta,-34.592792,-58.39308,0,0,0
B,742000.0,100.0,100.0,4.0,3.0,2.0,departamento,flores,-34.622108,-58.460042,0,0,0
B,534000.0,34.0,34.0,2.0,1.0,1.0,departamento,almagro,-34.631173,-58.416508,0,0,0
B,740000.0,50.0,50.0,2.0,1.0,1.0,departamento,almagro,-34.601567,-58.415787,0,0,0
B,766000.0,55.0,55.0,2.0,1.0,1.0,departamento,flores,-34.626103,-58.465159,0,1,0
B,486000.0,31.0,31.0,2.0,1.0,1.0,departamento,caballito,-34.610088,-58.42685,0,0,0
B,305000.0,38.0,38.0,3.0,2.0,1.0,departamento,flores,-34.619467,-58.480679,0,0,0
B,422000.0,29.0,29.0,2.0,1.0,1.0,departamento,recoleta,-34.573618,-58.381547,0,0,0
B,1160000.0,52.0,52.0,3.0,2.0,1.0,departamento,nunez,-34.556748,-58.453864,0,0,0
B,819000.0,54.0,54.0,2.0,1.0,1.0,departamento,caballito,-34.64159,-58.434096,0,0,0
B,1034000.0,51.0,51.0,2.0,1.0,1.0,ph,recoleta,-34.607711,-58.397961,0,0,0
B,512000.0,38.0,38.0,2.0,1.0,1.0,departamento,villa urquiza,-34.576838,-58.52047,0,0,0
B,1176000.0,63.0,63.0,3.0,2.0,1.0,departamento,nunez,-34.544523,-58.463348,0,0,0
B,1527000.0,119.0,119.0,5.0,4.0,1.0,departamento,villa urquiza,-34.590415,-58.479928,0,1,0
B,928000.0,85.0,56.0,2.0,1.0,1.0,ph,palermo,-34.583038,-58.458521,0,0,0
B,1052000.0,65.0,65.0,3.0,2.0,2.0,departamento,villa urquiza,-34.585404,-58.497447,0,0,0
B,602000.0,52.0,52.0,2.0,1.0,1.0,departamento,caballito,-34.609644,-58.45127,0,0,0
B,1143000.0,63.0,63.0,3.0,2.0,2.0,departamento,nunez,-34.532527,-58.458697,0,0,0
B,2127000.0,231.0,81.0,3.0,2.0,2.0,casa,palermo,-34.583021,-58.408002,0,0,0
B,1554000.0,259.0,104.0,4.0,3.0,2.0,casa,villa urquiza,-34.560715,-58.488445,0,0,0
B,1107000.0,255.0,80.0,4.0,3.0,2.0,casa,almagro,-34.631911,-58.415637,0,0,0
B,574000.0,43.0,43.0,2.0,1.0,1.0,departamento,boedo,-34.61777,-58.42875,0,0,0
B,748000.0,87.0,87.0,3.0,2.0,2.0,ph,flores,-34.641497,-58.448962,0,0,0
B,819000.0,74.0,59.0,2.0,1.0,1.0,ph,nunez,-34.528172,-58.461873,0,0,0
B,774000.0,67.0,61.0,2.0,1.0,1.0,ph,villa urquiza,-34.583891,-58.477476,0,0,0
B,1360000.0,72.0,72.0,4.0,3.0,2.0,departamento,caballito,-34.60725,-58.432347,0,0,0
B,1160000.0,52.0,52.0,3.0,2.0,1.0,departamento,nunez,-34.556748,-58.453864,0,0,0
B,827000.0,43.0,43.0,2.0,1.0,1.0,departamento,belgrano,-34.560047,-58.449631,0,0,0
B,744000.0,75.0,75.0,3.0,2.0,2.0,departamento,flores,-34.619417,-58.452468,0,0,0
B,725000.0,51.0,51.0,2.0,1.0,1.0,departamento,villa crespo,-34.591873,-58.439146,1,0,0
B,1007000.0,87.0,87.0,4.0,3.0,2.0,departamento,flores,-34.576414,-58.477837,0,0,0
B,827000.0,58.0,58.0,3.0,2.0,1.0,departamento,boedo,-34.643391,-58.404273,0,0,0
B,1085000.0,110.0,60.0,3.0,2.0,1.0,casa,boedo,-34.639279,-58.420166,0,0,0
B,1495000.0,60.0,60.0,3.0,2.0,1.0,casa,villa crespo,-34.604229,-58.419857,0,0,0
B,881000.0,46.0,46.0,2.0,1.0,1.0,departamento,san telmo,-34.603788,-58.368583,0,0,0
B,722000.0,61.0,61.0,2.0,1.0,1.0,departamento,colegiales,-34.577996,-58.44505,0,0,0
B,1590000.0,83.0,83.0,4.0,3.0,2.0,departamento,recoleta,-34.608365,-58.402747,0,0,0
B,634000.0,47.0,47.0,2.0,1.0,1.0,departamento,caballito,-34.623443,-58.452625,0,0,0
B,288000.0,20.0,20.0,2.0,1.0,1.0,departamento,colegiales,-34.582718,-58.444428,0,0,0
B,2039000.0,171.0,95.0,3.0,2.0,1.0,casa,almagro,-34.621204,-58.415231,0,0,0
B,744000.0,56.0,56.0,3.0,2.0,2.0,departamento,villa crespo,-34.609281,-58.444882,0,0,0
B,339000.0,27.0,27.0,1.0,1.0,1.0,departamento,palermo,-34.574755,-58.440516,0,1,0
B,1638000.0,80.0,80.0,2.0,1.0,1.0,ph,san telmo,-34.606501,-58.385161,0,0,0
B,972000.0,73.0,73.0,4.0,3.0,2.0,departamento,colegiales,-34.566116,-58.441478,0,0,0
B,2179000.0,106.0,106.0,6.0,5.0,4.0,departamento,almagro,-34.602843,-58.425856,0,0,0
B,1773000.0,119.0,101.0,4.0,3.0,2.0,ph,villa urquiza,-34.57691,-58.514766,0,0,0
B,1447000.0,204.0,117.0,3.0,2.0,2.0,casa,flores,-34.639071,-58.493449,0,0,0
B,805000.0,62.0,62.0,3.0,2.0,2.0,departamento,nunez,-34.543096,-58.467753,0,0,0
B,1073000.0,61.801903990277495,55.488150698804944,3.0,2.0,2.0,departamento,villa urquiza,-34.562101,-58.483287,0,0,0
B,1071000.0,51.0,51.0,3.0,2.0,2.0,departamento,villa crespo,-34.586293,-58.456144,0,0,0
B,2197000.0,110.0,110.0,5.0,4.0,3.0,departamento,caballito,-34.623423,-58.421473,0,0,0
B,901000.0,50.0,50.0,3.0,2.0,1.0,departamento,belgrano,-34.556889,-58.467562,0,0,0
B,1323000.0,59.0,59.0,3.0,2.0,1.0,departamento,palermo,-34.573353,-58.425745,0,0,0
B,670000.0,62.0,62.0,3.0,2.0,2.0,departamento,san telmo,-34.631582,-58.373957,0,0,0
B,443000.0,42.0,42.0,2.0,1.0,1.0,departamento,villa crespo,-34.601196,-58.446319,0,0,0
B,257000.0,20.0,20.0,1.0,1.0,1.0,departamento,boedo,-34.634818,-58.425084,0,0,0
B,497000.0,40.0,40.0,1.0,1.0,1.0,departamento,belgrano,-34.587634,-58.469675,0,0,0
B,670000.0,62.0,62.0,3.0,2.0,2.0,departamento,san telmo,-34.631582,-58.373957,0,0,0
B,491000.0,36.0,36.0,1.0,1.0,1.0,departamento,boedo,-34.625356,-58.420288,0,0,0
B,799000.0,40.0,40.0,3.0,2.0,1.0,departamento,colegiales,-34.570132,-58.443129,0,0,0
B,722000.0,61.0,61.0,2.0,1.0,1.0,departamento,colegiales,-34.577996,-58.44505,0,0,0
B,949000.0,90.0,76.0,3.0,2.0,1.0,ph,villa urquiza,-34.575155,-58.487865,0,0,0
B,1345000.0,84.0,84.0,4.0,3.0,3.0,departamento,boedo,-34.634829,-58.437014,0,0,0
B,248000.0,21.0,21.0,1.0,1.0,1.0,departamento,colegiales,-34.584155,-58.439401,0,0,0
B,498000.0,40.0,40.0,2.0,1.0,1.0,departamento,san telmo,-34.618336,-58.37721,0,0,0
B,660000.0,33.0,33.0,2.0,1.0,1.0,departamento,villa crespo,-34.620358,-58.450176,0,0,0
B,2078000.0,374.0,124.0,4.0,3.0,2.0,casa,nunez,-34.536906,-58.458302,0,0,0
B,678000.0,38.0,38.0,2.0,1.0,1.0,departamento,nunez,-34.539371,-58.461436,0,0,0
B,461000.0,39.0,39.0,2.0,1.0,1.0,departamento,boedo,-34.628587,-58.425297,0,0,0
B,1530000.0,105.0,105.0,5.0,4.0,3.0,departamento,villa urquiza,-34.571696,-58.480028,0,0,0
B,533000.0,54.0,47.0,2.0,1.0,1.0,ph,almagro,-34.61992,-58.400172,0,0,0
B,1156000.0,67.0,67.0,3.0,2.0,1.0,departamento,palermo,-34.578112,-58.413456,0,0,0
B,2264000.0,231.0,108.0,3.0,2.0,1.0,casa,recoleta,-34.570438,-58.417865,0,0,0
B,814000.0,45.0,45.0,1.0,1.0,1.0,departamento,recoleta,-34.583189,-58.406028,0,0,0
B,946000.0,48.0,48.0,3.0,2.0,2.0,departamento,belgrano,-34.551169,-58.440106,0,0,0
B,611000.0,37.0,37.0,1.0,1.0,1.0,departamento,colegiales,-34.566563,-58.46214,0,0,0
B,869000.0,64.0,58.0,2.0,1.0,1.0,ph,caballito,-34.627739,-58.453109,0,0,0
B,779000.0,72.0,72.0,3.0,2.0,1.0,departamento,villa crespo,-34.5987,-58.446078,0,0,0
B,298000.0,20.0,20.0,1.0,1.0,1.0,departamento,nunez,-34.521733,-58.490396,0,0,0
B,1301000.0,250.0,79.0,3.0,2.0,1.0,casa,villa urquiza,-34.56299,-58.486709,0,0,0
B,2360000.0,99.0,99.0,5.0,4.0,3.0,departamento,palermo,-34.549557,-58.416298,0,0,0
B,454000.0,26.0,26.0,1.0,1.0,1.0,departamento,belgrano,-34.568471,-58.445072,0,0,0
B,332000.0,32.0,32.0,1.0,1.0,1.0,departamento,flores,-34.618512,-58.454553,1,0,0
B,998000.0,49.0,49.0,2.0,1.0,1.0,departamento,villa urquiza,-34.560917,-58.495029,0,0,1
B,1014000.0,69.0,69.0,3.0,2.0,1.0,casa,villa crespo,-34.584287,-58.431689,0,0,0
B,243000.0,26.0,26.0,2.0,1.0,1.0,departamento,nunez,-34.528556,-58.483066,0,0,0
B,257000.0,20.0,20.0,1.0,1.0,1.0,departamento,almagro,-34.620553,-58.39851,0,0,0
B,1797000.0,172.0,85.0,3.0,2.0,2.0,casa,recoleta,-34.561556,-58.396114,0,0,0
B,569000.0,45.0,45.0,2.0,1.0,1.0,departamento,palermo,-34.575888,-58.43278,0,0,0
B,1797000.0,172.0,85.0,3.0,2.0,2.0,casa,recoleta,-34.561556,-58.396114,0,0,0
B,690000.0,55.0,55.0,2.0,1.0,1.0,departamento,flores,-34.610987,-58.460516,0,0,0
B,2466000.0,292.0,126.0,5.0,4.0,3.0,casa,palermo,-34.551369,-58.430254,0,0,0
B,528000.0,46.0,46.0,2.0,1.0,1.0,departamento,boedo,-34.598536,-58.421653,0,0,0
B,567000.0,35.0,35.0,1.0,1.0,1.0,departamento,nunez,-34.544316,-58.459777,0,0,0
B,880000.0,55.0,55.0,2.0,1.0,1.0,departamento,recoleta,-34.590467,-58.400119,0,0,0
B,593000.0,62.0,56.0,3.0,2.0,2.0,ph,almagro,-34.608679,-58.431001,0,0,0
B,1158000.0,74.0,63.0,2.0,1.0,1.0,ph,recoleta,-34.5853,-58.407518,0,0,0
B,486000.0,31.0,31.0,2.0,1.0,1.0,departamento,colegiales,-34.588303,-58.460786,0,0,0
B,800000.0,35.0,35.0,2.0,1.0,1.0,departamento,recoleta,-34.576257,-58.426353,0,0,0
B,1330000.0,71.0,71.0,3.0,2.0,1.0,casa,colegiales,-34.570774,-58.462337,0,0,0
B,748000.0,158.0,60.0,3.0,2.0,2.0,casa,villa crespo,-34.611318,-58.441426,0,0,0
B,1990000.0,218.0,134.0,4.0,1.0,2.0,casa,colegiales,-34.606667,-58.438689,1,0,0
B,948000.0,83.0,83.0,3.0,2.0,2.0,ph,san telmo,-34.623319,-58.36894,0,0,0
B,921000.0,65.0,65.0,3.0,2.0,1.0,departamento,caballito,-34.619233,-58.443638,0,0,0
B,394000.0,23.0,23.0,1.0,1.0,1.0,departamento,nunez,-34.556039,-58.483885,0,0,0
B,1237000.0,131.0,93.0,4.0,3.0,2.0,ph,villa urquiza,-34.560326,-58.481252,0,0,0
B,1285000.0,65.0,65.0,3.0,2.0,1.0,departamento,palermo,-34.56742,-58.418467,0,0,0
B,723000.0,60.0,53.0,2.0,1.0,1.0,ph,caballito,-34.607226,-58.457618,0,0,0
B,609000.0,46.0,46.0,2.0,1.0,1.0,departamento,almagro,-34.627276,-58.430247,0,0,0
B,1210000.0,116.0,100.0,3.0,2.0,2.0,ph,caballito,-34.618609,-58.437433,0,0,0
B,1521000.0,341.0,64.0,3.0,2.0,2.0,casa,villa crespo,-34.607716,-58.442137,0,0,0
B,473000.0,26.0,26.0,1.0,1.0,1.0,departamento,villa crespo,-34.610684,-58.419684,0,0,0
B,1940000.0,202.0,81.0,3.0,2.0,1.0,casa,palermo,-34.570386,-58.407973,0,0,0
B,394000.0,34.0,34.0,2.0,1.0,1.0,departamento,caballito,-34.618062,-58.42966,0,0,0
B,756000.0,55.0,46.0,2.0,1.0,1.0,ph,nunez,-34.526815,-58.453828,0,0,0
B,731000.0,60.0,60.0,3.0,2.0,2.0,departamento,villa crespo,-34.594005,-58.433431,0,0,0
B,1052000.0,48.0,48.0,1.0,1.0,1.0,departamento,belgrano,-34.547963,-58.4533,0,0,0
B,697000.0,51.0,46.0,2.0,1.0,1.0,ph,san telmo,-34.640328,-58.367365,0,0,0
B,869000.0,207.0,60.0,3.0,2.0,1.0,casa,boedo,-34.619239,-58.411267,0,0,0
B,515000.0,61.801903990277495,55.488150698804944,3.0,2.0,1.0,departamento,boedo,-34.634316,-58.409062,0,0,0
B,222000.0,20.0,20.0,2.0,1.0,1.0,departamento,villa crespo,-34.606402,-58.431089,0,0,0
B,524000.0,35.0,35.0,2.0,1.0,1.0,ph,villa urquiza,-34.562641,-58.482742,0,0,0
B,690000.0,50.0,50.0,2.0,1.0,1.0,departamento,belgrano,-34.572252,-58.462182,0,0,0
B,595000.0,35.0,35.0,2.0,1.0,1.0,ph,almagro,-34.607057,-58.430039,0,0,0
B,1353000.0,70.0,70.0,3.0,2.0,1.0,departamento,recoleta,-34.60076,-58.382741,0,0,0
B,604000.0,42.0,42.0,2.0,1.0,1.0,departamento,flores,-34.624887,-58.46921,0,0,0
B,444000.0,34.0,34.0,1.0,1.0,1.0,departamento,colegiales,-34.574238,-58.454668,0,0,0
B,1397000.0,63.0,63.0,2.0,2.0,1.0,departamento,almagro,-34.608351,-58.424971,0,0,1
B,532000.0,28.0,28.0,1.0,1.0,1.0,departamento,recoleta,-34.585456,-58.409575,0,0,0
B,593000.0,50.0,50.0,2.0,1.0,1.0,departamento,colegiales,-34.572069,-58.464408,0,0,0
B,2330000.0,312.0,201.0,7.0,6.0,4.0,casa,flores,-34.640673,-58.486563,0,0,0
B,674000.0,59.0,59.0,3.0,2.0,1.0,departamento,belgrano,-34.546252,-58.470729,0,0,0
B,288000.0,20.0,20.0,2.0,1.0,1.0,departamento,colegiales,-34.582718,-58.444428,0,0,0
B,551000.0,55.0,55.0,3.0,2.0,1.0,departamento,boedo,-34.605056,-58.400031,0,0,0
B,417000.0,33.0,33.0,2.0,1.0,1.0,departamento,almagro,-34.594003,-58.435729,0,0,0
B,475000.0,59.0,59.0,2.0,1.0,1.0,departamento,nunez,-34.553634,-58.470501,0,0,1
B,950000.0,58.0,58.0,2.0,1.0,1.0,departamento,villa crespo,-34.610036,-58.430143,0,0,0
B,2759000.0,166.0,148.0,5.0,4.0,2.0,ph,belgrano,-34.558161,-58.4696,0,0,0
B,897000.0,46.0,46.0,2.0,1.0,1.0,departamento,almagro,-34.600163,-58.422346,0,0,0
B,1040000.0,84.0,73.0,3.0,2.0,1.0,ph,almagro,-34.586103,-58.398197,0,0,0
B,628000.0,45.0,45.0,3.0,1.0,1.0,departamento,san telmo,-34.598465,-58.368864,1,0,0
B,803000.0,57.0,57.0,3.0,2.0,1.0,departamento,belgrano,-34.564301,-58.465105,0,0,0
B,822000.0,43.0,43.0,2.0,1.0,1.0,departamento,colegiales,-34.565522,-58.463521,0,0,0
B,1409000.0,67.0,67.0,3.0,2.0,1.0,departamento,colegiales,-34.570026,-58.428546,0,0,0
B,659000.0,62.0,62.0,3.0,2.0,2.0,ph,caballito,-34.623161,-58.428314,0,0,0
B,359000.0,30.0,30.0,2.0,1.0,1.0,departamento,caballito,-34.615009,-58.444438,0,0,0
B,623000.0,34.0,34.0,2.0,1.0,1.0,departamento,almagro,-34.599983,-58.409035,0,0,0
B,464000.0,33.0,33.0,1.0,1.0,1.0,departamento,colegiales,-34.579855,-58.424112,0,0,0
B,1600000.0,81.0,81.0,4.0,3.0,2.0,departamento,villa crespo,-34.603406,-58.413345,0,0,0
B,294000.0,26.0,26.0,1.0,1.0,1.0,departamento,palermo,-34.572321,-58.408169,0,0,0
B,865000.0,63.0,63.0,2.0,1.0,1.0,departamento,palermo,-34.565876,-58.443835,0,0,0
B,597000.0,58.0,47.0,2.0,1.0,1.0,ph,almagro,-34.616081,-58.40147,0,0,0
B,633000.0,32.0,32.0,1.0,1.0,1.0,departamento,colegiales,-34.562505,-58.456035,0,0,0
B,302000.0,27.0,27.0,1.0,1.0,1.0,departamento,almagro,-34.596502,-58.410709,0,0,0
B,2770000.0,109.0,109.0,5.0,4.0,2.0,departamento,belgrano,-34.555747,-58.465727,0,0,0
B,1216000.0,79.0,79.0,4.0,3.0,2.0,departamento,almagro,-34.584979,-58.408185,0,0,0
B,626000.0,61.0,61.0,3.0,2.0,1.0,departamento,caballito,-34.618587,-58.46986,0,0,0
B,269000.0,26.0,26.0,1.0,1.0,1.0,departamento,recoleta,-34.588276,-58.403744,0,0,0
B,864000.0,65.0,65.0,3.0,2.0,1.0,departamento,nunez,-34.56225,-58.447064,0,0,0
B,1113000.0,218.0,60.0,2.0,1.0,1.0,casa,colegiales,-34.583872,-58.448924,1,0,1
B,382000.0,27.0,27.0,1.0,1.0,1.0,departamento,nunez,-34.543714,-58.465691,0,0,0
B,699000.0,64.0,64.0,4.0,3.0,1.0,departamento,san telmo,-34.612678,-58.376704,0,1,0
B,674000.0,61.0,61.0,3.0,2.0,2.0,departamento,caballito,-34.610148,-58.443077,0,0,0
B,299000.0,28.0,28.0,1.0,1.0,1.0,departamento,belgrano,-34.5667,-58.456308,0,0,0
B,449000.0,23.0,23.0,1.0,1.0,1.0,departamento,recoleta,-34.585352,-58.399225,0,0,0
B,722000.0,68.0,68.0,3.0,2.0,1.0,departamento,almagro,-34.609607,-58.438571,0,1,0
B,675000.0,34.0,34.0,2.0,1.0,1.0,departamento,caballito,-34.623763,-58.441476,0,0,0
B,1042000.0,70.0,70.0,3.0,2.0,1.0,departamento,belgrano,-34.559492,-58.451686,0,0,0
B,530000.0,39.0,39.0,2.0,1.0,1.0,departamento,nunez,-34.544882,-58.458367,0,0,0
B,510000.0,61.0,61.0,2.0,1.0,1.0,departamento,flores,-34.641496,-58.460093,0,0,0
B,1310000.0,84.0,84.0,4.0,3.0,2.0,departamento,colegiales,-34.580035,-58.445531,0,0,0
B,315000.0,20.0,20.0,1.0,1.0,1.0,departamento,belgrano,-34.558945,-58.451247,0,0,0
B,1474000.0,101.0,101.0,5.0,4.0,3.0,departamento,colegiales,-34.557396,-58.433034,0,0,0
B,823000.0,55.0,48.0,2.0,1.0,1.0,ph,belgrano,-34.584154,-58.47032,0,0,0
B,464000.0,45.0,45.0,2.0,1.0,1.0,departamento,villa crespo,-34.597962,-58.426119,0,0,0
B,1951000.0,93.0,93.0,4.0,3.0,2.0,departamento,belgrano,-34.556327,-58.465464,0,0,0
B,381000.0,27.0,27.0,2.0,1.0,1.0,departamento,almagro,-34.641077,-58.406569,0,0,0
B,558000.0,39.0,39.0,1.0,1.0,1.0,departamento,nunez,-34.548023,-58.464347,0,0,0
B,1153000.0,60.0,60.0,3.0,2.0,1.0,casa,colegiales,-34.566369,-58.432243,0,0,0
B,2619000.0,119.0,119.0,6.0,5.0,3.0,departamento,palermo,-34.580798,-58.420554,0,0,0
B,614000.0,49.0,49.0,3.0,2.0,1.0,departamento,nunez,-34.546565,-58.450041,0,0,0
B,737000.0,35.0,35.0,2.0,1.0,1.0,departamento,palermo,-34.589115,-58.410406,0,0,0
B,2090000.0,146.0,146.0,6.0,5.0,4.0,departamento,villa crespo,-34.60937,-58.437848,0,0,0
B,1269000.0,83.0,72.0,2.0,1.0,1.0,ph,colegiales,-34.579968,-58.441425,0,0,0
B,548000.0,51.0,46.0,2.0,1.0,1.0,ph,san telmo,-34.63329,-58.370279,0,0,0
B,514000.0,51.0,51.0,3.0,2.0,2.0,departamento,nunez,-34.554851,-58.449097,0,0,0
B,681000.0,55.0,55.0,3.0,2.0,1.0,departamento,san telmo,-34.625405,-58.371621,0,0,0
B,1019000.0,63.0,63.0,3.0,2.0,1.0,departamento,recoleta,-34.588579,-58.396725,0,0,0
B,279000.0,23.0,23.0,1.0,1.0,1.0,departamento,boedo,-34.629272,-58.42422,0,0,0
B,1133000.0,107.0,107.0,5.0,4.0,3.0,departamento,san telmo,-34.611964,-58.377319,0,0,0
B,1608000.0,79.0,67.0,2.0,1.0,1.0,ph,recoleta,-34.57501,-58.423387,0,0,0
B,405000.0,29.0,29.0,1.0,1.0,1.0,departamento,san telmo,-34.623172,-58.389381,0,0,0
B,549000.0,44.0,44.0,2.0,1.0,1.0,departamento,almagro,-34.613451,-58.404287,0,0,0
B,705000.0,68.0,68.0,2.0,1.0,1.0,ph,belgrano,-34.546391,-58.463257,0,0,0
B,967000.0,75.0,62.0,2.0,1.0,1.0,ph,almagro,-34.613341,-58.4124,0,0,0
B,996000.0,81.0,81.0,3.0,2.0,1.0,departamento,flores,-34.633708,-58.465265,0,0,0
B,1339000.0,80.0,80.0,4.0,3.0,2.0,departamento,flores,-34.619744,-58.428538,0,0,0
B,243000.0,23.0,23.0,1.0,1.0,1.0,departamento,san telmo,-34.629692,-58.331467,0,0,0
B,1495000.0,117.0,117.0,6.0,5.0,4.0,departamento,nunez,-34.537554,-58.47787,0,0,0
B,2059000.0,78.0,67.0,2.0,1.0,1.0,ph,nunez,-34.537718,-58.438321,0,0,0
B,511000.0,49.0,49.0,2.0,1.0,1.0,departamento,colegiales,-34.564624,-58.46016,0,0,0
B,743000.0,51.0,51.0,3.0,2.0,1.0,departamento,belgrano,-34.566442,-58.465269,0,0,0
B,1013000.0,77.0,77.0,3.0,2.0,1.0,departamento,villa urquiza,-34.589643,-58.483084,0,0,0
B,562000.0,50.0,50.0,2.0,1.0,1.0,departamento,san telmo,-34.615027,-58.364009,0,0,0
B,340000.0,25.0,25.0,1.0,1.0,1.0,departamento,villa crespo,-34.604809,-58.433949,0,0,0
B,743000.0,48.0,48.0,2.0,1.0,1.0,departamento,colegiales,-34.575101,-58.444936,0,0,0
B,1517000.0,86.0,86.0,4.0,3.0,2.0,departamento,san telmo,-34.619949,-58.375738,0,0,0
B,792000.0,31.0,31.0,2.0,1.0,1.0,departamento,recoleta,-34.591649,-58.408462,0,0,0
B,1406000.0,114.0,114.0,4.0,3.0,3.0,departamento,flores,-34.614294,-58.450113,0,0,0
B,921000.0,319.0,71.0,3.0,2.0,1.0,casa,flores,-34.660167,-58.445423,0,1,0
B,1085000.0,64.0,64.0,3.0,2.0,2.0,departamento,caballito,-34.600606,-58.45614,0,0,0
B,384000.0,27.0,27.0,2.0,1.0,1.0,departamento,colegiales,-34.56087,-58.47031,0,0,0
B,1055000.0,75.0,75.0,4.0,3.0,2.0,departamento,caballito,-34.631018,-58.440722,0,0,0
B,673000.0,39.0,39.0,2.0,1.0,1.0,departamento,villa urquiza,-34.566825,-58.492491,0,0,0
B,287000.0,20.0,20.0,2.0,1.0,1.0,departamento,boedo,-34.631059,-58.421782,0,0,1
B,706000.0,42.0,35.0,2.0,1.0,1.0,ph,caballito,-34.58941,-58.433591,0,0,0
B,2557000.0,125.0,125.0,5.0,4.0,3.0,departamento,recoleta,-34.594384,-58.377796,0,0,0
B,584000.0,32.0,32.0,2.0,1.0,1.0,departamento,villa crespo,-34.630458,-58.435826,0,0,0
B,1317000.0,93.0,93.0,4.0,3.0,2.0,departamento,villa urquiza,-34.573592,-58.478171,0,0,0
B,784000.0,56.0,56.0,3.0,2.0,1.0,departamento,colegiales,-34.573704,-58.464134,0,0,0
B,1198000.0,62.0,62.0,3.0,2.0,1.0,departamento,colegiales,-34.575298,-58.472131,0,0,0
B,412000.0,26.0,26.0,2.0,1.0,1.0,departamento,almagro,-34.58998,-58.433047,0,0,0
B,1011000.0,82.0,82.0,3.0,2.0,2.0,departamento,san telmo,-34.639298,-58.368554,0,0,0
B,1392000.0,51.0,51.0,3.0,2.0,1.0,departamento,recoleta,-34.582258,-58.388469,0,0,0
B,994000.0,62.0,62.0,2.0,1.0,1.0,departamento,caballito,-34.618712,-58.428994,0,0,0
B,473000.0,26.0,26.0,1.0,1.0,1.0,departamento,villa crespo,-34.610684,-58.419684,0,0,0
B,498000.0,41.0,41.0,3.0,2.0,2.0,departamento,san telmo,-34.64099,-58.390182,0,0,0
B,1091000.0,96.0,86.0,3.0,2.0,1.0,ph,villa urquiza,-34.581148,-58.470507,0,0,0
B,567000.0,44.0,44.0,1.0,1.0,1.0,departamento,villa urquiza,-34.591802,-58.46546,0,0,0
B,1663000.0,80.0,80.0,4.0,3.0,2.0,departamento,flores,-34.617817,-58.448763,0,0,0
B,709000.0,49.0,49.0,2.0,1.0,1.0,departamento,palermo,-34.585257,-58.432109,0,0,1
B,870000.0,84.0,84.0,4.0,3.0,2.0,departamento,boedo,-34.642606,-58.412447,0,0,0
B,1201000.0,68.0,68.0,3.0,2.0,1.0,departamento,belgrano,-34.562236,-58.481256,0,0,0
B,412000.0,26.0,26.0,2.0,1.0,1.0,departamento,almagro,-34.58998,-58.433047,0,0,0
B,413000.0,45.0,45.0,2.0,1.0,1.0,departamento,boedo,-34.645872,-58.385409,0,0,1
B,434000.0,31.0,31.0,1.0,1.0,1.0,departamento,boedo,-34.621516,-58.419192,0,0,0
B,1501000.0,178.0,97.0,3.0,2.0,1.0,casa,recoleta,-34.566813,-58.386833,0,0,0
B,859000.0,45.0,45.0,1.0,1.0,1.0,departamento,boedo,-34.617849,-58.404096,0,0,0
B,773000.0,67.0,67.0,3.0,2.0,1.0,departamento,flores,-34.626345,-58.457754,0,0,0
B,1119000.0,70.0,70.0,3.0,2.0,1.0,departamento,caballito,-34.625276,-58.448903,0,0,0
B,1161000.0,37.0,37.0,2.0,1.0,1.0,departamento,colegiales,-34.57272,-58.441921,0,0,0
B,535000.0,53.0,53.0,3.0,2.0,1.0,departamento,flores,-34.624973,-58.467824,0,0,0
B,515000.0,43.0,43.0,2.0,1.0,1.0,departamento,colegiales,-34.572157,-58.44722,0,0,0
B,2671000.0,108.0,108.0,5.0,4.0,3.0,departamento,boedo,-34.628785,-58.407875,0,0,0
B,1231000.0,57.0,57.0,3.0,2.0,2.0,departamento,colegiales,-34.58741,-58.450718,0,0,0
B,907000.0,54.0,54.0,2.0,1.0,1.0,departamento,nunez,-34.525002,-58.463857,0,0,0
B,494000.0,72.0,60.0,3.0,2.0,1.0,ph,flores,-34.627213,-58.476274,0,0,0
B,1390000.0,41.0,41.0,2.0,1.0,1.0,ph,palermo,-34.59682,-58.421069,0,0,0
B,575000.0,41.0,41.0,2.0,1.0,1.0,departamento,belgrano,-34.564942,-58.442187,0,0,0
B,332000.0,29.0,29.0,1.0,1.0,1.0,departamento,villa crespo,-34.60082,-58.433128,0,0,0
B,733000.0,84.0,84.0,3.0,2.0,1.0,departamento,boedo,-34.639567,-58.398989,0,0,0
B,496000.0,38.0,38.0,1.0,1.0,1.0,departamento,boedo,-34.617797,-58.413905,0,0,0
B,802000.0,62.0,62.0,3.0,2.0,2.0,ph,boedo,-34.61145,-58.419423,0,0,0
B,689000.0,40.0,40.0,2.0,1.0,1.0,ph,nunez,-34.524894,-58.486266,0,0,0
B,2108000.0,93.0,93.0,5.0,4.0,2.0,departamento,palermo,-34.567229,-58.431407,0,0,0
B,733000.0,144.0,60.0,3.0,2.0,2.0,casa,flores,-34.618678,-58.45705,0,0,0
B,1622000.0,87.0,82.0,3.0,2.0,2.0,ph,almagro,-34.599694,-58.429668,0,0,0
B,474000.0,36.0,36.0,2.0,1.0,1.0,departamento,caballito,-34.603922,-58.433653,0,0,0
B,561000.0,35.0,35.0,2.0,1.0,1.0,departamento,villa crespo,-34.587992,-58.44099,0,0,0
B,663000.0,38.0,38.0,2.0,1.0,1.0,departamento,belgrano,-34.562769,-58.470393,0,0,0
B,1145000.0,93.0,93.0,4.0,3.0,2.0,departamento,flores,-34.608504,-58.460123,0,0,0
B,465000.0,42.0,42.0,3.0,2.0,1.0,departamento,caballito,-34.608679,-58.436378,0,0,0
B,390000.0,34.0,34.0,1.0,1.0,1.0,departamento,flores,-34.62456,-58.449993,1,0,0
B,805000.0,62.0,62.0,3.0,2.0,2.0,departamento,nunez,-34.543096,-58.467753,0,0,0
B,926000.0,101.0,83.0,3.0,2.0,1.0,ph,almagro,-34.611585,-58.407033,0,0,0
B,718000.0,53.0,53.0,3.0,2.0,2.0,departamento,caballito,-34.635806,-58.422023,0,0,0
B,1040000.0,74.0,74.0,3.0,2.0,1.0,departamento,san telmo,-34.625147,-58.354225,0,0,0
B,398000.0,31.0,31.0,2.0,1.0,1.0,departamento,colegiales,-34.574551,-58.450199,0,0,0
B,280000.0,23.0,23.0,2.0,1.0,1.0,departamento,san telmo,-34.618955,-58.369686,0,1,1
B,1613000.0,83.0,83.0,4.0,3.0,2.0,departamento,villa urquiza,-34.565016,-58.463269,0,0,0
B,1450000.0,189.0,72.0,3.0,2.0,2.0,casa,nunez,-34.54422,-58.453241,0,0,0
B,930000.0,30.0,30.0,1.0,1.0,1.0,departamento,belgrano,-34.576629,-58.470414,0,0,0
B,1246000.0,64.0,64.0,3.0,2.0,1.0,departamento,colegiales,-34.566103,-58.452575,0,0,0
B,745000.0,42.0,42.0,2.0,1.0,1.0,departamento,recoleta,-34.573107,-58.372948,0,0,0
B,1875000.0,82.0,74.0,3.0,2.0,1.0,ph,belgrano,-34.549448,-58.462854,0,0,0
B,1092000.0,72.0,72.0,3.0,2.0,2.0,departamento,caballito,-34.634761,-58.443118,0,0,0
B,765000.0,42.0,42.0,2.0,1.0,1.0,departamento,almagro,-34.60911,-58.418248,0,1,0
B,538000.0,77.0,64.0,2.0,1.0,1.0,ph,flores,-34.624376,-58.470569,0,0,0
B,1060000.0,73.0,73.0,4.0,3.0,2.0,departamento,flores,-34.65564,-58.481067,0,0,0
B,4041000.0,203.0,203.0,8.0,7.0,5.0,departamento,colegiales,-34.588991,-58.438262,0,0,0
B,1117000.0,65.0,65.0,3.0,2.0,1.0,departamento,caballito,-34.612883,-58.443714,0,0,0
B,1374000.0,81.0,81.0,3.0,2.0,2.0,departamento,belgrano,-34.556145,-58.454801,0,0,0
B,356000.0,33.0,33.0,1.0,1.0,1.0,departamento,boedo,-34.629101,-58.415609,0,0,0
B,425000.0,37.0,37.0,2.0,1.0,1.0,departamento,villa urquiza,-34.572078,-58.494004,0,0,0
B,642000.0,42.0,42.0,2.0,1.0,1.0,departamento,caballito,-34.613129,-58.463593,0,0,0
B,508000.0,41.0,41.0,2.0,1.0,1.0,departamento,villa urquiza,-34.562195,-58.489795,0,0,0
B,880000.0,54.0,54.0,3.0,2.0,2.0,departamento,caballito,-34.613367,-58.447183,0,0,0
B,436000.0,32.0,32.0,1.0,1.0,1.0,departamento,caballito,-34.62611,-58.457293,0,0,0
B,2041000.0,190.0,108.0,3.0,2.0,2.0,casa,belgrano,-34.543518,-58.464332,0,0,0
B,942000.0,63.0,63.0,3.0,2.0,1.0,departamento,nunez,-34.531744,-58.456597,0,0,0
B,450000.0,47.0,47.0,2.0,1.0,1.0,departamento,san telmo,-34.628499,-58.383765,0,1,0
B,374000.0,22.0,22.0,2.0,1.0,1.0,departamento,nunez,-34.537088,-58.452774,0,0,0
B,915000.0,65.0,65.0,2.0,1.0,1.0,departamento,san telmo,-34.625005,-58.36674,1,0,1
B,1493000.0,72.0,72.0,3.0,2.0,2.0,departamento,palermo,-34.584817,-58.426608,0,0,0
B,1500000.0,86.0,86.0,3.0,2.0,2.0,departamento,san telmo,-34.618608,-58.356514,0,0,0
B,680000.0,38.0,38.0,3.0,2.0,1.0,departamento,caballito,-34.617111,-58.440063,0,0,0
B,527000.0,43.0,43.0,2.0,1.0,1.0,departamento,boedo,-34.626676,-58.400706,0,0,0
B,534000.0,35.0,35.0,3.0,2.0,1.0,departamento,flores,-34.621249,-58.469711,0,1,0
B,2112000.0,124.0,124.0,5.0,1.0,3.0,departamento,nunez,-34.543329,-58.472193,1,0,0
B,620000.0,51.0,51.0,2.0,1.0,1.0,departamento,belgrano,-34.579265,-58.466508,1,0,1
B,690000.0,39.0,39.0,2.0,1.0,1.0,departamento,caballito,-34.628988,-58.434343,0,0,0
B,583000.0,45.0,45.0,2.0,1.0,1.0,departamento,flores,-34.636937,-58.467965,0,0,0
B,914000.0,216.0,63.0,3.0,2.0,1.0,casa,boedo,-34.627836,-58.413609,0,0,0
B,572000.0,45.0,45.0,3.0,2.0,2.0,departamento,flores,-34.64523,-58.473868,0,0,0
B,5946000.0,389.0,278.0,8.0,7.0,5.0,casa,san telmo,-34.632445,-58.365954,0,0,0
B,483000.0,35.0,35.0,2.0,1.0,1.0,departamento,colegiales,-34.558282,-58.43759,0,0,0
B,595000.0,41.0,35.0,2.0,1.0,1.0,ph,caballito,-34.619549,-58.433928,0,0,0
B,1207000.0,87.0,70.0,3.0,1.0,2.0,ph,villa crespo,-34.601908,-58.432498,1,0,0
B,446000.0,42.0,42.0,2.0,1.0,1.0,departamento,san telmo,-34.621602,-58.34055,0,0,0
B,1219000.0,75.0,75.0,4.0,3.0,2.0,departamento,colegiales,-34.585551,-58.437562,0,0,0
B,766000.0,51.0,51.0,2.0,1.0,1.0,departamento,recoleta,-34.564591,-58.392839,0,0,0
B,1807000.0,95.0,95.0,4.0,3.0,2.0,departamento,colegiales,-34.555707,-58.468501,0,0,0
B,298000.0,20.0,20.0,2.0,1.0,1.0,departamento,villa crespo,-34.620155,-58.441438,0,0,0
B,1030000.0,47.0,47.0,2.0,1.0,1.0,departamento,nunez,-34.542738,-58.447463,0,0,0
B,946000.0,48.0,48.0,3.0,2.0,2.0,departamento,belgrano,-34.551169,-58.440106,0,0,0
B,1367000.0,83.0,83.0,4.0,3.0,2.0,departamento,boedo,-34.611198,-58.426241,0,0,0
B,954000.0,63.0,63.0,3.0,2.0,2.0,departamento,villa crespo,-34.593661,-58.427791,0,0,0
B,703000.0,34.0,34.0,1.0,1.0,1.0,departamento,recoleta,-34.586299,-58.408613,0,0,0
B,806000.0,65.0,65.0,2.0,1.0,1.0,departamento,boedo,-34.651395,-58.40788,0,0,0
B,873000.0,45.0,45.0,2.0,1.0,1.0,departamento,villa urquiza,-34.587142,-58.47512,0,0,0
B,525000.0,45.0,45.0,2.0,1.0,1.0,departamento,san telmo,-34.606533,-58.377445,0,0,0
B,1817000.0,93.0,93.0,5.0,4.0,3.0,departamento,belgrano,-34.585427,-58.444452,0,0,0
B,544000.0,50.0,50.0,2.0,1.0,1.0,departamento,flores,-34.620105,-58.468903,0,0,0
B,1390000.0,115.0,115.0,5.0,4.0,3.0,departamento,boedo,-34.649882,-58.41656,0,0,0
B,1159000.0,70.0,70.0,3.0,2.0,2.0,departamento,belgrano,-34.572647,-58.448426,0,0,0
B,1722000.0,72.0,72.0,4.0,3.0,2.0,departamento,caballito,-34.631267,-58.456909,0,0,0
B,1691000.0,300.0,91.0,3.0,2.0,1.0,casa,boedo,-34.63495,-58.419494,0,0,0
B,529000.0,33.0,33.0,1.0,1.0,1.0,departamento,boedo,-34.630792,-58.419296,0,0,0
B,716000.0,68.0,47.0,2.0,1.0,1.0,ph,caballito,-34.616298,-58.423056,0,0,0
B,1170000.0,83.0,75.0,3.0,2.0,1.0,ph,villa crespo,-34.6061,-58.438087,0,0,0
B,602000.0,35.0,35.0,2.0,1.0,1.0,departamento,caballito,-34.614658,-58.437081,0,0,1
B,971000.0,70.0,70.0,3.0,2.0,1.0,departamento,san telmo,-34.608328,-58.356312,0,0,0
B,889000.0,39.0,39.0,2.0,1.0,1.0,departamento,belgrano,-34.565457,-58.446784,0,0,0
B,1032000.0,53.0,53.0,3.0,2.0,1.0,departamento,colegiales,-34.590077,-58.438554,0,0,0
B,464000.0,45.0,45.0,2.0,1.0,1.0,departamento,villa crespo,-34.597962,-58.426119,0,0,0
B,538000.0,34.0,34.0,2.0,1.0,1.0,departamento,villa crespo,-34.596816,-58.432443,0,0,0
B,1103000.0,279.0,82.0,3.0,2.0,1.0,casa,almagro,-34.618469,-58.423127,0,0,0
B,1992000.0,113.0,113.0,2.0,1.0,3.0,departamento,colegiales,-34.582563,-58.447064,1,0,1
B,478000.0,31.0,31.0,1.0,1.0,1.0,departamento,caballito,-34.650093,-58.446555,0,0,0
B,508000.0,35.0,35.0,2.0,1.0,1.0,departamento,palermo,-34.590725,-58.423275,0,0,0
B,1126000.0,63.0,63.0,2.0,1.0,1.0,departamento,colegiales,-34.602597,-58.452874,0,0,0
B,649000.0,32.0,32.0,1.0,1.0,1.0,departamento,colegiales,-34.569838,-58.429955,0,0,0
B,1342000.0,66.0,60.0,2.0,1.0,1.0,ph,nunez,-34.544351,-58.477563,0,1,0
B,1291000.0,84.0,71.0,2.0,1.0,1.0,ph,belgrano,-34.55811,-58.459107,0,0,0
B,404000.0,31.0,31.0,2.0,1.0,1.0,departamento,colegiales,-34.584872,-58.458675,0,0,0
B,208000.0,22.0,22.0,1.0,1.0,1.0,departamento,boedo,-34.617527,-58.407883,0,0,0
B,971000.0,66.0,66.0,3.0,2.0,1.0,departamento,villa urquiza,-34.565156,-58.475059,0,0,0
B,1148000.0,77.0,77.0,4.0,3.0,2.0,departamento,recoleta,-34.599654,-58.392521,0,0,0
B,1089000.0,251.0,73.0,3.0,2.0,1.0,casa,colegiales,-34.566295,-58.443935,0,0,0
B,1457000.0,83.0,83.0,3.0,2.0,1.0,departamento,colegiales,-34.554595,-58.459245,0,0,0
B,667000.0,54.0,54.0,2.0,1.0,1.0,departamento,villa urquiza,-34.572138,-58.478382,0,0,0
B,847000.0,45.0,45.0,2.0,1.0,1.0,departamento,recoleta,-34.569167,-58.373223,0,0,0
B,1638000.0,237.0,102.0,4.0,3.0,2.0,casa,villa crespo,-34.583342,-58.436378,0,0,0
B,1152000.0,73.0,61.0,2.0,1.0,1.0,ph,villa crespo,-34.608735,-58.456814,0,0,0
B,1237000.0,131.0,93.0,4.0,3.0,1.0,ph,villa urquiza,-34.560326,-58.481252,0,1,0
B,972000.0,73.0,73.0,4.0,3.0,2.0,departamento,colegiales,-34.566116,-58.441478,0,0,0
B,1403000.0,336.0,60.0,3.0,2.0,2.0,casa,palermo,-34.576425,-58.424201,0,0,0
B,1602000.0,83.0,56.0,2.0,1.0,1.0,ph,palermo,-34.578173,-58.411044,0,0,0
B,1114000.0,56.0,56.0,3.0,1.0,1.0,departamento,villa crespo,-34.58028,-58.443419,1,0,0
B,819000.0,54.0,54.0,2.0,1.0,1.0,departamento,caballito,-34.64159,-58.434096,0,0,0
B,1433000.0,66.0,66.0,4.0,3.0,2.0,departamento,recoleta,-34.619915,-58.422308,0,0,0
B,883000.0,183.0,72.0,3.0,2.0,2.0,casa,palermo,-34.589169,-58.419407,0,0,0
B,1974000.0,58.0,58.0,2.0,1.0,1.0,departamento,belgrano,-34.54869,-58.455552,0,0,0
B,670000.0,63.0,63.0,2.0,1.0,1.0,departamento,boedo,-34.629155,-58.407602,0,0,0
B,404000.0,36.0,36.0,2.0,1.0,1.0,departamento,boedo,-34.615902,-58.423007,1,0,0
B,777000.0,56.0,56.0,2.0,1.0,1.0,departamento,caballito,-34.613073,-58.431224,0,0,0
B,976000.0,64.0,64.0,3.0,2.0,1.0,departamento,villa urquiza,-34.5799,-58.466289,0,0,0
B,1007000.0,70.0,70.0,3.0,2.0,1.0,departamento,belgrano,-34.555989,-58.454697,0,0,0
B,1293000.0,63.0,63.0,2.0,2.0,2.0,departamento,san telmo,-34.613832,-58.379662,0,0,1
B,984000.0,61.0,61.0,2.0,1.0,1.0,departamento,san telmo,-34.625284,-58.361315,0,0,0
B,1594000.0,110.0,110.0,6.0,5.0,3.0,departamento,villa urquiza,-34.559738,-58.469766,0,0,0
B,892000.0,44.0,44.0,1.0,1.0,1.0,departamento,belgrano,-34.55956,-58.45229,0,0,0
B,454000.0,38.0,38.0,1.0,1.0,1.0,departamento,caballito,-34.609772,-58.446329,0,0,0
B,956000.0,68.0,68.0,3.0,2.0,2.0,departamento,caballito,-34.621248,-58.423303,0,0,0
B,849000.0,71.0,60.0,2.0,1.0,1.0,ph,belgrano,-34.559162,-58.446023,0,0,0
B,1093000.0,98.0,81.0,3.0,2.0,2.0,ph,san telmo,-34.616172,-58.364194,0,0,0
B,605000.0,43.0,43.0,2.0,1.0,1.0,departamento,san telmo,-34.625076,-58.378345,0,0,0
B,510000.0,31.0,31.0,2.0,1.0,1.0,departamento,villa crespo,-34.589075,-58.436104,0,0,0
B,712000.0,50.0,50.0,2.0,1.0,1.0,departamento,villa crespo,-34.584563,-58.433142,0,0,0
B,436000.0,47.0,47.0,2.0,1.0,1.0,departamento,boedo,-34.633019,-58.418196,0,0,0
B,723000.0,60.0,53.0,2.0,1.0,1.0,ph,caballito,-34.607226,-58.457618,0,0,0
B,468000.0,43.0,43.0,2.0,1.0,1.0,departamento,caballito,-34.612287,-58.435693,0,0,1
B,1133000.0,37.0,37.0,2.0,1.0,1.0,departamento,palermo,-34.562861,-58.416356,0,0,0
B,342000.0,33.0,33.0,2.0,1.0,1.0,departamento,villa crespo,-34.582167,-58.429751,0,0,0
B,576000.0,44.0,44.0,2.0,1.0,1.0,departamento,caballito,-34.610091,-58.430879,0,0,0
B,821000.0,67.0,67.0,3.0,2.0,1.0,departamento,flores,-34.639529,-58.449617,0,0,0
B,1077000.0,77.0,77.0,4.0,3.0,2.0,departamento,boedo,-34.634569,-58.422212,0,0,0
B,667000.0,41.0,41.0,1.0,1.0,1.0,departamento,villa urquiza,-34.588902,-58.465907,0,0,0
B,1678000.0,75.0,75.0,4.0,3.0,2.0,departamento,san telmo,-34.642327,-58.371692,0,0,0
B,1751000.0,100.0,100.0,4.0,3.0,2.0,departamento,san telmo,-34.623232,-58.365594,0,0,0
B,2074000.0,125.0,125.0,6.0,5.0,4.0,departamento,villa crespo,-34.575374,-58.44578,0,0,0
B,1611000.0,84.0,84.0,2.0,4.0,3.0,departamento,boedo,-34.641286,-58.418386,0,0,1
B,872000.0,46.0,46.0,2.0,1.0,1.0,departamento,palermo,-34.565629,-58.434065,0,0,0
B,624000.0,47.0,47.0,3.0,2.0,1.0,departamento,recoleta,-34.60363,-58.382261,0,1,0
B,1376000.0,73.0,73.0,4.0,3.0,2.0,departamento,almagro,-34.603771,-58.416433,0,0,0
B,2373000.0,82.0,82.0,3.0,2.0,1.0,ph,nunez,-34.54907,-58.459496,0,0,0
B,1514000.0,120.0,104.0,3.0,2.0,1.0,ph,colegiales,-34.570137,-58.453989,0,0,0
B,743000.0,45.0,45.0,2.0,1.0,1.0,ph,villa urquiza,-34.569544,-58.479685,0,0,0
B,3300000.0,92.0,92.0,4.0,3.0,3.0,departamento,recoleta,-34.58789,-58.399386,0,0,0
B,601000.0,48.0,48.0,2.0,1.0,1.0,departamento,nunez,-34.548428,-58.443496,0,0,0
B,823000.0,83.0,83.0,4.0,3.0,2.0,departamento,boedo,-34.625208,-58.411293,0,0,0
B,368000.0,33.0,33.0,2.0,1.0,1.0,departamento,belgrano,-34.556712,-58.449503,0,0,0
B,882000.0,58.0,58.0,3.0,1.0,2.0,departamento,recoleta,-34.567181,-58.396162,1,0,0
B,1611000.0,77.0,77.0,4.0,3.0,2.0,departamento,villa urquiza,-34.571694,-58.490842,0,0,0
B,1335000.0,88.0,88.0,4.0,3.0,1.0,departamento,caballito,-34.630563,-58.422679,0,0,0
B,318000.0,37.0,37.0,2.0,1.0,1.0,departamento,flores,-34.641499,-58.458893,0,0,0
B,1016000.0,67.0,67.0,3.0,2.0,1.0,departamento,almagro,-34.625097,-58.40355,0,0,0
B,932000.0,45.0,45.0,3.0,2.0,2.0,departamento,nunez,-34.550526,-58.480098,0,0,0
B,633000.0,40.0,40.0,2.0,1.0,1.0,departamento,colegiales,-34.558329,-58.459959,0,0,0
B,907000.0,54.0,54.0,2.0,1.0,1.0,departamento,nunez,-34.525002,-58.463857,0,1,0
B,586000.0,48.0,48.0,2.0,1.0,1.0,departamento,colegiales,-34.549451,-58.437973,0,1,0
B,494000.0,47.0,47.0,2.0,1.0,1.0,departamento,caballito,-34.614327,-58.443888,0,0,0
B,591000.0,55.0,46.0,3.0,2.0,2.0,ph,villa urquiza,-34.561766,-58.49092,0,0,0
B,4171000.0,190.0,190.0,7.0,6.0,4.0,casa,villa urquiza,-34.595908,-58.478073,0,0,0
B,562000.0,40.0,40.0,1.0,1.0,1.0,departamento,caballito,-34.615795,-58.429324,0,0,0
B,271000.0,20.0,20.0,1.0,1.0,1.0,departamento,villa urquiza,-34.579792,-58.477663,0,0,0
B,340000.0,35.0,35.0,1.0,1.0,1.0,departamento,flores,-34.640002,-58.459029,0,0,0
B,546000.0,43.0,43.0,2.0,1.0,1.0,departamento,colegiales,-34.563083,-58.451076,0,0,0
B,174000.0,25.0,25.0,2.0,1.0,1.0,departamento,boedo,-34.609608,-58.409187,0,0,0
B,578000.0,28.0,28.0,1.0,1.0,1.0,departamento,almagro,-34.611529,-58.418768,0,0,0
B,1546000.0,95.0,87.0,4.0,3.0,2.0,ph,caballito,-34.603088,-58.447834,0,0,0
B,801000.0,85.0,85.0,4.0,3.0,2.0,departamento,san telmo,-34.60978,-58.35803,0,0,0
B,1324000.0,84.0,84.0,3.0,2.0,2.0,departamento,nunez,-34.552294,-58.44104,0,0,0
B,1878000.0,105.0,105.0,5.0,4.0,3.0,departamento,belgrano,-34.567659,-58.458671,0,0,0
B,931000.0,61.0,61.0,4.0,3.0,2.0,departamento,villa crespo,-34.605415,-58.43405,0,0,0
B,1484000.0,95.0,82.0,3.0,2.0,1.0,ph,villa urquiza,-34.570683,-58.488098,0,0,0
B,1691000.0,88.0,88.0,4.0,3.0,2.0,departamento,belgrano,-34.571215,-58.452628,0,0,0
B,1459000.0,94.0,94.0,3.0,2.0,1.0,departamento,flores,-34.623052,-58.464319,0,0,0
B,1184000.0,80.0,80.0,5.0,4.0,3.0,departamento,san telmo,-34.624667,-58.362401,0,0,0
B,800000.0,216.0,60.0,3.0,2.0,1.0,casa,villa urquiza,-34.576983,-58.476902,0,0,0
B,556000.0,84.0,84.0,2.0,1.0,1.0,ph,villa urquiza,-34.551724,-58.491331,0,0,0
B,1958000.0,117.0,117.0,6.0,5.0,3.0,departamento,san telmo,-34.618723,-58.370764,0,0,0
B,686000.0,61.0,61.0,2.0,1.0,1.0,departamento,boedo,-34.631064,-58.410462,0,0,0
B,889000.0,39.0,39.0,2.0,1.0,1.0,departamento,belgrano,-34.565457,-58.446784,0,0,0
B,413000.0,39.0,39.0,3.0,2.0,1.0,departamento,nunez,-34.538831,-58.444392,0,0,0
B,1391000.0,58.0,58.0,3.0,2.0,2.0,departamento,villa crespo,-34.615564,-58.447807,0,0,0
B,3711000.0,377.0,281.0,8.0,7.0,5.0,casa,flores,-34.629647,-58.466161,0,0,0
B,745000.0,50.0,50.0,2.0,1.0,1.0,departamento,nunez,-34.542074,-58.47792,0,0,0
B,612000.0,37.0,37.0,2.0,1.0,1.0,departamento,almagro,-34.606629,-58.409518,0,0,0
B,809000.0,55.0,50.0,2.0,1.0,1.0,ph,villa urquiza,-34.553713,-58.485165,0,0,0
B,1082000.0,215.0,61.0,2.0,2.0,1.0,casa,villa urquiza,-34.583886,-58.472707,0,0,1
B,471000.0,36.0,36.0,1.0,1.0,1.0,departamento,nunez,-34.581854,-58.453664,0,0,0
B,1192000.0,87.0,87.0,5.0,4.0,3.0,departamento,almagro,-34.612513,-58.402542,0,0,0
B,768000.0,152.0,61.0,3.0,2.0,1.0,casa,villa urquiza,-34.564049,-58.485142,0,0,0
B,1700000.0,159.0,82.0,3.0,2.0,2.0,casa,recoleta,-34.599062,-58.407047,0,0,0
B,1357000.0,81.0,81.0,4.0,3.0,2.0,departamento,nunez,-34.548029,-58.458913,0,0,0
B,562000.0,40.0,40.0,1.0,1.0,1.0,departamento,villa urquiza,-34.563231,-58.489189,0,1,0
B,926000.0,51.0,51.0,3.0,2.0,1.0,departamento,villa crespo,-34.612779,-58.428175,0,0,0
B,1158000.0,77.0,77.0,3.0,2.0,1.0,ph,villa crespo,-34.600187,-58.448525,0,0,0
B,952000.0,48.0,48.0,2.0,1.0,1.0,departamento,belgrano,-34.55729,-58.473327,0,0,0
B,493000.0,61.0,37.0,2.0,1.0,1.0,ph,caballito,-34.614108,-58.44563,0,0,0
B,1996000.0,80.0,80.0,4.0,3.0,2.0,departamento,villa crespo,-34.609996,-58.448043,0,0,0
B,1355000.0,74.0,74.0,3.0,2.0,1.0,departamento,colegiales,-34.577789,-58.450276,0,0,0
B,1889000.0,82.0,82.0,4.0,3.0,3.0,departamento,palermo,-34.577826,-58.435777,0,0,0
B,1715000.0,86.0,86.0,4.0,3.0,3.0,departamento,belgrano,-34.548563,-58.448695,0,0,0
B,946000.0,48.0,48.0,3.0,2.0,2.0,departamento,belgrano,-34.551169,-58.440106,0,0,0
B,1163000.0,67.0,67.0,3.0,1.0,1.0,departamento,recoleta,-34.586837,-58.391359,1,0,0
B,492000.0,42.0,42.0,3.0,2.0,1.0,departamento,boedo,-34.648653,-58.418301,0,0,0
B,3717000.0,157.0,157.0,5.0,4.0,3.0,casa,colegiales,-34.578879,-58.445088,0,0,0
B,426000.0,42.0,42.0,2.0,1.0,1.0,departamento,villa crespo,-34.606855,-58.436421,0,0,0
B,3023000.0,168.0,146.0,5.0,4.0,3.0,ph,belgrano,-34.571544,-58.460045,0,0,0
B,960000.0,61.801903990277495,55.488150698804944,2.0,1.0,1.0,departamento,recoleta,-34.591115,-58.386134,0,0,0
B,1761000.0,76.0,76.0,3.0,2.0,1.0,departamento,recoleta,-34.586758,-58.4066,0,0,0
B,920000.0,116.0,64.0,3.0,2.0,1.0,ph,nunez,-34.530882,-58.439769,0,0,0
B,479000.0,34.0,34.0,2.0,1.0,1.0,departamento,caballito,-34.648914,-58.44599,1,0,1
B,680000.0,61.0,61.0,3.0,2.0,2.0,departamento,san telmo,-34.605571,-58.37994,0,0,0
B,431000.0,42.0,42.0,2.0,1.0,1.0,departamento,flores,-34.615099,-58.468096,0,0,0
B,1253000.0,82.0,82.0,3.0,2.0,1.0,departamento,nunez,-34.542726,-58.471383,0,0,0
B,703000.0,37.0,37.0,2.0,1.0,1.0,departamento,almagro,-34.603466,-58.420861,0,0,0
B,674000.0,36.0,36.0,2.0,1.0,1.0,departamento,almagro,-34.600346,-58.398064,0,0,0
B,494000.0,35.0,35.0,2.0,1.0,1.0,ph,palermo,-34.554519,-58.426816,0,0,0
B,1735000.0,215.0,107.0,3.0,2.0,2.0,casa,flores,-34.626141,-58.45543,0,0,0
B,604000.0,34.0,34.0,2.0,1.0,1.0,departamento,villa crespo,-34.607799,-58.441714,0,0,1
B,1207000.0,107.0,107.0,6.0,5.0,4.0,departamento,almagro,-34.631544,-58.434625,0,0,0
B,787000.0,50.0,50.0,1.0,1.0,1.0,departamento,san telmo,-34.603886,-58.362293,0,0,0
B,1468000.0,87.0,87.0,3.0,2.0,1.0,departamento,colegiales,-34.567119,-58.4321,0,0,0
B,1236000.0,173.0,64.0,3.0,2.0,1.0,casa,san telmo,-34.626142,-58.355791,0,0,0
B,933000.0,51.0,51.0,2.0,1.0,1.0,departamento,belgrano,-34.558341,-58.460381,0,0,0
B,1031000.0,75.0,75.0,3.0,2.0,2.0,departamento,caballito,-34.611113,-58.434694,0,0,0
B,760000.0,34.0,34.0,2.0,1.0,1.0,departamento,palermo,-34.604447,-58.422655,0,0,0
B,1595000.0,247.0,78.0,3.0,2.0,2.0,casa,villa crespo,-34.59363,-58.435113,0,0,0
B,774000.0,52.0,52.0,3.0,2.0,1.0,departamento,recoleta,-34.587868,-58.40483,0,0,0
B,784000.0,70.0,70.0,4.0,3.0,2.0,departamento,caballito,-34.621117,-58.435756,0,0,0
B,226000.0,20.0,20.0,1.0,1.0,1.0,departamento,caballito,-34.617985,-58.458838,0,0,0
B,1264000.0,63.0,63.0,2.0,1.0,1.0,departamento,palermo,-34.582206,-58.408488,0,0,0
B,1274000.0,76.0,76.0,2.0,2.0,2.0,departamento,caballito,-34.607155,-58.442218,0,0,1
B,626000.0,48.0,48.0,2.0,1.0,1.0,departamento,villa urquiza,-34.578328,-58.505353,0,0,0
B,1221000.0,86.0,79.0,3.0,2.0,1.0,ph,recoleta,-34.587135,-58.378508,0,0,0
B,3527000.0,385.0,127.0,4.0,3.0,2.0,casa,colegiales,-34.572738,-58.463482,0,0,0
B,698000.0,75.0,42.0,2.0,1.0,1.0,ph,villa crespo,-34.608107,-58.415456,0,0,0
B,1493000.0,72.0,72.0,3.0,2.0,2.0,departamento,palermo,-34.584817,-58.426608,0,0,0
B,1187000.0,80.0,80.0,4.0,3.0,2.0,departamento,villa urquiza,-34.581251,-58.505827,0,0,0
B,518000.0,53.0,48.0,2.0,1.0,1.0,ph,nunez,-34.538812,-58.443538,0,0,1
B,1071000.0,67.0,67.0,3.0,2.0,1.0,departamento,flores,-34.618214,-58.461987,0,0,0
B,210000.0,22.0,22.0,1.0,1.0,1.0,departamento,boedo,-34.616473,-58.42039,0,0,0
B,976000.0,72.0,72.0,3.0,2.0,1.0,departamento,san telmo,-34.619504,-58.368582,0,0,0
B,764000.0,41.0,41.0,2.0,1.0,1.0,departamento,belgrano,-34.570613,-58.454618,0,0,0
B,915000.0,35.0,35.0,1.0,1.0,1.0,departamento,palermo,-34.570897,-58.432461,0,0,0
B,456000.0,43.0,43.0,2.0,1.0,1.0,departamento,flores,-34.617842,-58.467742,0,0,0
B,461000.0,36.0,36.0,1.0,1.0,1.0,departamento,almagro,-34.608885,-58.423961,0,0,0
B,718000.0,38.0,38.0,1.0,1.0,1.0,departamento,caballito,-34.613162,-58.441645,0,0,0
B,510000.0,35.0,35.0,1.0,1.0,1.0,departamento,belgrano,-34.570986,-58.459888,0,0,0
B,293000.0,25.0,25.0,1.0,1.0,1.0,departamento,colegiales,-34.571497,-58.45056,0,0,0
B,1795000.0,106.0,106.0,6.0,5.0,4.0,departamento,flores,-34.605674,-58.458366,0,0,0
B,610000.0,67.0,57.0,2.0,1.0,1.0,ph,boedo,-34.64614,-58.415367,0,0,0
B,767000.0,50.0,50.0,2.0,1.0,1.0,departamento,san telmo,-34.633172,-58.378347,0,0,0
B,1047000.0,45.0,45.0,2.0,1.0,1.0,departamento,recoleta,-34.571067,-58.399865,0,0,0
B,1122000.0,97.0,97.0,4.0,3.0,2.0,departamento,boedo,-34.615153,-58.422755,0,0,0
B,1114000.0,56.0,56.0,3.0,2.0,1.0,departamento,villa crespo,-34.58028,-58.443419,0,0,0
B,703000.0,37.0,37.0,2.0,1.0,1.0,departamento,almagro,-34.603466,-58.420861,0,0,0
B,1089000.0,73.0,73.0,3.0,2.0,1.0,casa,colegiales,-34.566295,-58.443935,0,0,0
B,663000.0,55.0,49.0,2.0,1.0,1.0,ph,recoleta,-34.592583,-58.42663,0,0,0
B,3476000.0,138.0,138.0,5.0,4.0,3.0,casa,recoleta,-34.563905,-58.375894,0,0,0
B,1088000.0,53.0,53.0,2.0,1.0,1.0,departamento,nunez,-34.540651,-58.460245,0,0,0
B,1190000.0,84.0,75.0,4.0,1.0,2.0,ph,flores,-34.630045,-58.456662,1,0,0
B,1934000.0,146.0,146.0,7.0,6.0,4.0,departamento,boedo,-34.628234,-58.440623,0,0,0
B,1950000.0,91.0,91.0,3.0,2.0,2.0,ph,colegiales,-34.564633,-58.468634,0,0,0
B,553000.0,56.0,56.0,3.0,2.0,2.0,departamento,villa crespo,-34.585173,-58.43898,0,0,0
B,2864000.0,134.0,134.0,6.0,5.0,3.0,departamento,belgrano,-34.549652,-58.452435,0,0,0
B,255000.0,26.0,26.0,2.0,1.0,1.0,departamento,san telmo,-34.606443,-58.370299,0,0,0
B,1507000.0,79.0,79.0,4.0,3.0,2.0,departamento,caballito,-34.628781,-58.429582,0,0,0
B,1394000.0,88.0,82.0,4.0,3.0,2.0,ph,belgrano,-34.561956,-58.464387,0,0,0
B,1113000.0,74.0,74.0,4.0,3.0,2.0,departamento,boedo,-34.631268,-58.417224,0,0,0
B,1072000.0,66.0,66.0,3.0,2.0,2.0,departamento,san telmo,-34.618432,-58.362102,0,0,0
B,557000.0,28.0,28.0,2.0,1.0,1.0,departamento,colegiales,-34.572511,-58.434624,0,0,0
B,1117000.0,56.0,56.0,3.0,1.0,1.0,departamento,villa urquiza,-34.574804,-58.487467,1,0,0
B,823000.0,60.0,47.0,2.0,1.0,1.0,ph,palermo,-34.580394,-58.41206,0,0,0
B,741000.0,79.0,79.0,4.0,3.0,2.0,departamento,boedo,-34.616989,-58.429093,0,0,0
B,1101000.0,85.0,85.0,4.0,3.0,2.0,departamento,flores,-34.63305,-58.467129,0,0,0
B,1525000.0,126.0,126.0,2.0,6.0,4.0,departamento,flores,-34.648214,-58.477176,0,0,1
B,1638000.0,283.0,60.0,3.0,2.0,2.0,casa,belgrano,-34.569861,-58.454756,0,0,0
B,675000.0,42.0,42.0,1.0,1.0,1.0,departamento,villa crespo,-34.601907,-58.429552,0,0,0
B,304000.0,30.0,30.0,1.0,1.0,1.0,departamento,boedo,-34.636829,-58.408599,0,0,0
B,473000.0,26.0,26.0,1.0,1.0,1.0,departamento,villa crespo,-34.610684,-58.419684,0,0,0
B,833000.0,58.0,58.0,3.0,2.0,2.0,departamento,boedo,-34.621971,-58.403711,0,0,0
B,1287000.0,57.0,57.0,2.0,1.0,1.0,departamento,nunez,-34.571963,-58.47028,0,0,0
B,1602000.0,84.0,84.0,3.0,1.0,1.0,departamento,caballito,-34.618649,-58.434824,1,0,0
B,2242000.0,113.0,113.0,2.0,4.0,3.0,ph,villa crespo,-34.6201,-58.453577,0,0,1
B,345000.0,29.0,29.0,1.0,1.0,1.0,departamento,san telmo,-34.617152,-58.37307,0,0,0
B,242000.0,22.0,22.0,1.0,1.0,1.0,departamento,villa crespo,-34.58687,-58.433486,0,0,0
B,1408000.0,90.0,90.0,4.0,3.0,2.0,departamento,nunez,-34.548623,-58.463395,0,0,0
B,451000.0,42.0,42.0,2.0,1.0,1.0,departamento,san telmo,-34.62522,-58.35778,0,0,0
B,1030000.0,47.0,47.0,1.0,1.0,1.0,departamento,nunez,-34.551025,-58.475255,0,0,0
B,318000.0,25.0,25.0,1.0,1.0,1.0,departamento,san telmo,-34.628003,-58.357959,0,0,0
B,630000.0,34.0,34.0,1.0,1.0,1.0,departamento,almagro,-34.595805,-58.413916,0,0,0
B,377000.0,41.0,41.0,2.0,1.0,1.0,departamento,san telmo,-34.619352,-58.336982,0,0,0
B,807000.0,58.0,58.0,3.0,2.0,2.0,departamento,san telmo,-34.627177,-58.369078,0,0,0
B,1522000.0,126.0,116.0,4.0,3.0,2.0,ph,almagro,-34.59699,-58.428701,0,0,0
B,3874000.0,127.0,127.0,6.0,5.0,4.0,departamento,nunez,-34.552689,-58.457889,0,0,0
B,870000.0,45.0,45.0,2.0,1.0,1.0,departamento,nunez,-34.530901,-58.465446,0,0,0
B,744000.0,56.0,56.0,3.0,2.0,2.0,departamento,villa crespo,-34.609281,-58.444882,0,0,0
B,673000.0,31.0,31.0,1.0,1.0,1.0,departamento,belgrano,-34.545833,-58.464491,0,0,0
B,331000.0,61.801903990277495,55.488150698804944,1.0,1.0,1.0,departamento,villa urquiza,-34.573703,-58.491071,0,0,0
B,638000.0,52.0,52.0,3.0,2.0,1.0,departamento,flores,-34.630536,-58.444897,0,0,0
B,678000.0,38.0,38.0,2.0,1.0,1.0,departamento,nunez,-34.539371,-58.461436,0,0,0
B,423000.0,30.0,30.0,1.0,1.0,1.0,departamento,recoleta,-34.601278,-58.36412,0,0,0
B,675000.0,34.0,34.0,2.0,1.0,1.0,departamento,caballito,-34.623763,-58.441476,0,0,0
B,611000.0,44.0,44.0,1.0,1.0,1.0,departamento,belgrano,-34.568979,-58.48077,0,0,0
B,741000.0,44.0,44.0,2.0,1.0,1.0,departamento,villa urquiza,-34.57479,-58.473988,0,0,0
B,1611000.0,97.0,86.0,4.0,3.0,2.0,ph,palermo,-34.570324,-58.431978,0,0,0
B,694000.0,46.0,46.0,3.0,2.0,2.0,departamento,palermo,-34.557286,-58.414892,0,0,0
B,1666000.0,195.0,122.0,3.0,2.0,1.0,casa,villa urquiza,-34.595312,-58.498771,0,0,0
B,486000.0,33.0,33.0,2.0,1.0,1.0,departamento,recoleta,-34.569114,-58.389512,0,0,0
B,468000.0,36.0,36.0,2.0,1.0,1.0,departamento,san telmo,-34.625113,-58.37685,0,0,0
B,1889000.0,86.0,86.0,3.0,2.0,2.0,ph,villa crespo,-34.595327,-58.435083,0,0,0
B,869000.0,64.0,64.0,2.0,1.0,1.0,departamento,recoleta,-34.579676,-58.375986,0,0,0
B,1980000.0,189.0,63.0,3.0,2.0,1.0,casa,recoleta,-34.592114,-58.405334,0,0,0
B,1178000.0,66.0,54.0,2.0,1.0,1.0,ph,caballito,-34.640949,-58.416789,0,0,0
B,1875000.0,82.0,74.0,3.0,2.0,1.0,ph,belgrano,-34.549448,-58.462854,0,0,0
B,1199000.0,56.0,56.0,3.0,2.0,1.0,departamento,colegiales,-34.555879,-58.445735,0,0,0
B,305000.0,38.0,38.0,3.0,2.0,1.0,departamento,flores,-34.619467,-58.480679,0,0,0
B,1016000.0,279.0,81.0,3.0,2.0,1.0,casa,almagro,-34.614856,-58.407645,0,0,0
B,269000.0,30.0,30.0,1.0,1.0,1.0,departamento,flores,-34.624004,-58.464356,0,0,0
B,454000.0,36.0,36.0,2.0,1.0,1.0,departamento,san telmo,-34.615764,-58.368018,0,0,0
B,386000.0,61.801903990277495,55.488150698804944,1.0,1.0,1.0,departamento,caballito,-34.618253,-58.44975,0,0,0
B,608000.0,37.0,37.0,1.0,1.0,1.0,departamento,boedo,-34.618888,-58.415446,0,0,0
B,1735000.0,101.0,84.0,3.0,2.0,1.0,ph,nunez,-34.547702,-58.460629,0,1,0
B,2159000.0,86.0,86.0,2.0,2.0,1.0,departamento,recoleta,-34.594203,-58.403858,0,0,1
B,1535000.0,99.0,92.0,4.0,3.0,2.0,ph,flores,-34.643271,-58.478311,0,0,0
B,561000.0,36.0,36.0,1.0,1.0,1.0,departamento,villa urquiza,-34.591021,-58.502019,0,0,0
B,331000.0,34.0,34.0,1.0,1.0,1.0,departamento,villa urquiza,-34.573703,-58.491071,0,0,0
B,675000.0,65.0,65.0,3.0,2.0,1.0,ph,colegiales,-34.575778,-58.46064,0,0,0
B,846000.0,51.0,51.0,3.0,2.0,1.0,departamento,nunez,-34.523712,-58.47009,0,0,0
B,224000.0,20.0,20.0,1.0,1.0,1.0,departamento,san telmo,-34.628655,-58.363946,0,0,0
B,315000.0,38.0,38.0,2.0,1.0,1.0,departamento,almagro,-34.61189,-58.401925,0,0,1
B,967000.0,62.0,62.0,3.0,2.0,1.0,departamento,colegiales,-34.594001,-58.436692,0,0,0
B,965000.0,53.0,53.0,2.0,1.0,1.0,departamento,nunez,-34.544955,-58.460292,0,0,0
B,2582000.0,160.0,150.0,5.0,4.0,3.0,ph,san telmo,-34.607642,-58.372779,0,0,0
B,692000.0,59.0,59.0,3.0,2.0,1.0,departamento,caballito,-34.620386,-58.439229,0,0,0
B,1183000.0,74.0,74.0,3.0,2.0,2.0,departamento,villa urquiza,-34.556263,-58.504789,0,0,0
B,971000.0,66.0,66.0,3.0,2.0,1.0,departamento,villa urquiza,-34.565156,-58.475059,0,0,0
B,1068000.0,51.0,51.0,2.0,1.0,1.0,departamento,recoleta,-34.590084,-58.392243,0,1,0
B,742000.0,52.0,52.0,3.0,2.0,2.0,departamento,nunez,-34.526385,-58.46096,0,0,0
B,524000.0,41.0,41.0,3.0,2.0,1.0,departamento,boedo,-34.610632,-58.423211,0,0,0
B,750000.0,38.0,38.0,1.0,1.0,1.0,departamento,recoleta,-34.592853,-58.391778,0,0,0
B,833000.0,32.0,32.0,2.0,1.0,1.0,departamento,recoleta,-34.579916,-58.405938,0,0,0
B,1958000.0,101.0,101.0,4.0,3.0,2.0,casa,san telmo,-34.609444,-58.368309,0,0,0
B,521000.0,32.0,32.0,1.0,1.0,1.0,departamento,boedo,-34.618831,-58.420016,0,0,0
B,955000.0,50.0,50.0,2.0,1.0,1.0,departamento,nunez,-34.551987,-58.468544,0,1,0
B,771000.0,42.0,42.0,1.0,1.0,1.0,departamento,palermo,-34.566437,-58.41217,0,0,0
B,714000.0,59.0,59.0,2.0,1.0,1.0,departamento,villa crespo,-34.600491,-58.421029,0,0,0
B,438000.0,39.0,39.0,3.0,2.0,1.0,departamento,boedo,-34.642956,-58.423918,0,0,0
B,880000.0,54.0,54.0,3.0,2.0,1.0,departamento,caballito,-34.613367,-58.447183,0,1,0
B,1129000.0,78.0,78.0,4.0,3.0,2.0,departamento,boedo,-34.598053,-58.411041,0,0,0
B,760000.0,54.0,54.0,3.0,2.0,1.0,departamento,villa urquiza,-34.579066,-58.493484,0,0,0
B,479000.0,35.0,35.0,1.0,1.0,1.0,departamento,belgrano,-34.559268,-58.470054,0,0,0
B,469000.0,42.0,42.0,2.0,1.0,1.0,departamento,recoleta,-34.596602,-58.39947,0,0,0
B,740000.0,58.0,53.0,2.0,1.0,1.0,ph,villa urquiza,-34.571093,-58.4903,0,0,0
B,959000.0,145.0,60.0,3.0,2.0,1.0,casa,san telmo,-34.623944,-58.364479,0,0,0
B,797000.0,38.0,38.0,2.0,1.0,1.0,departamento,palermo,-34.59757,-58.432253,0,0,0
B,996000.0,81.0,81.0,3.0,2.0,1.0,departamento,flores,-34.633708,-58.465265,0,0,0
B,1020000.0,194.0,86.0,3.0,2.0,1.0,casa,flores,-34.620478,-58.485644,0,0,0
B,4842000.0,141.0,131.0,5.0,4.0,3.0,ph,recoleta,-34.588833,-58.372296,0,0,0
B,611000.0,28.0,28.0,1.0,1.0,1.0,departamento,nunez,-34.550208,-58.445053,0,0,0
B,580000.0,36.0,36.0,2.0,1.0,1.0,departamento,nunez,-34.531881,-58.446646,0,0,0
B,545000.0,41.0,41.0,3.0,2.0,2.0,departamento,belgrano,-34.56085,-58.473533,0,0,0
B,1821000.0,50.0,50.0,1.0,1.0,1.0,departamento,recoleta,-34.589461,-58.38758,1,0,0
B,669000.0,35.0,35.0,2.0,1.0,1.0,departamento,colegiales,-34.58141,-58.449381,0,0,0
B,554000.0,40.0,40.0,2.0,1.0,1.0,ph,almagro,-34.618241,-58.400513,0,0,0
B,996000.0,145.0,60.0,3.0,2.0,2.0,casa,colegiales,-34.582517,-58.4816,0,0,0
B,1722000.0,86.0,86.0,4.0,1.0,2.0,departamento,belgrano,-34.582013,-58.478977,1,0,0
B,482000.0,26.0,26.0,1.0,1.0,1.0,departamento,palermo,-34.578958,-58.420772,0,0,0
B,899000.0,50.0,50.0,3.0,2.0,2.0,departamento,recoleta,-34.61027,-58.376439,0,0,0
B,235000.0,26.0,26.0,1.0,1.0,1.0,departamento,flores,-34.636246,-58.466288,0,0,0
B,432000.0,42.0,42.0,2.0,1.0,1.0,departamento,villa urquiza,-34.593233,-58.49722,0,0,0
B,1663000.0,91.0,91.0,4.0,3.0,2.0,departamento,almagro,-34.601338,-58.418509,0,0,0
B,541000.0,38.0,38.0,2.0,1.0,1.0,departamento,boedo,-34.641968,-58.406713,0,0,0
B,774000.0,30.0,30.0,3.0,2.0,1.0,departamento,belgrano,-34.547592,-58.448976,0,0,0
B,1775000.0,61.0,61.0,3.0,2.0,1.0,departamento,recoleta,-34.601078,-58.387177,0,0,0
B,476000.0,29.0,29.0,1.0,1.0,1.0,departamento,belgrano,-34.560964,-58.452216,0,0,0
B,515000.0,33.0,33.0,1.0,1.0,1.0,departamento,palermo,-34.582313,-58.400146,0,0,0
B,1383000.0,86.0,86.0,3.0,2.0,2.0,ph,recoleta,-34.58732,-58.388644,0,0,0
B,1788000.0,123.0,114.0,4.0,3.0,2.0,ph,colegiales,-34.558384,-58.427282,0,0,0
B,716000.0,69.0,69.0,3.0,2.0,2.0,departamento,san telmo,-34.62496,-58.400428,0,0,0
B,685000.0,46.0,46.0,2.0,1.0,1.0,departamento,villa crespo,-34.594668,-58.434218,0,0,0
B,2272000.0,211.0,104.0,4.0,3.0,3.0,casa,villa crespo,-34.602583,-58.434712,0,0,0
B,860000.0,49.0,40.0,2.0,1.0,1.0,ph,villa crespo,-34.607257,-58.440383,0,0,0
B,1226000.0,277.0,90.0,3.0,2.0,1.0,casa,colegiales,-34.579386,-58.436016,0,0,0
B,590000.0,54.0,54.0,2.0,2.0,2.0,departamento,san telmo,-34.607734,-58.40172,0,0,1
B,1527000.0,103.0,103.0,5.0,4.0,3.0,departamento,palermo,-34.579021,-58.433581,0,0,0
B,460000.0,43.0,43.0,1.0,1.0,1.0,departamento,colegiales,-34.57833,-58.433337,0,0,0
B,425000.0,41.0,41.0,2.0,1.0,1.0,departamento,almagro,-34.615321,-58.390882,0,0,0
B,528000.0,30.0,30.0,2.0,1.0,1.0,departamento,colegiales,-34.575508,-58.46198,0,1,0
B,206000.0,20.0,20.0,2.0,1.0,1.0,departamento,almagro,-34.615828,-58.442746,0,0,1
B,277000.0,24.0,24.0,1.0,1.0,1.0,departamento,boedo,-34.620723,-58.422026,0,0,0
B,1068000.0,44.0,44.0,2.0,1.0,1.0,departamento,palermo,-34.566521,-58.415882,0,0,0
B,302000.0,20.0,20.0,1.0,1.0,1.0,departamento,belgrano,-34.583066,-58.467672,0,0,0
B,1438000.0,130.0,130.0,4.0,3.0,2.0,ph,boedo,-34.630087,-58.42232,0,0,0
B,2092000.0,132.0,132.0,6.0,5.0,3.0,departamento,villa crespo,-34.599104,-58.43035,0,0,0
B,1750000.0,144.0,136.0,4.0,3.0,2.0,ph,recoleta,-34.600079,-58.388315,0,0,0
B,475000.0,36.0,36.0,2.0,1.0,1.0,departamento,nunez,-34.539837,-58.446051,0,0,0
B,886000.0,107.0,107.0,6.0,5.0,4.0,departamento,almagro,-34.624018,-58.433163,0,0,0
B,723000.0,58.0,58.0,2.0,1.0,1.0,departamento,flores,-34.637914,-58.458895,0,0,0
B,930000.0,30.0,30.0,1.0,1.0,1.0,departamento,belgrano,-34.576629,-58.470414,0,0,0
B,1125000.0,77.0,72.0,3.0,2.0,1.0,ph,flores,-34.635689,-58.482565,0,0,0
B,1604000.0,232.0,100.0,3.0,1.0,1.0,casa,nunez,-34.550353,-58.458249,1,0,0
B,728000.0,40.0,40.0,1.0,1.0,1.0,departamento,belgrano,-34.57625,-58.453123,0,1,0
B,611000.0,43.0,41.0,2.0,1.0,1.0,ph,colegiales,-34.561545,-58.462268,0,0,0
B,2025000.0,87.0,87.0,2.0,3.0,2.0,ph,palermo,-34.576734,-58.440699,0,0,1
B,1108000.0,60.0,60.0,2.0,1.0,1.0,departamento,villa crespo,-34.592529,-58.444093,1,0,0
B,680000.0,73.0,73.0,3.0,2.0,2.0,departamento,san telmo,-34.615033,-58.399092,0,0,0
B,1390000.0,61.0,61.0,2.0,1.0,1.0,ph,palermo,-34.59682,-58.421069,0,0,0
B,3575000.0,258.0,162.0,5.0,1.0,3.0,casa,nunez,-34.542998,-58.465668,1,0,0
B,1473000.0,87.0,87.0,4.0,3.0,2.0,departamento,colegiales,-34.573474,-58.451764,0,0,0
B,579000.0,36.0,36.0,2.0,1.0,1.0,departamento,belgrano,-34.569508,-58.487586,0,1,0
B,995000.0,36.0,36.0,2.0,1.0,1.0,departamento,belgrano,-34.564056,-58.445448,0,0,0
B,624000.0,40.0,40.0,2.0,1.0,1.0,departamento,villa urquiza,-34.579278,-58.499613,0,0,0
B,4814000.0,149.0,130.0,4.0,3.0,1.0,ph,recoleta,-34.606778,-58.415678,0,1,0
B,427000.0,51.0,51.0,3.0,2.0,1.0,departamento,flores,-34.612121,-58.455177,0,0,0
B,686000.0,53.0,53.0,2.0,1.0,1.0,departamento,caballito,-34.633425,-58.434734,0,0,0
B,604000.0,46.0,46.0,3.0,2.0,2.0,departamento,flores,-34.630731,-58.468362,0,0,0
B,512000.0,45.0,45.0,2.0,1.0,1.0,departamento,flores,-34.62403,-58.455003,0,0,0
B,1883000.0,97.0,97.0,5.0,4.0,3.0,departamento,nunez,-34.558989,-58.484748,0,0,0
B,385000.0,29.0,29.0,1.0,1.0,1.0,departamento,caballito,-34.645137,-58.44085,0,0,0
B,254000.0,25.0,25.0,1.0,1.0,1.0,departamento,boedo,-34.626839,-58.433377,0,0,0
B,766000.0,55.0,55.0,2.0,1.0,1.0,departamento,flores,-34.626103,-58.465159,0,0,0
B,333000.0,35.0,35.0,2.0,1.0,1.0,departamento,almagro,-34.622698,-58.434124,0,0,0
B,395000.0,26.0,26.0,1.0,1.0,1.0,departamento,villa crespo,-34.597572,-58.420083,0,0,0
B,1531000.0,299.0,60.0,3.0,2.0,1.0,casa,nunez,-34.554328,-58.444295,0,0,0
B,956000.0,86.0,86.0,3.0,2.0,1.0,departamento,colegiales,-34.582093,-58.463493,0,0,0
B,227000.0,21.0,21.0,1.0,1.0,1.0,departamento,boedo,-34.643161,-58.425996,0,0,0
B,1622000.0,114.0,104.0,4.0,3.0,3.0,ph,almagro,-34.614876,-58.43827,0,0,0
B,1883000.0,100.0,100.0,4.0,3.0,2.0,departamento,recoleta,-34.577421,-58.392965,0,0,0
B,635000.0,40.0,40.0,2.0,1.0,1.0,departamento,boedo,-34.640333,-58.415162,0,0,0
B,1190000.0,60.0,60.0,3.0,2.0,1.0,departamento,palermo,-34.586413,-58.436389,0,0,0
B,440000.0,38.0,38.0,1.0,1.0,1.0,departamento,villa crespo,-34.608867,-58.444375,0,0,0
B,700000.0,66.0,50.0,2.0,1.0,1.0,ph,colegiales,-34.58269,-58.452497,0,0,0
B,562000.0,37.0,37.0,1.0,1.0,1.0,departamento,villa urquiza,-34.564488,-58.483372,0,0,0
B,1353000.0,107.0,92.0,3.0,2.0,1.0,ph,villa crespo,-34.61127,-58.438516,0,0,0
B,667000.0,35.0,35.0,2.0,1.0,1.0,departamento,colegiales,-34.582856,-58.442753,0,0,1
B,518000.0,36.0,36.0,2.0,1.0,1.0,departamento,belgrano,-34.565228,-58.443332,0,0,0
B,300000.0,29.0,29.0,2.0,1.0,1.0,departamento,flores,-34.619291,-58.463833,0,0,0
B,989000.0,71.0,71.0,3.0,2.0,1.0,departamento,palermo,-34.579541,-58.423877,0,0,0
B,1903000.0,111.0,111.0,5.0,4.0,2.0,departamento,caballito,-34.633693,-58.450713,0,0,0
B,940000.0,74.0,61.0,2.0,1.0,1.0,ph,belgrano,-34.54725,-58.463493,0,0,0
B,252000.0,35.0,35.0,2.0,1.0,1.0,departamento,flores,-34.622051,-58.456267,0,0,0
B,1932000.0,105.0,87.0,3.0,2.0,1.0,ph,san telmo,-34.61914,-58.353667,0,0,0
B,2364000.0,187.0,187.0,3.0,2.0,1.0,casa,recoleta,-34.589317,-58.395278,0,0,0
B,883000.0,183.0,72.0,3.0,2.0,2.0,casa,palermo,-34.589169,-58.419407,0,0,0
B,998000.0,88.0,88.0,5.0,4.0,2.0,departamento,boedo,-34.626243,-58.421695,0,0,0
B,551000.0,40.0,40.0,2.0,1.0,1.0,departamento,flores,-34.62709,-58.446383,0,0,0
B,1798000.0,98.0,98.0,5.0,4.0,3.0,departamento,caballito,-34.627288,-58.429109,0,0,0
B,894000.0,166.0,104.0,3.0,2.0,2.0,casa,almagro,-34.588305,-58.43278,0,0,0
B,576000.0,31.0,31.0,1.0,1.0,1.0,departamento,belgrano,-34.569189,-58.470494,0,0,0
B,627000.0,33.0,33.0,2.0,1.0,1.0,departamento,flores,-34.647127,-58.472712,0,0,0
B,670000.0,48.0,48.0,1.0,1.0,1.0,departamento,recoleta,-34.563971,-58.398691,0,0,0
B,432000.0,25.0,25.0,1.0,1.0,1.0,departamento,villa urquiza,-34.585673,-58.48671,0,0,0
B,1779000.0,53.0,53.0,2.0,1.0,1.0,departamento,recoleta,-34.597165,-58.376118,0,0,0
B,433000.0,37.0,37.0,2.0,1.0,1.0,departamento,flores,-34.644303,-58.452306,0,0,0
B,1225000.0,77.0,77.0,4.0,3.0,2.0,departamento,caballito,-34.634705,-58.416787,0,0,0
B,608000.0,42.0,42.0,2.0,1.0,1.0,ph,caballito,-34.621759,-58.433202,0,0,0
B,971000.0,66.0,66.0,3.0,2.0,1.0,departamento,villa urquiza,-34.565156,-58.475059,0,0,0
B,555000.0,40.0,35.0,2.0,1.0,1.0,ph,villa crespo,-34.582375,-58.439772,0,0,0
B,495000.0,33.0,33.0,1.0,1.0,1.0,departamento,recoleta,-34.588796,-58.41068,0,0,0
B,1332000.0,97.0,89.0,3.0,2.0,2.0,ph,nunez,-34.534292,-58.468281,0,0,0
B,304000.0,30.0,30.0,2.0,1.0,1.0,departamento,boedo,-34.636829,-58.408599,0,0,1
B,1253000.0,82.0,82.0,3.0,2.0,1.0,departamento,nunez,-34.542726,-58.471383,0,1,0
B,673000.0,31.0,31.0,1.0,1.0,1.0,departamento,belgrano,-34.545833,-58.464491,0,1,0
B,485000.0,43.0,43.0,1.0,1.0,1.0,departamento,recoleta,-34.591374,-58.388048,0,0,0
B,445000.0,38.0,38.0,1.0,1.0,1.0,departamento,caballito,-34.618231,-58.420563,0,0,0
B,394000.0,40.0,40.0,2.0,1.0,1.0,departamento,colegiales,-34.568807,-58.448305,0,0,0
B,1568000.0,95.0,95.0,4.0,3.0,2.0,departamento,belgrano,-34.548602,-58.443431,0,0,0
B,593000.0,36.0,36.0,2.0,1.0,1.0,departamento,nunez,-34.541147,-58.455119,0,0,0
B,2093000.0,57.0,57.0,2.0,1.0,1.0,departamento,palermo,-34.598418,-58.438381,0,0,0
B,604000.0,34.0,34.0,2.0,1.0,1.0,departamento,villa crespo,-34.607799,-58.441714,0,0,0
B,1323000.0,60.0,60.0,3.0,2.0,1.0,casa,recoleta,-34.598906,-58.390856,0,0,0
B,376000.0,25.0,25.0,1.0,1.0,1.0,departamento,belgrano,-34.569643,-58.451172,0,0,0
B,578000.0,56.0,56.0,2.0,2.0,1.0,departamento,boedo,-34.628735,-58.420927,0,0,1
B,252000.0,35.0,35.0,2.0,1.0,1.0,departamento,flores,-34.622051,-58.456267,1,1,0
B,497000.0,39.0,39.0,2.0,1.0,1.0,departamento,caballito,-34.611931,-58.428159,0,0,1
B,395000.0,44.0,44.0,2.0,1.0,1.0,departamento,san telmo,-34.608034,-58.354368,0,0,0
B,610000.0,34.0,34.0,1.0,1.0,1.0,departamento,nunez,-34.543826,-58.456463,0,0,0
B,1096000.0,55.0,48.0,2.0,1.0,1.0,ph,recoleta,-34.578937,-58.397363,0,0,0
B,487000.0,46.0,46.0,2.0,1.0,1.0,departamento,boedo,-34.629057,-58.409941,0,0,0
B,1373000.0,127.0,60.0,3.0,2.0,2.0,casa,villa crespo,-34.59833,-58.436795,0,0,0
B,592000.0,42.0,42.0,2.0,1.0,1.0,departamento,colegiales,-34.584546,-58.450945,0,0,0
B,301000.0,41.0,41.0,3.0,2.0,1.0,departamento,flores,-34.624438,-58.461364,0,0,0
B,1837000.0,77.0,77.0,3.0,2.0,2.0,ph,palermo,-34.587745,-58.403794,0,0,0
B,316000.0,24.0,24.0,1.0,1.0,1.0,departamento,villa crespo,-34.596577,-58.42552,0,0,0
B,740000.0,50.0,50.0,2.0,1.0,1.0,departamento,almagro,-34.601567,-58.415787,0,1,0
B,1403000.0,68.0,68.0,3.0,2.0,1.0,departamento,caballito,-34.621597,-58.443227,0,0,0
B,503000.0,33.0,33.0,2.0,1.0,1.0,departamento,palermo,-34.570405,-58.43392,0,0,0
B,1159000.0,54.0,54.0,3.0,2.0,2.0,departamento,belgrano,-34.564217,-58.445138,0,0,0
B,1575000.0,74.0,74.0,3.0,2.0,2.0,departamento,recoleta,-34.603781,-58.385889,0,0,0
B,2342000.0,167.0,167.0,8.0,7.0,1.0,departamento,colegiales,-34.583949,-58.442904,0,1,0
B,708000.0,55.0,55.0,3.0,2.0,2.0,departamento,san telmo,-34.636013,-58.360912,0,0,0
B,1761000.0,76.0,76.0,3.0,2.0,1.0,departamento,recoleta,-34.586758,-58.4066,0,0,0
B,1369000.0,59.0,59.0,2.0,1.0,1.0,ph,palermo,-34.583197,-58.425989,0,0,0
B,489000.0,42.0,42.0,2.0,1.0,1.0,departamento,villa urquiza,-34.569833,-58.481778,0,0,0
B,1519000.0,83.0,83.0,3.0,2.0,1.0,departamento,palermo,-34.580625,-58.420553,0,0,0
B,745000.0,34.0,34.0,1.0,1.0,1.0,departamento,recoleta,-34.588357,-58.401553,0,0,0
B,453000.0,43.0,43.0,2.0,1.0,1.0,departamento,san telmo,-34.621734,-58.373187,0,1,1
B,2353000.0,166.0,91.0,4.0,3.0,2.0,casa,almagro,-34.609706,-58.431552,0,0,0
B,894000.0,68.0,68.0,4.0,3.0,2.0,departamento,caballito,-34.609836,-58.426472,0,0,0
B,1125000.0,106.0,106.0,5.0,4.0,3.0,departamento,boedo,-34.640947,-58.417854,0,0,0
B,1140000.0,65.0,60.0,2.0,2.0,1.0,ph,nunez,-34.546681,-58.452337,0,0,1
B,1160000.0,69.0,69.0,4.0,3.0,3.0,departamento,villa urquiza,-34.56756,-58.498801,0,0,0
B,815000.0,42.0,42.0,2.0,1.0,1.0,departamento,villa crespo,-34.593391,-58.441949,0,0,0
B,1436000.0,110.0,87.0,3.0,2.0,1.0,ph,nunez,-34.544817,-58.467732,0,0,0
B,1157000.0,82.0,82.0,4.0,3.0,2.0,departamento,nunez,-34.556978,-58.455813,0,0,0
B,4493000.0,166.0,166.0,8.0,7.0,5.0,departamento,colegiales,-34.551189,-58.469059,0,0,0
B,1877000.0,102.0,102.0,5.0,4.0,3.0,departamento,almagro,-34.639849,-58.425499,0,0,0
B,1268000.0,99.0,91.0,4.0,1.0,1.0,ph,boedo,-34.644084,-58.41204,1,1,0
B,649000.0,32.0,32.0,1.0,1.0,1.0,departamento,colegiales,-34.569838,-58.429955,0,0,0
B,5165000.0,307.0,151.0,6.0,5.0,3.0,casa,belgrano,-34.562865,-58.457619,0,0,0
B,1366000.0,101.0,67.0,3.0,2.0,1.0,ph,palermo,-34.587294,-58.403476,0,0,0
B,814000.0,45.0,45.0,1.0,1.0,1.0,departamento,recoleta,-34.583189,-58.406028,0,0,0
B,515000.0,34.0,34.0,2.0,1.0,1.0,departamento,nunez,-34.535968,-58.470319,0,0,0
B,1242000.0,78.0,72.0,3.0,2.0,1.0,ph,colegiales,-34.57334,-58.44845,0,0,0
B,567000.0,35.0,35.0,1.0,1.0,1.0,departamento,nunez,-34.544316,-58.459777,0,0,0
B,778000.0,52.0,52.0,2.0,1.0,1.0,departamento,villa crespo,-34.599773,-58.452589,0,0,0
B,532000.0,28.0,28.0,1.0,1.0,1.0,departamento,recoleta,-34.585456,-58.409575,0,0,0
B,675000.0,50.0,50.0,2.0,1.0,1.0,departamento,villa crespo,-34.611803,-58.455874,0,0,0
B,3618000.0,342.0,179.0,5.0,4.0,3.0,casa,boedo,-34.652947,-58.4143,0,0,0
B,1903000.0,111.0,111.0,5.0,4.0,2.0,departamento,caballito,-34.633693,-58.450713,0,0,0
B,1489000.0,96.0,96.0,4.0,3.0,2.0,departamento,recoleta,-34.58965,-58.379159,0,0,0
B,948000.0,51.0,43.0,2.0,1.0,1.0,ph,nunez,-34.545022,-58.463145,1,0,0
B,440000.0,26.0,26.0,1.0,1.0,1.0,departamento,recoleta,-34.592781,-58.401988,0,0,0
B,355000.0,21.0,21.0,1.0,1.0,1.0,departamento,belgrano,-34.548213,-58.444672,0,1,0
B,283000.0,26.0,26.0,1.0,1.0,1.0,departamento,san telmo,-34.635299,-58.381481,0,0,0
B,393000.0,39.0,39.0,2.0,1.0,1.0,departamento,boedo,-34.637146,-58.406168,0,0,0
B,1394000.0,82.0,82.0,4.0,3.0,2.0,ph,belgrano,-34.561956,-58.464387,0,0,0
B,553000.0,56.0,56.0,3.0,2.0,2.0,departamento,villa crespo,-34.585173,-58.43898,0,0,0
B,729000.0,50.0,50.0,2.0,1.0,1.0,departamento,villa urquiza,-34.572272,-58.523138,0,0,0
B,622000.0,36.0,36.0,2.0,1.0,1.0,departamento,villa urquiza,-34.597141,-58.480606,0,0,0
B,1749000.0,278.0,60.0,3.0,2.0,1.0,casa,recoleta,-34.599851,-58.408059,0,0,0
B,298000.0,25.0,25.0,1.0,1.0,1.0,departamento,san telmo,-34.64199,-58.362526,0,0,0
B,436000.0,34.0,34.0,2.0,1.0,1.0,departamento,almagro,-34.593147,-58.427862,0,0,0
B,854000.0,44.0,44.0,2.0,1.0,1.0,departamento,belgrano,-34.553583,-58.450542,0,0,0
B,395000.0,26.0,26.0,1.0,1.0,1.0,departamento,villa crespo,-34.597572,-58.420083,0,0,0
B,1124000.0,73.0,73.0,4.0,3.0,2.0,departamento,villa urquiza,-34.554708,-58.462136,0,0,0
B,982000.0,178.0,60.0,3.0,1.0,2.0,casa,almagro,-34.607117,-58.393955,1,0,0
B,424000.0,43.0,43.0,3.0,2.0,2.0,departamento,flores,-34.634266,-58.450873,0,0,0
B,801000.0,58.0,58.0,2.0,1.0,1.0,departamento,villa crespo,-34.596221,-58.428563,0,0,0
B,1092000.0,49.0,49.0,2.0,1.0,1.0,departamento,recoleta,-34.573209,-58.393569,0,0,0
B,579000.0,40.0,40.0,2.0,1.0,1.0,departamento,almagro,-34.589261,-58.418318,0,0,0
B,753000.0,152.0,60.0,3.0,2.0,1.0,casa,boedo,-34.599417,-58.430311,0,0,0
B,343000.0,30.0,30.0,1.0,1.0,1.0,departamento,boedo,-34.638209,-58.41209,0,0,0
B,1050000.0,62.0,62.0,3.0,2.0,1.0,departamento,recoleta,-34.561172,-58.407846,0,0,0
B,649000.0,45.0,45.0,3.0,2.0,1.0,departamento,san telmo,-34.615551,-58.360006,0,0,0
B,994000.0,86.0,86.0,3.0,2.0,1.0,casa,flores,-34.641614,-58.467421,0,0,0
B,573000.0,40.0,40.0,2.0,1.0,1.0,ph,flores,-34.627588,-58.471356,0,0,0
B,1727000.0,119.0,91.0,4.0,3.0,2.0,ph,colegiales,-34.578918,-58.439308,0,0,0
B,1661000.0,76.0,76.0,3.0,2.0,1.0,departamento,recoleta,-34.589681,-58.38244,0,0,0
B,1199000.0,154.0,73.0,3.0,2.0,2.0,casa,villa urquiza,-34.56243,-58.465666,0,0,0
B,801000.0,49.0,49.0,2.0,1.0,1.0,departamento,colegiales,-34.591548,-58.461815,0,0,0
B,452000.0,39.0,39.0,2.0,1.0,1.0,departamento,flores,-34.663591,-58.457888,1,0,0
B,886000.0,65.0,65.0,2.0,3.0,2.0,departamento,nunez,-34.554888,-58.469298,0,0,1
B,869000.0,64.0,64.0,2.0,1.0,1.0,departamento,recoleta,-34.579676,-58.375986,0,0,0
B,987000.0,52.0,52.0,3.0,2.0,1.0,departamento,villa crespo,-34.577941,-58.436723,0,0,0
B,1035000.0,60.0,60.0,2.0,2.0,2.0,casa,nunez,-34.538665,-58.477273,0,0,1
B,307000.0,26.0,26.0,1.0,1.0,1.0,departamento,almagro,-34.603474,-58.415836,0,0,0
B,371000.0,22.0,22.0,1.0,1.0,1.0,departamento,villa urquiza,-34.565664,-58.47503,0,0,0
B,681000.0,49.0,49.0,2.0,1.0,1.0,departamento,flores,-34.633368,-58.460718,0,0,0
B,1249000.0,122.0,60.0,3.0,2.0,2.0,casa,caballito,-34.615652,-58.432705,0,0,0
B,698000.0,53.0,53.0,3.0,2.0,1.0,departamento,villa crespo,-34.609198,-58.428036,0,0,0
B,453000.0,43.0,43.0,1.0,1.0,1.0,departamento,villa urquiza,-34.565525,-58.492501,0,0,0
B,476000.0,51.0,51.0,1.0,1.0,1.0,departamento,almagro,-34.603518,-58.4223,0,0,0
B,731000.0,70.0,70.0,3.0,2.0,2.0,departamento,recoleta,-34.607919,-58.385987,0,0,0
B,405000.0,49.0,49.0,2.0,1.0,1.0,departamento,san telmo,-34.607042,-58.37879,0,0,0
B,544000.0,41.0,41.0,3.0,2.0,1.0,departamento,colegiales,-34.579383,-58.442483,0,1,0
B,827000.0,58.0,58.0,3.0,2.0,1.0,departamento,boedo,-34.643391,-58.404273,0,0,0
B,601000.0,32.0,32.0,1.0,1.0,1.0,departamento,nunez,-34.523296,-58.470105,0,0,0
B,700000.0,45.0,45.0,2.0,1.0,1.0,departamento,belgrano,-34.557944,-58.470184,0,0,0
B,3675000.0,355.0,235.0,7.0,6.0,4.0,casa,san telmo,-34.622103,-58.387758,0,0,0
B,534000.0,35.0,35.0,3.0,2.0,2.0,departamento,flores,-34.621249,-58.469711,0,0,0
B,616000.0,73.0,59.0,2.0,1.0,1.0,ph,san telmo,-34.625569,-58.373446,0,0,0
B,749000.0,70.0,70.0,2.0,1.0,1.0,departamento,san telmo,-34.624045,-58.386056,0,0,0
B,1919000.0,101.0,101.0,4.0,3.0,1.0,departamento,palermo,-34.595988,-58.415034,0,1,0
B,376000.0,61.801903990277495,55.488150698804944,2.0,1.0,1.0,departamento,nunez,-34.553014,-58.48297,0,0,1
B,1227000.0,116.0,91.0,4.0,3.0,2.0,ph,almagro,-34.61852,-58.437321,0,0,0
B,1524000.0,82.0,82.0,3.0,2.0,2.0,departamento,villa urquiza,-34.578927,-58.491348,0,0,0
B,2232000.0,129.0,129.0,5.0,1.0,3.0,departamento,almagro,-34.604403,-58.423885,1,0,0
B,712000.0,39.0,39.0,2.0,1.0,1.0,departamento,recoleta,-34.588113,-58.39471,0,0,0
B,796000.0,62.0,62.0,3.0,2.0,1.0,departamento,palermo,-34.554839,-58.426971,0,0,0
B,1472000.0,68.0,68.0,3.0,2.0,1.0,departamento,recoleta,-34.595907,-58.402946,0,0,0
B,1112000.0,66.0,66.0,3.0,2.0,2.0,departamento,colegiales,-34.563612,-58.437024,0,0,0
B,429000.0,34.0,34.0,1.0,1.0,1.0,departamento,colegiales,-34.570253,-58.45721,0,0,0
B,1626000.0,84.0,84.0,4.0,3.0,2.0,departamento,caballito,-34.635064,-58.441934,0,0,0
B,898000.0,58.0,58.0,3.0,2.0,2.0,departamento,colegiales,-34.558091,-58.450578,0,0,0
B,520000.0,27.0,27.0,2.0,1.0,1.0,departamento,belgrano,-34.556894,-58.454072,0,0,0
B,1085000.0,64.0,64.0,3.0,2.0,1.0,departamento,caballito,-34.600606,-58.45614,0,1,0
B,2175000.0,84.0,84.0,2.0,1.0,1.0,ph,san telmo,-34.626648,-58.361405,0,0,0
B,2224000.0,120.0,120.0,6.0,5.0,4.0,departamento,palermo,-34.559302,-58.400531,0,0,0
B,2030000.0,111.0,111.0,5.0,4.0,3.0,departamento,villa crespo,-34.599931,-58.433888,0,0,0
B,353000.0,23.0,23.0,1.0,1.0,1.0,departamento,boedo,-34.610815,-58.417604,0,0,0
B,603000.0,39.0,39.0,2.0,1.0,1.0,departamento,villa urquiza,-34.549595,-58.488655,0,0,0
B,694000.0,84.0,64.0,2.0,1.0,1.0,ph,san telmo,-34.612542,-58.370986,0,0,0
B,503000.0,37.0,37.0,1.0,1.0,1.0,departamento,nunez,-34.562719,-58.472112,0,0,0
B,586000.0,39.0,39.0,2.0,1.0,1.0,departamento,colegiales,-34.576516,-58.428731,0,0,0
B,830000.0,60.0,60.0,3.0,2.0,1.0,casa,nunez,-34.546166,-58.48693,0,0,0
B,662000.0,176.0,66.0,3.0,2.0,1.0,casa,boedo,-34.624504,-58.412058,0,0,0
B,617000.0,52.0,52.0,2.0,1.0,1.0,departamento,boedo,-34.614031,-58.406678,0,0,0
B,880000.0,79.0,79.0,3.0,2.0,1.0,departamento,caballito,-34.622124,-58.442623,0,0,0
B,1167000.0,82.0,82.0,4.0,3.0,3.0,departamento,flores,-34.619758,-58.473492,0,0,0
B,454000.0,42.0,42.0,1.0,1.0,1.0,departamento,caballito,-34.624343,-58.462111,0,0,0
B,1442000.0,86.0,86.0,3.0,2.0,1.0,departamento,recoleta,-34.593642,-58.387713,0,0,0
B,858000.0,70.0,47.0,2.0,1.0,1.0,ph,villa urquiza,-34.566167,-58.471705,0,0,0
B,1430000.0,92.0,92.0,3.0,2.0,1.0,ph,flores,-34.626192,-58.47237,0,0,0
B,1170000.0,76.0,76.0,2.0,2.0,2.0,departamento,almagro,-34.61054,-58.438335,0,0,1
B,288000.0,20.0,20.0,1.0,1.0,1.0,departamento,boedo,-34.638281,-58.420667,0,0,0
B,580000.0,55.0,55.0,3.0,2.0,2.0,departamento,san telmo,-34.622114,-58.389318,0,0,0
B,463000.0,39.0,39.0,2.0,1.0,1.0,departamento,almagro,-34.607124,-58.401591,0,0,0
B,674000.0,36.0,36.0,2.0,1.0,1.0,departamento,almagro,-34.600346,-58.398064,0,0,0
B,547000.0,58.0,58.0,3.0,2.0,1.0,departamento,flores,-34.646072,-58.468209,0,0,0
B,1880000.0,93.0,93.0,4.0,3.0,2.0,departamento,recoleta,-34.588215,-58.406717,0,0,0
B,2181000.0,201.0,87.0,3.0,2.0,1.0,casa,belgrano,-34.548199,-58.464011,0,0,0
B,1377000.0,75.0,75.0,3.0,2.0,2.0,departamento,palermo,-34.581358,-58.427435,0,0,0
B,1156000.0,67.0,67.0,3.0,2.0,1.0,departamento,palermo,-34.578112,-58.413456,0,0,0
B,1684000.0,81.0,81.0,3.0,1.0,1.0,ph,caballito,-34.614382,-58.451363,1,0,0
B,3599000.0,243.0,169.0,7.0,6.0,5.0,casa,caballito,-34.630354,-58.419916,0,0,0
B,504000.0,31.0,31.0,1.0,1.0,1.0,departamento,palermo,-34.578307,-58.438646,0,0,0
B,675000.0,74.0,65.0,3.0,2.0,1.0,ph,colegiales,-34.575778,-58.46064,0,0,0
B,1510000.0,73.0,73.0,3.0,2.0,1.0,departamento,villa crespo,-34.624557,-58.45462,0,0,0
B,517000.0,44.0,44.0,2.0,1.0,1.0,departamento,flores,-34.642531,-58.47319,0,0,0
B,749000.0,73.0,73.0,3.0,2.0,2.0,departamento,flores,-34.641739,-58.469963,0,0,0
B,470000.0,20.0,20.0,1.0,1.0,1.0,departamento,nunez,-34.553387,-58.466974,0,0,0
B,1305000.0,90.0,90.0,4.0,3.0,2.0,departamento,almagro,-34.610091,-58.420319,0,0,0
B,613000.0,34.0,34.0,2.0,1.0,1.0,departamento,palermo,-34.580339,-58.430618,0,0,0
B,1976000.0,242.0,91.0,3.0,2.0,1.0,casa,nunez,-34.533292,-58.449478,0,0,0
B,757000.0,45.0,45.0,3.0,2.0,2.0,departamento,colegiales,-34.567318,-58.43418,0,0,0
B,789000.0,59.0,59.0,2.0,1.0,1.0,departamento,colegiales,-34.576075,-58.429459,0,0,0
B,4808000.0,443.0,242.0,8.0,7.0,6.0,casa,villa crespo,-34.616996,-58.442743,0,0,0
B,791000.0,64.0,64.0,3.0,2.0,1.0,departamento,villa urquiza,-34.557987,-58.49006,0,0,0
B,2421000.0,115.0,115.0,3.0,2.0,1.0,casa,recoleta,-34.568914,-58.400563,0,0,0
B,646000.0,39.0,39.0,2.0,1.0,1.0,departamento,nunez,-34.557017,-58.457401,0,0,0
B,1110000.0,83.0,83.0,4.0,3.0,2.0,departamento,caballito,-34.611139,-58.456838,0,0,0
B,757000.0,34.0,34.0,1.0,1.0,1.0,departamento,recoleta,-34.603401,-58.39735,0,0,0
B,1178000.0,66.0,54.0,2.0,1.0,1.0,ph,caballito,-34.640949,-58.416789,0,0,0
B,335000.0,26.0,26.0,1.0,1.0,1.0,departamento,villa urquiza,-34.578576,-58.483378,0,0,0
B,1122000.0,68.0,68.0,3.0,2.0,1.0,departamento,almagro,-34.61021,-58.439249,0,0,0
B,885000.0,58.0,58.0,3.0,2.0,1.0,departamento,colegiales,-34.566116,-58.46176,0,0,0
B,485000.0,34.0,34.0,2.0,1.0,1.0,departamento,villa crespo,-34.592057,-58.416402,0,0,0
B,757000.0,44.0,44.0,2.0,1.0,1.0,ph,palermo,-34.567041,-58.44097,0,0,0
B,1727000.0,80.0,80.0,4.0,3.0,2.0,departamento,recoleta,-34.590829,-58.406274,0,0,0
B,1009000.0,64.0,64.0,3.0,2.0,1.0,departamento,nunez,-34.534071,-58.449399,0,0,0
B,922000.0,93.0,93.0,5.0,4.0,2.0,departamento,flores,-34.637099,-58.464317,0,0,0
B,603000.0,32.0,32.0,1.0,1.0,1.0,departamento,colegiales,-34.592024,-58.450113,0,0,0
B,2840000.0,239.0,129.0,4.0,3.0,2.0,casa,colegiales,-34.570764,-58.452761,0,0,0
B,419000.0,40.0,40.0,1.0,1.0,1.0,departamento,almagro,-34.585095,-58.414536,0,0,0
B,974000.0,54.0,54.0,2.0,1.0,1.0,departamento,nunez,-34.548928,-58.447242,0,0,0
B,742000.0,100.0,100.0,4.0,3.0,2.0,departamento,flores,-34.622108,-58.460042,0,0,0
B,868000.0,52.0,52.0,2.0,1.0,1.0,ph,villa crespo,-34.597882,-58.444132,0,0,0
B,745000.0,49.0,49.0,2.0,1.0,1.0,departamento,caballito,-34.610058,-58.422201,0,0,0
B,743000.0,51.0,51.0,3.0,2.0,1.0,departamento,belgrano,-34.566442,-58.465269,0,0,0
B,1151000.0,85.0,85.0,2.0,3.0,3.0,departamento,colegiales,-34.576962,-58.464408,0,0,1
B,609000.0,46.0,46.0,2.0,1.0,1.0,departamento,almagro,-34.627276,-58.430247,0,0,0
B,418000.0,26.0,26.0,1.0,1.0,1.0,departamento,nunez,-34.548777,-58.453413,0,0,0
B,974000.0,45.0,45.0,2.0,1.0,1.0,departamento,belgrano,-34.590492,-58.450161,0,0,0
B,1394000.0,61.0,61.0,3.0,2.0,1.0,departamento,recoleta,-34.592193,-58.404271,0,0,0
B,362000.0,30.0,30.0,1.0,1.0,1.0,departamento,nunez,-34.532656,-58.478801,0,0,0
B,369000.0,23.0,23.0,1.0,1.0,1.0,departamento,nunez,-34.52887,-58.48307,0,0,0
B,873000.0,56.0,56.0,3.0,2.0,2.0,departamento,caballito,-34.631311,-58.439704,0,0,0
B,718000.0,38.0,38.0,1.0,1.0,1.0,departamento,caballito,-34.613162,-58.441645,0,0,0
B,1700000.0,94.0,94.0,5.0,4.0,3.0,departamento,boedo,-34.632992,-58.429445,0,0,0
B,2446000.0,133.0,124.0,4.0,3.0,2.0,ph,belgrano,-34.566252,-58.465357,0,0,0
B,1391000.0,67.0,67.0,3.0,2.0,1.0,departamento,san telmo,-34.600995,-58.354094,0,0,0
B,1722000.0,86.0,86.0,4.0,1.0,2.0,departamento,belgrano,-34.582013,-58.478977,1,0,0
B,1176000.0,69.0,69.0,3.0,2.0,1.0,departamento,san telmo,-34.634122,-58.361493,0,0,0
B,1397000.0,91.0,91.0,3.0,2.0,2.0,departamento,almagro,-34.598657,-58.41399,0,0,0
B,240000.0,21.0,21.0,2.0,1.0,1.0,departamento,boedo,-34.639595,-58.405985,0,0,1
B,963000.0,60.0,60.0,2.0,1.0,1.0,ph,flores,-34.623472,-58.444184,0,0,0
B,393000.0,36.0,36.0,2.0,1.0,1.0,departamento,almagro,-34.610769,-58.429553,0,0,0
B,1256000.0,101.0,101.0,5.0,4.0,3.0,departamento,san telmo,-34.621589,-58.367498,0,0,0
B,740000.0,50.0,50.0,2.0,1.0,1.0,departamento,almagro,-34.601567,-58.415787,0,1,1
B,987000.0,55.0,45.0,2.0,1.0,1.0,ph,nunez,-34.540449,-58.453967,0,0,0
B,582000.0,43.0,43.0,2.0,1.0,1.0,departamento,villa crespo,-34.605926,-58.446399,0,0,0
B,2292000.0,120.0,120.0,5.0,4.0,3.0,departamento,nunez,-34.544457,-58.46252,0,0,0
B,1148000.0,77.0,77.0,4.0,3.0,2.0,departamento,recoleta,-34.599654,-58.392521,0,0,0
B,718000.0,53.0,53.0,3.0,2.0,2.0,departamento,caballito,-34.635806,-58.422023,0,0,0
B,1075000.0,52.0,52.0,2.0,1.0,1.0,departamento,palermo,-34.588329,-58.411194,0,0,0
B,1812000.0,394.0,134.0,5.0,4.0,3.0,casa,almagro,-34.603021,-58.396384,0,0,0
B,497000.0,75.0,53.0,2.0,1.0,1.0,ph,almagro,-34.621325,-58.421184,0,0,0
B,2226000.0,93.0,93.0,5.0,4.0,3.0,departamento,recoleta,-34.569586,-58.381532,0,0,0
B,572000.0,45.0,45.0,3.0,2.0,2.0,departamento,flores,-34.64523,-58.473868,0,0,0
B,946000.0,91.0,73.0,3.0,2.0,1.0,ph,boedo,-34.658062,-58.413511,0,0,0
B,400000.0,40.0,40.0,2.0,1.0,1.0,departamento,boedo,-34.60217,-58.417595,0,0,0
B,166000.0,20.0,20.0,1.0,1.0,1.0,departamento,almagro,-34.607144,-58.400033,0,0,0
B,1013000.0,47.0,47.0,2.0,1.0,1.0,departamento,recoleta,-34.607993,-58.373343,0,0,1
B,406000.0,31.0,31.0,2.0,1.0,1.0,departamento,almagro,-34.611581,-58.42243,0,0,0
B,256000.0,24.0,24.0,1.0,1.0,1.0,departamento,almagro,-34.618618,-58.39669,0,0,0
B,1651000.0,97.0,97.0,5.0,4.0,3.0,departamento,colegiales,-34.58291,-58.456624,0,0,0
B,344000.0,26.0,26.0,1.0,1.0,1.0,departamento,villa crespo,-34.586594,-58.432347,0,0,0
B,727000.0,79.0,79.0,3.0,2.0,1.0,departamento,boedo,-34.639421,-58.406608,0,0,0
B,305000.0,38.0,38.0,3.0,2.0,1.0,departamento,flores,-34.619467,-58.480679,0,0,0
B,441000.0,27.0,27.0,2.0,1.0,1.0,departamento,belgrano,-34.591704,-58.453836,0,0,0
B,823000.0,43.0,43.0,2.0,1.0,1.0,departamento,colegiales,-34.551635,-58.452429,0,0,0
B,932000.0,45.0,45.0,3.0,2.0,2.0,departamento,nunez,-34.550526,-58.480098,0,0,0
B,487000.0,46.0,46.0,2.0,1.0,1.0,departamento,boedo,-34.629057,-58.409941,1,0,0
B,1060000.0,71.0,71.0,3.0,2.0,2.0,departamento,almagro,-34.617524,-58.3899,0,0,0
B,766000.0,54.0,54.0,3.0,2.0,2.0,departamento,boedo,-34.629851,-58.423403,0,0,0
B,614000.0,49.0,49.0,3.0,2.0,1.0,departamento,nunez,-34.546565,-58.450041,0,0,0
B,972000.0,82.0,82.0,3.0,2.0,2.0,departamento,flores,-34.606347,-58.47039,0,0,0
B,748000.0,60.0,60.0,3.0,2.0,2.0,casa,villa crespo,-34.611318,-58.441426,0,0,0
B,475000.0,36.0,36.0,2.0,1.0,1.0,departamento,nunez,-34.539837,-58.446051,0,0,1
B,1836000.0,99.0,99.0,5.0,4.0,2.0,departamento,nunez,-34.555409,-58.467447,0,0,0
B,898000.0,54.0,54.0,3.0,2.0,2.0,departamento,belgrano,-34.545577,-58.46937,0,0,0
B,915000.0,56.0,56.0,3.0,2.0,1.0,departamento,nunez,-34.557612,-58.462917,0,0,0
B,1338000.0,50.0,50.0,3.0,2.0,1.0,departamento,recoleta,-34.599455,-58.384648,0,0,0
B,1061000.0,65.0,65.0,3.0,2.0,1.0,departamento,caballito,-34.624612,-58.44135,0,0,0
B,1933000.0,117.0,103.0,3.0,2.0,1.0,ph,colegiales,-34.584726,-58.470185,0,0,0
B,636000.0,34.0,34.0,2.0,1.0,1.0,departamento,palermo,-34.577196,-58.424034,0,0,0
B,309000.0,30.0,30.0,1.0,1.0,1.0,departamento,boedo,-34.636401,-58.400924,0,0,0
B,597000.0,46.0,46.0,3.0,2.0,1.0,departamento,flores,-34.631118,-58.467533,0,1,0
B,1000000.0,82.0,82.0,4.0,3.0,1.0,departamento,nunez,-34.561264,-58.444749,0,0,0
B,1114000.0,96.0,81.0,4.0,3.0,1.0,ph,san telmo,-34.630733,-58.381121,0,0,0
B,1526000.0,70.0,70.0,4.0,3.0,2.0,departamento,palermo,-34.589255,-58.431031,0,0,0
B,2495000.0,233.0,119.0,4.0,3.0,2.0,casa,villa urquiza,-34.575973,-58.46994,0,0,0
B,637000.0,44.0,44.0,1.0,1.0,1.0,departamento,villa urquiza,-34.566444,-58.501042,0,1,0
B,438000.0,36.0,36.0,2.0,1.0,1.0,departamento,almagro,-34.613937,-58.420571,0,0,0
B,743000.0,39.0,39.0,2.0,1.0,1.0,departamento,palermo,-34.572066,-58.428195,0,0,0
B,1051000.0,69.0,69.0,3.0,2.0,1.0,departamento,san telmo,-34.622083,-58.376232,0,0,0
B,1210000.0,251.0,67.0,3.0,2.0,1.0,casa,boedo,-34.638919,-58.425868,0,0,0
B,827000.0,46.0,46.0,2.0,1.0,1.0,departamento,nunez,-34.512716,-58.469832,0,0,1
B,513000.0,38.0,38.0,2.0,1.0,1.0,departamento,villa urquiza,-34.580798,-58.500442,0,0,0
B,436000.0,35.0,35.0,1.0,1.0,1.0,departamento,flores,-34.635751,-58.451364,0,0,0
B,547000.0,58.0,58.0,3.0,2.0,1.0,departamento,flores,-34.646072,-58.468209,0,0,0
B,768000.0,36.0,36.0,1.0,1.0,1.0,departamento,recoleta,-34.592317,-58.391667,0,1,0
B,251000.0,24.0,24.0,1.0,1.0,1.0,departamento,palermo,-34.58428,-58.43364,0,0,0
B,1255000.0,84.0,81.0,3.0,1.0,1.0,ph,belgrano,-34.567174,-58.485833,1,0,0
B,1449000.0,66.0,66.0,2.0,1.0,1.0,departamento,recoleta,-34.594547,-58.389634,0,0,0
B,443000.0,40.0,40.0,2.0,1.0,1.0,departamento,almagro,-34.600847,-58.433731,0,0,0
B,874000.0,76.0,66.0,2.0,1.0,1.0,ph,nunez,-34.540829,-58.469477,0,0,0
B,1524000.0,98.0,86.0,3.0,2.0,2.0,ph,belgrano,-34.568972,-58.469401,0,0,0
B,240000.0,21.0,21.0,1.0,1.0,1.0,departamento,boedo,-34.639595,-58.405985,0,0,0
B,1252000.0,72.0,72.0,4.0,3.0,2.0,departamento,colegiales,-34.566906,-58.448588,0,0,0
B,1031000.0,53.0,53.0,2.0,1.0,1.0,departamento,san telmo,-34.637581,-58.36811,0,0,0
B,506000.0,52.0,43.0,2.0,1.0,1.0,ph,caballito,-34.624147,-58.450362,0,0,0
B,947000.0,52.0,52.0,3.0,2.0,1.0,departamento,villa urquiza,-34.56839,-58.491385,0,0,0
B,1132000.0,81.0,81.0,4.0,3.0,2.0,departamento,nunez,-34.530769,-58.478744,0,0,0
B,833000.0,60.0,60.0,3.0,2.0,2.0,departamento,nunez,-34.549108,-58.444879,0,0,0
B,1122000.0,63.0,63.0,3.0,2.0,2.0,departamento,villa crespo,-34.603413,-58.429299,0,0,0
B,4176000.0,136.0,136.0,6.0,5.0,3.0,departamento,san telmo,-34.611033,-58.351574,0,0,0
B,638000.0,54.0,54.0,2.0,1.0,1.0,departamento,san telmo,-34.615659,-58.3762,0,0,0
B,1522000.0,126.0,116.0,4.0,3.0,2.0,ph,almagro,-34.59699,-58.428701,0,0,0
B,1220000.0,97.0,97.0,4.0,3.0,2.0,departamento,boedo,-34.639158,-58.397362,0,0,0
B,577000.0,62.0,50.0,2.0,1.0,1.0,ph,boedo,-34.634921,-58.411961,0,0,0
B,453000.0,61.801903990277495,55.488150698804944,1.0,1.0,1.0,departamento,san telmo,-34.615378,-58.350605,0,0,0
B,1069000.0,81.0,72.0,2.0,1.0,1.0,ph,caballito,-34.597235,-58.432445,0,0,0
B,897000.0,71.0,71.0,3.0,2.0,1.0,departamento,flores,-34.635659,-58.454201,0,0,0
B,2077000.0,77.0,77.0,4.0,3.0,2.0,departamento,recoleta,-34.595533,-58.38416,0,0,0
B,3264000.0,193.0,189.0,2.0,6.0,5.0,ph,caballito,-34.609211,-58.43277,0,0,1
B,931000.0,49.0,49.0,2.0,1.0,1.0,departamento,palermo,-34.570255,-58.44437,0,0,0
B,438000.0,39.0,39.0,3.0,2.0,1.0,departamento,boedo,-34.642956,-58.423918,0,0,0
B,765000.0,46.0,46.0,3.0,2.0,1.0,departamento,recoleta,-34.610177,-58.401261,0,0,0
B,479000.0,56.0,56.0,2.0,1.0,1.0,departamento,boedo,-34.626976,-58.414841,0,0,0
B,761000.0,45.0,35.0,2.0,1.0,1.0,ph,boedo,-34.623419,-58.431277,0,0,0
B,1653000.0,111.0,94.0,4.0,3.0,1.0,ph,belgrano,-34.558751,-58.485992,0,0,0
B,313000.0,28.0,28.0,1.0,1.0,1.0,departamento,boedo,-34.644332,-58.437472,0,0,0
B,652000.0,48.0,48.0,2.0,1.0,1.0,departamento,villa urquiza,-34.557957,-58.496853,0,0,0
B,653000.0,58.0,41.0,2.0,1.0,1.0,ph,flores,-34.600972,-58.46012,0,0,0
B,533000.0,28.0,28.0,2.0,1.0,1.0,departamento,belgrano,-34.561872,-58.474055,0,0,0
B,1391000.0,58.0,58.0,2.0,2.0,2.0,departamento,villa crespo,-34.615564,-58.447807,0,0,1
B,732000.0,48.0,48.0,2.0,1.0,1.0,departamento,nunez,-34.566777,-58.479765,0,0,0
B,1176000.0,42.0,42.0,3.0,1.0,2.0,departamento,palermo,-34.579942,-58.419109,1,0,0
B,953000.0,207.0,60.0,3.0,2.0,2.0,casa,villa crespo,-34.59666,-58.431112,0,0,0
B,429000.0,25.0,25.0,2.0,1.0,1.0,departamento,caballito,-34.607249,-58.45664,0,0,0
B,252000.0,35.0,35.0,2.0,1.0,1.0,departamento,flores,-34.622051,-58.456267,0,0,0
B,1536000.0,87.0,87.0,4.0,3.0,2.0,departamento,nunez,-34.550892,-58.476954,0,0,0
B,433000.0,32.0,32.0,2.0,1.0,1.0,departamento,belgrano,-34.547999,-58.452331,0,0,0
B,831000.0,57.0,57.0,3.0,2.0,1.0,departamento,colegiales,-34.574694,-58.458125,0,0,0
B,552000.0,37.0,37.0,2.0,1.0,1.0,departamento,san telmo,-34.628038,-58.369309,0,0,0
B,460000.0,32.0,32.0,2.0,1.0,1.0,departamento,villa crespo,-34.606763,-58.43284,0,0,0
B,773000.0,82.0,50.0,2.0,1.0,1.0,ph,palermo,-34.581392,-58.424094,0,0,0
B,384000.0,27.0,27.0,2.0,1.0,1.0,departamento,colegiales,-34.56087,-58.47031,0,0,0
B,823000.0,58.0,58.0,3.0,2.0,1.0,departamento,boedo,-34.636284,-58.435554,0,0,0
B,671000.0,49.0,49.0,2.0,1.0,1.0,departamento,villa crespo,-34.590312,-58.439406,0,0,0
B,494000.0,42.0,35.0,2.0,1.0,1.0,ph,palermo,-34.554519,-58.426816,0,0,0
B,586000.0,41.0,41.0,1.0,1.0,1.0,departamento,almagro,-34.612196,-58.414919,0,0,0
B,674000.0,40.0,40.0,2.0,1.0,1.0,departamento,villa urquiza,-34.588436,-58.501934,0,0,0
B,766000.0,55.0,55.0,2.0,1.0,1.0,departamento,flores,-34.626103,-58.465159,0,0,0
B,753000.0,66.0,66.0,3.0,2.0,1.0,departamento,flores,-34.63142,-58.458697,0,0,0
B,678000.0,35.0,35.0,1.0,1.0,1.0,departamento,belgrano,-34.544175,-58.473937,0,0,0
B,503000.0,33.0,33.0,2.0,1.0,1.0,departamento,palermo,-34.570405,-58.43392,0,0,0
B,486000.0,40.0,40.0,2.0,1.0,1.0,departamento,flores,-34.616025,-58.46884,0,0,0
B,1244000.0,80.0,80.0,4.0,3.0,1.0,departamento,caballito,-34.61752,-58.430233,0,0,0
B,1192000.0,87.0,87.0,5.0,4.0,1.0,departamento,almagro,-34.612513,-58.402542,0,1,0
B,421000.0,40.0,40.0,1.0,1.0,1.0,departamento,almagro,-34.632733,-58.412444,0,0,0
B,1863000.0,93.0,93.0,4.0,3.0,2.0,ph,belgrano,-34.572172,-58.451629,0,0,0
B,815000.0,63.0,63.0,2.0,2.0,1.0,departamento,nunez,-34.542153,-58.479455,0,0,1
B,330000.0,36.0,36.0,1.0,1.0,1.0,departamento,almagro,-34.607764,-58.427922,0,0,0
B,1625000.0,77.0,77.0,4.0,3.0,2.0,departamento,palermo,-34.564877,-58.436977,0,0,0
B,817000.0,269.0,70.0,3.0,2.0,2.0,casa,flores,-34.615978,-58.475477,0,0,0
B,1020000.0,53.0,45.0,2.0,1.0,1.0,ph,recoleta,-34.591694,-58.405063,0,0,0
B,1406000.0,114.0,114.0,4.0,3.0,3.0,departamento,flores,-34.614294,-58.450113,0,0,0
B,904000.0,61.0,61.0,2.0,1.0,1.0,departamento,belgrano,-34.550995,-58.460495,0,0,0
B,982000.0,48.0,48.0,3.0,2.0,1.0,departamento,belgrano,-34.547909,-58.464401,0,0,0
B,611000.0,36.0,36.0,1.0,1.0,1.0,departamento,almagro,-34.612375,-58.429244,0,0,0
B,2084000.0,116.0,116.0,5.0,4.0,3.0,departamento,colegiales,-34.577575,-58.426662,0,0,0
B,342000.0,29.0,29.0,1.0,1.0,1.0,departamento,boedo,-34.625625,-58.415197,0,0,0
B,371000.0,40.0,40.0,2.0,1.0,1.0,departamento,flores,-34.650062,-58.453223,0,0,0
B,353000.0,29.0,29.0,1.0,1.0,1.0,departamento,villa urquiza,-34.586834,-58.486719,0,0,0
B,784000.0,68.0,68.0,4.0,3.0,2.0,departamento,villa crespo,-34.578193,-58.43322,0,0,0
B,777000.0,63.0,63.0,4.0,1.0,2.0,departamento,boedo,-34.631256,-58.442268,1,0,0
B,503000.0,32.0,32.0,1.0,1.0,1.0,departamento,belgrano,-34.563465,-58.47373,0,0,0
B,720000.0,34.0,34.0,2.0,1.0,1.0,departamento,nunez,-34.542039,-58.460452,0,1,0
B,487000.0,26.0,26.0,2.0,1.0,1.0,departamento,recoleta,-34.610339,-58.396077,0,0,0
B,684000.0,283.0,60.0,3.0,2.0,1.0,casa,san telmo,-34.618204,-58.368612,0,0,0
B,537000.0,35.0,35.0,1.0,1.0,1.0,departamento,villa urquiza,-34.554014,-58.474828,0,0,0
B,937000.0,37.0,37.0,2.0,1.0,1.0,departamento,recoleta,-34.594827,-58.378097,0,0,0
B,1388000.0,82.0,82.0,5.0,4.0,3.0,departamento,boedo,-34.622535,-58.402136,0,0,0
B,332000.0,31.0,31.0,2.0,1.0,1.0,departamento,flores,-34.621787,-58.444635,0,0,0
B,1488000.0,88.0,73.0,2.0,1.0,1.0,ph,colegiales,-34.590245,-58.442501,0,0,0
B,593000.0,47.0,47.0,2.0,1.0,1.0,departamento,caballito,-34.626989,-58.434481,0,0,0
B,412000.0,65.0,35.0,2.0,1.0,1.0,ph,flores,-34.642498,-58.467019,0,0,0
B,352000.0,44.0,44.0,2.0,1.0,1.0,departamento,boedo,-34.632248,-58.389792,0,0,0
B,630000.0,49.0,49.0,3.0,2.0,2.0,departamento,recoleta,-34.584689,-58.387662,0,0,0
B,1545000.0,254.0,123.0,4.0,3.0,1.0,casa,flores,-34.632636,-58.435297,0,1,0
B,717000.0,44.0,44.0,2.0,1.0,1.0,departamento,colegiales,-34.589936,-58.450322,0,0,0
B,976000.0,71.0,71.0,3.0,2.0,1.0,departamento,villa urquiza,-34.573112,-58.485839,0,0,0
B,1875000.0,74.0,74.0,3.0,2.0,1.0,ph,belgrano,-34.549448,-58.462854,0,0,0
B,1789000.0,67.0,67.0,4.0,3.0,2.0,departamento,nunez,-34.567531,-58.485865,0,0,0
B,729000.0,36.0,36.0,1.0,1.0,1.0,departamento,belgrano,-34.556654,-58.454796,0,0,0
B,512000.0,32.0,32.0,1.0,1.0,1.0,departamento,nunez,-34.546263,-58.478652,0,0,0
B,1123000.0,81.0,81.0,2.0,2.0,1.0,departamento,almagro,-34.6115,-58.42257,0,0,1
B,922000.0,93.0,93.0,5.0,4.0,2.0,departamento,flores,-34.637099,-58.464317,0,0,0
B,1216000.0,67.0,67.0,2.0,1.0,1.0,departamento,palermo,-34.571745,-58.429316,0,0,0
B,1000000.0,78.0,78.0,3.0,2.0,2.0,departamento,san telmo,-34.582416,-58.368015,0,0,0
B,1173000.0,66.0,57.0,2.0,1.0,1.0,ph,caballito,-34.622925,-58.44519,0,0,0
B,942000.0,48.0,48.0,3.0,2.0,2.0,departamento,recoleta,-34.57134,-58.39962,0,0,0
B,1112000.0,51.0,51.0,3.0,2.0,1.0,departamento,belgrano,-34.548317,-58.463724,0,0,0
B,480000.0,38.0,38.0,2.0,1.0,1.0,departamento,villa crespo,-34.599813,-58.423699,0,0,0
B,757000.0,69.0,44.0,2.0,1.0,1.0,ph,palermo,-34.567041,-58.44097,0,0,0
B,1084000.0,59.0,59.0,2.0,1.0,1.0,departamento,palermo,-34.589976,-58.422874,0,0,0
B,628000.0,37.0,37.0,1.0,1.0,1.0,departamento,recoleta,-34.608007,-58.382461,0,0,0
B,514000.0,51.0,51.0,3.0,2.0,2.0,departamento,nunez,-34.554851,-58.449097,0,0,0
B,1904000.0,78.0,78.0,3.0,2.0,2.0,departamento,belgrano,-34.551556,-58.433702,0,0,0
B,920000.0,58.0,58.0,3.0,2.0,1.0,departamento,belgrano,-34.5327,-58.461631,0,0,0
B,778000.0,56.0,56.0,3.0,2.0,2.0,departamento,flores,-34.625344,-58.471136,0,0,0
B,1310000.0,92.0,92.0,5.0,4.0,3.0,departamento,caballito,-34.619872,-58.422986,0,0,0
B,1823000.0,99.0,99.0,4.0,3.0,2.0,departamento,almagro,-34.588118,-58.429478,0,0,0
B,1208000.0,71.0,71.0,4.0,3.0,2.0,departamento,nunez,-34.558579,-58.480636,0,0,0
B,1250000.0,98.0,92.0,3.0,2.0,1.0,ph,nunez,-34.531454,-58.46239,0,0,0
B,987000.0,89.0,84.0,3.0,2.0,2.0,ph,boedo,-34.630026,-58.406493,0,0,0
B,642000.0,43.0,43.0,2.0,1.0,1.0,departamento,villa urquiza,-34.580006,-58.475726,0,0,0
B,810000.0,186.0,62.0,3.0,2.0,1.0,casa,nunez,-34.539399,-58.439181,0,0,0
B,614000.0,49.0,49.0,3.0,2.0,1.0,departamento,nunez,-34.546565,-58.450041,0,0,0
B,746000.0,33.0,33.0,2.0,1.0,1.0,departamento,palermo,-34.568357,-58.455348,0,0,0
B,1298000.0,71.0,71.0,3.0,2.0,1.0,departamento,belgrano,-34.551042,-58.447333,0,0,0
B,1016000.0,63.0,63.0,3.0,2.0,1.0,departamento,nunez,-34.55213,-58.466843,0,0,0
B,310000.0,20.0,20.0,1.0,1.0,1.0,departamento,villa crespo,-34.598916,-58.435707,0,0,0
B,792000.0,48.0,48.0,3.0,2.0,1.0,departamento,boedo,-34.612049,-58.40653,0,0,0
B,671000.0,42.0,42.0,2.0,1.0,1.0,departamento,palermo,-34.570142,-58.425105,0,0,0
B,973000.0,52.0,52.0,3.0,2.0,1.0,departamento,villa urquiza,-34.586845,-58.469631,0,0,0
B,857000.0,43.0,43.0,2.0,1.0,1.0,departamento,nunez,-34.542678,-58.466362,0,0,0
B,823000.0,97.0,97.0,5.0,4.0,3.0,departamento,boedo,-34.620689,-58.405862,0,0,0
B,683000.0,42.0,42.0,2.0,1.0,1.0,departamento,villa crespo,-34.618358,-58.423624,0,0,0
B,2052000.0,157.0,157.0,7.0,6.0,4.0,departamento,caballito,-34.598444,-58.443951,0,0,0
B,479000.0,28.0,28.0,1.0,1.0,1.0,departamento,villa urquiza,-34.565763,-58.496261,0,0,0
B,1329000.0,98.0,98.0,5.0,4.0,3.0,departamento,colegiales,-34.578029,-58.429972,0,0,0
B,353000.0,23.0,23.0,1.0,1.0,1.0,departamento,boedo,-34.610815,-58.417604,0,0,0
B,2988000.0,179.0,179.0,8.0,7.0,5.0,departamento,caballito,-34.60177,-58.447873,0,0,0
B,786000.0,38.0,38.0,1.0,1.0,1.0,departamento,palermo,-34.578305,-58.434991,0,0,0
B,1059000.0,61.0,61.0,2.0,1.0,1.0,departamento,recoleta,-34.571806,-58.400678,0,0,0
B,3023000.0,168.0,146.0,5.0,4.0,3.0,ph,belgrano,-34.571544,-58.460045,0,0,0
B,340000.0,24.0,24.0,1.0,1.0,1.0,departamento,villa urquiza,-34.564894,-58.489518,0,0,0
B,460000.0,25.0,25.0,1.0,1.0,1.0,departamento,colegiales,-34.566034,-58.452518,0,0,0
B,1121000.0,43.0,43.0,1.0,1.0,1.0,departamento,belgrano,-34.574669,-58.432351,0,0,0
B,894000.0,68.0,68.0,4.0,3.0,2.0,departamento,caballito,-34.609836,-58.426472,0,0,0
B,773000.0,39.0,39.0,2.0,1.0,1.0,departamento,recoleta,-34.601652,-58.387836,0,0,0
B,987000.0,87.0,73.0,2.0,1.0,1.0,ph,villa crespo,-34.589401,-58.443654,0,0,0
B,1099000.0,46.0,46.0,2.0,1.0,1.0,departamento,san telmo,-34.636507,-58.363724,0,0,0
B,816000.0,231.0,60.0,3.0,2.0,1.0,casa,boedo,-34.624776,-58.400054,0,0,0
B,501000.0,34.0,34.0,2.0,1.0,1.0,departamento,recoleta,-34.593332,-58.390472,0,0,0
B,643000.0,42.0,42.0,2.0,1.0,1.0,departamento,recoleta,-34.580954,-58.401327,0,0,1
B,1906000.0,112.0,112.0,5.0,4.0,3.0,departamento,caballito,-34.628521,-58.442804,0,0,0
B,740000.0,41.0,41.0,2.0,1.0,1.0,departamento,san telmo,-34.63359,-58.378617,0,0,0
B,873000.0,62.0,62.0,3.0,2.0,1.0,departamento,boedo,-34.637102,-58.4229,0,0,0
B,4176000.0,136.0,136.0,6.0,5.0,3.0,departamento,san telmo,-34.611033,-58.351574,0,0,0
B,823000.0,58.0,58.0,3.0,2.0,1.0,departamento,boedo,-34.636284,-58.435554,0,0,0
B,1323000.0,163.0,60.0,3.0,2.0,1.0,casa,recoleta,-34.598906,-58.390856,0,0,0
B,653000.0,58.0,41.0,2.0,1.0,1.0,ph,flores,-34.600972,-58.46012,0,0,0
B,2024000.0,108.0,108.0,4.0,3.0,2.0,departamento,almagro,-34.633784,-58.420772,0,0,0
B,646000.0,72.0,72.0,3.0,2.0,1.0,departamento,san telmo,-34.61467,-58.363532,0,0,0
B,1311000.0,93.0,87.0,2.0,1.0,1.0,ph,almagro,-34.620807,-58.412339,0,0,0
B,1705000.0,92.0,92.0,4.0,3.0,2.0,departamento,palermo,-34.58764,-58.441567,0,0,0
B,861000.0,63.0,63.0,3.0,2.0,2.0,departamento,belgrano,-34.580264,-58.472548,0,0,0
B,943000.0,61.0,56.0,2.0,1.0,1.0,ph,villa crespo,-34.607008,-58.441591,0,0,0
B,840000.0,50.0,50.0,2.0,1.0,1.0,departamento,san telmo,-34.622885,-58.374132,0,0,0
B,378000.0,30.0,30.0,2.0,1.0,1.0,departamento,boedo,-34.65571,-58.412814,0,0,0
B,273000.0,35.0,35.0,1.0,1.0,1.0,departamento,almagro,-34.623194,-58.423359,0,0,0
B,1112000.0,66.0,66.0,3.0,2.0,2.0,departamento,colegiales,-34.563612,-58.437024,0,0,0
B,1430000.0,96.0,92.0,2.0,2.0,1.0,ph,flores,-34.626192,-58.47237,0,0,1
B,1517000.0,73.0,73.0,3.0,2.0,2.0,departamento,san telmo,-34.63284,-58.364251,0,0,0
B,917000.0,53.0,53.0,3.0,2.0,2.0,departamento,recoleta,-34.58667,-58.412118,0,0,0
B,944000.0,63.0,63.0,3.0,2.0,2.0,departamento,san telmo,-34.635251,-58.365053,0,0,0
B,939000.0,59.0,59.0,2.0,1.0,1.0,departamento,villa urquiza,-34.582167,-58.458271,0,0,0
B,3257000.0,102.0,102.0,4.0,3.0,2.0,departamento,recoleta,-34.597481,-58.380664,0,0,0
B,1656000.0,122.0,106.0,4.0,3.0,2.0,ph,belgrano,-34.53859,-58.46583,0,0,0
B,947000.0,73.0,73.0,3.0,2.0,1.0,departamento,flores,-34.632974,-58.450482,0,0,0
B,1031000.0,114.0,82.0,3.0,2.0,1.0,ph,colegiales,-34.585237,-58.461065,0,0,0
B,378000.0,30.0,30.0,2.0,1.0,1.0,departamento,boedo,-34.65571,-58.412814,0,0,0
B,376000.0,36.0,36.0,1.0,1.0,1.0,departamento,san telmo,-34.591891,-58.384295,0,0,0
B,859000.0,71.0,71.0,3.0,2.0,2.0,departamento,caballito,-34.625193,-58.438847,0,0,0
B,447000.0,62.0,35.0,2.0,1.0,1.0,ph,almagro,-34.598749,-58.42589,0,0,0
B,853000.0,48.0,48.0,2.0,1.0,1.0,departamento,san telmo,-34.605095,-58.369237,0,0,0
B,593000.0,41.0,37.0,2.0,1.0,1.0,ph,caballito,-34.601732,-58.434495,0,0,0
B,2527000.0,130.0,130.0,7.0,6.0,1.0,departamento,san telmo,-34.629785,-58.338273,0,1,0
B,864000.0,32.0,32.0,1.0,1.0,1.0,departamento,recoleta,-34.580325,-58.403794,0,0,0
B,515000.0,22.0,22.0,1.0,1.0,1.0,departamento,palermo,-34.590739,-58.414029,0,0,0
B,484000.0,40.0,40.0,2.0,1.0,1.0,departamento,villa crespo,-34.601326,-58.431613,0,0,0
B,1115000.0,71.0,71.0,3.0,1.0,1.0,departamento,san telmo,-34.612748,-58.383135,1,0,0
B,746000.0,44.0,44.0,2.0,1.0,1.0,departamento,colegiales,-34.556404,-58.46064,0,0,0
B,781000.0,60.0,55.0,2.0,1.0,1.0,ph,boedo,-34.620839,-58.438284,0,0,0
B,3640000.0,404.0,150.0,5.0,4.0,3.0,casa,colegiales,-34.558199,-58.455192,0,0,0
B,499000.0,36.0,36.0,1.0,1.0,1.0,departamento,nunez,-34.549289,-58.466577,0,0,0
B,743000.0,61.0,61.0,2.0,1.0,1.0,departamento,almagro,-34.602861,-58.429114,0,1,0
B,764000.0,50.0,50.0,3.0,2.0,2.0,departamento,villa urquiza,-34.578095,-58.48386,0,0,0
B,1484000.0,94.0,84.0,3.0,2.0,1.0,ph,almagro,-34.597184,-58.408732,0,0,0
B,345000.0,25.0,25.0,1.0,1.0,1.0,departamento,almagro,-34.608528,-58.418556,0,0,0
B,468000.0,41.0,41.0,1.0,1.0,1.0,departamento,caballito,-34.644535,-58.428487,0,0,0
B,629000.0,35.0,35.0,1.0,1.0,1.0,departamento,palermo,-34.590859,-58.433138,0,0,0
B,992000.0,75.0,75.0,4.0,3.0,2.0,departamento,boedo,-34.621341,-58.406241,0,0,0
B,483000.0,28.0,28.0,1.0,1.0,1.0,departamento,san telmo,-34.618973,-58.370358,0,0,0
B,678000.0,39.0,39.0,2.0,1.0,1.0,departamento,belgrano,-34.563777,-58.448834,0,0,0
B,361000.0,28.0,28.0,2.0,1.0,1.0,departamento,san telmo,-34.623408,-58.36759,0,0,0
B,1765000.0,109.0,102.0,4.0,3.0,2.0,ph,boedo,-34.639681,-58.411067,0,0,0
B,911000.0,61.801903990277495,55.488150698804944,3.0,2.0,1.0,departamento,villa crespo,-34.596721,-58.438789,0,1,0
B,753000.0,50.0,50.0,2.0,1.0,1.0,departamento,villa crespo,-34.609142,-58.420948,0,0,0
B,474000.0,58.0,58.0,2.0,1.0,1.0,departamento,flores,-34.640132,-58.447165,0,0,0
B,1391000.0,58.0,58.0,3.0,2.0,2.0,departamento,villa crespo,-34.615564,-58.447807,0,0,0
B,1474000.0,78.0,59.0,2.0,1.0,1.0,ph,villa crespo,-34.600566,-58.430898,0,0,0
B,1119000.0,58.0,58.0,3.0,2.0,2.0,departamento,caballito,-34.609898,-58.434656,0,0,0
B,1832000.0,83.0,83.0,4.0,3.0,2.0,departamento,colegiales,-34.606439,-58.441865,0,0,0
B,1517000.0,73.0,73.0,3.0,2.0,2.0,departamento,san telmo,-34.63284,-58.364251,0,0,0
B,1363000.0,120.0,120.0,5.0,4.0,2.0,departamento,boedo,-34.638528,-58.393768,0,0,0
B,603000.0,48.0,48.0,3.0,2.0,1.0,departamento,villa crespo,-34.611497,-58.44775,0,0,0
B,1405000.0,65.0,65.0,3.0,2.0,2.0,departamento,palermo,-34.577938,-58.424315,0,0,0
B,1802000.0,130.0,115.0,4.0,3.0,2.0,ph,san telmo,-34.604023,-58.372786,0,0,0
B,303000.0,25.0,25.0,2.0,1.0,1.0,departamento,flores,-34.626827,-58.451759,0,0,0
B,1468000.0,89.0,89.0,4.0,3.0,2.0,departamento,boedo,-34.625556,-58.402912,0,0,0
B,583000.0,43.0,43.0,2.0,1.0,1.0,departamento,belgrano,-34.558567,-58.460073,0,0,0
B,2107000.0,77.0,77.0,4.0,3.0,2.0,departamento,belgrano,-34.55817,-58.462649,0,0,0
B,840000.0,62.0,62.0,3.0,2.0,1.0,departamento,caballito,-34.610293,-58.422721,0,0,0
B,805000.0,39.0,39.0,2.0,1.0,1.0,departamento,belgrano,-34.553524,-58.46335,0,0,0
B,578000.0,61.0,61.0,3.0,2.0,1.0,departamento,almagro,-34.606826,-58.420252,0,1,0
B,2164000.0,110.0,97.0,4.0,3.0,2.0,ph,nunez,-34.535446,-58.472081,0,0,0
B,486000.0,46.0,37.0,2.0,1.0,1.0,ph,san telmo,-34.637754,-58.371848,0,0,0
B,1909000.0,71.0,71.0,2.0,2.0,2.0,departamento,recoleta,-34.595856,-58.371392,0,0,1
B,1400000.0,68.0,68.0,3.0,2.0,2.0,departamento,villa urquiza,-34.555351,-58.492084,0,0,0
B,762000.0,66.0,66.0,3.0,2.0,2.0,departamento,flores,-34.622834,-58.445032,0,0,0
B,476000.0,58.0,58.0,3.0,2.0,1.0,departamento,villa crespo,-34.603059,-58.415048,0,1,0
B,845000.0,52.0,52.0,1.0,1.0,1.0,departamento,villa urquiza,-34.556127,-58.48586,0,0,0
B,1055000.0,63.0,63.0,3.0,2.0,1.0,departamento,nunez,-34.563315,-58.477735,0,0,0
B,510000.0,52.0,41.0,2.0,1.0,1.0,ph,san telmo,-34.647336,-58.376417,0,0,0
B,426000.0,37.0,37.0,2.0,1.0,1.0,departamento,boedo,-34.625649,-58.434964,0,0,0
B,869000.0,56.0,56.0,3.0,2.0,1.0,departamento,colegiales,-34.562911,-58.431968,0,0,0
B,990000.0,61.0,61.0,3.0,2.0,1.0,casa,san telmo,-34.636491,-58.360924,0,0,0
B,566000.0,41.0,41.0,1.0,1.0,1.0,departamento,boedo,-34.62449,-58.418349,0,0,0
B,503000.0,42.0,42.0,2.0,1.0,1.0,departamento,villa crespo,-34.607573,-58.447365,0,0,0
B,607000.0,38.0,38.0,1.0,1.0,1.0,departamento,colegiales,-34.574443,-58.450131,0,0,0
B,2159000.0,86.0,86.0,3.0,2.0,1.0,departamento,recoleta,-34.594203,-58.403858,0,0,0
B,1626000.0,73.0,69.0,3.0,1.0,1.0,ph,palermo,-34.559337,-58.435379,1,0,0
B,2942000.0,188.0,188.0,6.0,5.0,4.0,casa,colegiales,-34.571432,-58.456711,0,0,0
B,512000.0,45.0,45.0,2.0,1.0,1.0,departamento,flores,-34.62403,-58.455003,0,0,1
B,1884000.0,123.0,123.0,6.0,5.0,4.0,departamento,boedo,-34.632428,-58.41724,0,0,0
B,1267000.0,75.0,75.0,4.0,3.0,2.0,departamento,belgrano,-34.549646,-58.462834,0,0,0
B,684000.0,50.0,50.0,1.0,1.0,1.0,departamento,almagro,-34.591336,-58.423794,0,0,0
B,1360000.0,116.0,116.0,4.0,3.0,2.0,departamento,san telmo,-34.614807,-58.360716,0,0,0
B,422000.0,44.0,44.0,3.0,2.0,1.0,departamento,villa urquiza,-34.588336,-58.486966,0,0,0
B,932000.0,55.0,55.0,2.0,2.0,1.0,departamento,almagro,-34.620603,-58.433037,0,0,1
B,548000.0,31.0,31.0,1.0,1.0,1.0,departamento,nunez,-34.554924,-58.443854,0,0,0
B,1509000.0,70.0,70.0,3.0,2.0,1.0,departamento,recoleta,-34.600815,-58.375939,0,0,0
B,466000.0,52.0,52.0,3.0,2.0,1.0,departamento,almagro,-34.610816,-58.406628,0,0,0
B,864000.0,62.0,62.0,2.0,1.0,1.0,departamento,recoleta,-34.572257,-58.386011,0,0,0
B,1125000.0,59.0,59.0,3.0,2.0,1.0,departamento,nunez,-34.568115,-58.452298,0,0,0
B,554000.0,46.0,40.0,2.0,1.0,1.0,ph,almagro,-34.618241,-58.400513,0,0,0
B,793000.0,55.0,55.0,3.0,2.0,2.0,departamento,belgrano,-34.576753,-58.458024,0,0,0
B,2165000.0,96.0,96.0,5.0,4.0,2.0,departamento,palermo,-34.580917,-58.434796,0,0,0
B,470000.0,20.0,20.0,1.0,1.0,1.0,departamento,nunez,-34.553387,-58.466974,0,0,0
B,1031000.0,70.0,70.0,2.0,1.0,1.0,departamento,nunez,-34.538144,-58.477705,0,0,0
B,841000.0,29.0,29.0,2.0,1.0,1.0,departamento,palermo,-34.588562,-58.426752,0,0,0
B,697000.0,37.0,37.0,2.0,1.0,1.0,departamento,recoleta,-34.594352,-58.378365,0,1,0
B,330000.0,20.0,20.0,1.0,1.0,1.0,departamento,colegiales,-34.580003,-58.426544,0,0,0
B,2118000.0,475.0,149.0,5.0,4.0,3.0,casa,villa crespo,-34.5727,-58.452179,0,0,0
B,886000.0,65.0,65.0,4.0,3.0,2.0,departamento,nunez,-34.554888,-58.469298,0,0,0
B,786000.0,54.0,54.0,3.0,2.0,2.0,departamento,recoleta,-34.59353,-58.42601,0,0,0
B,534000.0,69.0,69.0,3.0,2.0,1.0,departamento,flores,-34.626129,-58.465392,0,0,0
B,883000.0,72.0,72.0,3.0,2.0,2.0,casa,palermo,-34.589169,-58.419407,0,0,0
B,1439000.0,72.0,72.0,3.0,2.0,2.0,departamento,nunez,-34.552428,-58.453535,0,0,0
B,1297000.0,50.0,50.0,2.0,1.0,1.0,departamento,nunez,-34.54526,-58.459208,0,0,0
B,613000.0,34.0,34.0,2.0,1.0,1.0,departamento,palermo,-34.580339,-58.430618,0,0,0
B,852000.0,57.0,57.0,2.0,1.0,1.0,departamento,almagro,-34.607191,-58.435079,0,0,0
B,838000.0,61.0,61.0,3.0,2.0,1.0,departamento,colegiales,-34.592293,-58.454077,0,0,0
B,689000.0,39.0,39.0,3.0,2.0,2.0,departamento,belgrano,-34.565876,-58.462261,0,0,0
B,1310000.0,59.0,59.0,2.0,1.0,1.0,ph,flores,-34.612595,-58.429757,0,0,0
B,2284000.0,340.0,186.0,7.0,6.0,4.0,casa,flores,-34.6586,-58.459368,0,0,0
B,866000.0,49.0,49.0,2.0,1.0,1.0,departamento,caballito,-34.616751,-58.434439,0,0,0
B,738000.0,38.0,38.0,2.0,1.0,1.0,ph,almagro,-34.620349,-58.434938,0,0,0
B,1234000.0,107.0,107.0,4.0,3.0,2.0,departamento,flores,-34.621495,-58.44493,0,0,0
B,1246000.0,77.0,77.0,3.0,2.0,2.0,departamento,san telmo,-34.627648,-58.381579,0,0,0
B,1300000.0,64.0,64.0,3.0,2.0,2.0,casa,villa crespo,-34.58552,-58.428012,0,0,0
B,1226000.0,88.0,88.0,3.0,2.0,1.0,departamento,villa crespo,-34.585277,-58.436722,0,0,0
B,2101000.0,117.0,117.0,6.0,5.0,3.0,departamento,caballito,-34.613802,-58.440624,0,0,0
B,2398000.0,91.0,91.0,4.0,3.0,2.0,departamento,nunez,-34.540439,-58.46198,0,0,0
B,4772000.0,395.0,234.0,8.0,7.0,5.0,casa,colegiales,-34.558207,-58.461461,0,0,0
B,549000.0,44.0,44.0,2.0,1.0,1.0,departamento,almagro,-34.613451,-58.404287,0,1,1
B,1357000.0,81.0,81.0,4.0,3.0,2.0,departamento,nunez,-34.548029,-58.458913,0,0,0
B,815000.0,37.0,37.0,2.0,1.0,1.0,departamento,belgrano,-34.55366,-58.457549,0,0,0
B,497000.0,48.0,48.0,2.0,1.0,1.0,departamento,flores,-34.645866,-58.475194,0,0,0
B,2114000.0,75.0,75.0,3.0,2.0,2.0,departamento,san telmo,-34.627481,-58.37051,0,0,0
B,5712000.0,167.0,167.0,7.0,6.0,5.0,departamento,belgrano,-34.583468,-58.459699,0,0,0
B,1152000.0,83.0,83.0,3.0,2.0,1.0,departamento,boedo,-34.627298,-58.402868,0,0,0
B,363000.0,32.0,32.0,1.0,1.0,1.0,departamento,caballito,-34.619226,-58.439596,0,0,0
B,628000.0,45.0,45.0,1.0,1.0,1.0,departamento,villa crespo,-34.593811,-58.431633,0,0,0
B,2083000.0,59.0,59.0,2.0,3.0,2.0,departamento,recoleta,-34.584258,-58.399317,0,0,1
B,1133000.0,107.0,107.0,5.0,4.0,3.0,departamento,san telmo,-34.611964,-58.377319,0,0,0
B,1323000.0,64.0,64.0,4.0,3.0,2.0,departamento,palermo,-34.583118,-58.436201,0,0,0
B,1178000.0,54.0,54.0,2.0,1.0,1.0,ph,caballito,-34.640949,-58.416789,0,0,0
B,1103000.0,279.0,82.0,3.0,2.0,1.0,casa,almagro,-34.618469,-58.423127,0,0,0
B,624000.0,47.0,47.0,3.0,2.0,1.0,departamento,recoleta,-34.60363,-58.382261,0,0,0
B,846000.0,51.0,51.0,3.0,2.0,1.0,departamento,nunez,-34.523712,-58.47009,0,0,0
B,1048000.0,51.0,51.0,4.0,3.0,2.0,departamento,palermo,-34.568222,-58.434622,0,0,0
B,1138000.0,309.0,309.0,3.0,2.0,1.0,casa,caballito,-34.62318,-58.435755,0,0,0
B,511000.0,48.0,48.0,2.0,1.0,1.0,departamento,caballito,-34.645978,-58.428782,0,1,0
B,812000.0,52.0,52.0,3.0,2.0,2.0,departamento,almagro,-34.605952,-58.420188,0,0,0
B,1161000.0,85.0,85.0,4.0,3.0,2.0,departamento,colegiales,-34.563186,-58.464017,0,0,0
B,371000.0,31.0,31.0,2.0,1.0,1.0,departamento,flores,-34.620061,-58.460865,0,0,0
B,1523000.0,127.0,120.0,5.0,4.0,3.0,ph,villa urquiza,-34.605896,-58.483906,0,0,0
B,815000.0,63.0,63.0,3.0,2.0,1.0,departamento,nunez,-34.542153,-58.479455,0,0,0
B,959000.0,58.0,58.0,4.0,3.0,2.0,departamento,belgrano,-34.571562,-58.47173,0,0,0
B,540000.0,36.0,36.0,1.0,1.0,1.0,departamento,nunez,-34.561584,-58.46661,0,0,0
B,542000.0,46.0,46.0,2.0,1.0,1.0,departamento,villa crespo,-34.598649,-58.433986,0,0,0
B,904000.0,57.0,57.0,3.0,2.0,2.0,departamento,villa urquiza,-34.580118,-58.482585,0,0,0
B,235000.0,25.0,25.0,1.0,1.0,1.0,departamento,flores,-34.623979,-58.47303,0,0,0
B,1035000.0,64.0,64.0,3.0,2.0,1.0,departamento,colegiales,-34.580263,-58.448458,0,0,0
B,635000.0,53.0,53.0,3.0,2.0,1.0,departamento,villa urquiza,-34.58667,-58.498772,0,0,0
B,286000.0,21.0,21.0,2.0,1.0,1.0,departamento,villa crespo,-34.6068,-58.44518,0,0,0
B,611000.0,44.0,44.0,1.0,1.0,1.0,departamento,belgrano,-34.568979,-58.48077,0,0,0
B,702000.0,61.801903990277495,55.488150698804944,2.0,1.0,1.0,ph,almagro,-34.605988,-58.42348,0,0,0
B,821000.0,56.0,56.0,3.0,2.0,2.0,departamento,boedo,-34.608492,-58.411647,0,0,0
B,1542000.0,91.0,91.0,5.0,1.0,3.0,departamento,san telmo,-34.653712,-58.374567,1,0,0
B,531000.0,43.0,43.0,2.0,1.0,1.0,departamento,almagro,-34.631322,-58.433341,0,0,0
B,1121000.0,76.0,76.0,4.0,3.0,2.0,departamento,caballito,-34.600439,-58.429949,0,0,0
B,642000.0,44.0,44.0,2.0,1.0,1.0,departamento,recoleta,-34.591789,-58.389471,0,0,0
B,1659000.0,89.0,89.0,4.0,3.0,2.0,departamento,recoleta,-34.586506,-58.401382,0,0,0
B,928000.0,61.0,58.0,2.0,1.0,1.0,ph,colegiales,-34.576576,-58.465074,0,0,0
B,381000.0,33.0,33.0,1.0,1.0,1.0,departamento,flores,-34.636315,-58.457081,0,0,0
B,494000.0,60.0,35.0,2.0,1.0,1.0,ph,boedo,-34.653279,-58.422626,0,0,1
B,2264000.0,73.0,73.0,4.0,3.0,2.0,departamento,recoleta,-34.562838,-58.406293,0,0,0
B,739000.0,69.0,59.0,2.0,1.0,1.0,ph,san telmo,-34.599309,-58.368406,0,0,0
B,331000.0,24.0,24.0,1.0,1.0,1.0,departamento,villa urquiza,-34.591323,-58.508288,0,0,0
B,405000.0,39.0,39.0,2.0,1.0,1.0,departamento,flores,-34.634946,-58.434515,0,0,0
B,769000.0,78.0,78.0,3.0,2.0,1.0,casa,boedo,-34.627775,-58.398637,0,0,0
B,756000.0,56.0,43.0,2.0,1.0,1.0,ph,recoleta,-34.584439,-58.390896,0,0,0
B,1655000.0,69.0,69.0,3.0,2.0,1.0,departamento,flores,-34.614308,-58.479274,0,0,0
B,778000.0,55.0,55.0,2.0,1.0,1.0,departamento,caballito,-34.623847,-58.430599,0,0,0
B,259000.0,23.0,23.0,1.0,1.0,1.0,departamento,san telmo,-34.630623,-58.366268,0,0,0
B,742000.0,100.0,100.0,4.0,3.0,2.0,departamento,flores,-34.622108,-58.460042,0,0,0
B,629000.0,36.0,36.0,2.0,1.0,1.0,departamento,nunez,-34.555277,-58.474573,0,0,0
B,1871000.0,139.0,131.0,5.0,4.0,2.0,ph,san telmo,-34.634391,-58.369215,0,0,0
B,2733000.0,102.0,102.0,4.0,3.0,2.0,casa,villa crespo,-34.614908,-58.436839,0,0,0
B,765000.0,39.0,39.0,1.0,1.0,1.0,departamento,palermo,-34.592244,-58.408354,0,0,0
B,232000.0,22.0,22.0,1.0,1.0,1.0,departamento,villa urquiza,-34.57461,-58.485072,0,0,0
B,611000.0,46.0,46.0,2.0,1.0,1.0,departamento,flores,-34.630399,-58.459887,1,0,0
B,5337000.0,189.0,189.0,8.0,7.0,5.0,departamento,palermo,-34.585919,-58.422218,0,0,0
B,1011000.0,52.0,52.0,2.0,1.0,1.0,departamento,colegiales,-34.55813,-58.449431,0,0,0
B,1206000.0,61.801903990277495,55.488150698804944,2.0,1.0,1.0,ph,belgrano,-34.588664,-58.464571,0,0,0
B,447000.0,48.0,48.0,2.0,1.0,1.0,departamento,san telmo,-34.621464,-58.377607,0,0,0
B,802000.0,77.0,77.0,4.0,3.0,2.0,departamento,villa urquiza,-34.574772,-58.501553,0,0,0
B,2607000.0,128.0,128.0,2.0,5.0,3.0,departamento,villa urquiza,-34.589277,-58.477173,0,0,1
B,362000.0,33.0,33.0,1.0,1.0,1.0,departamento,almagro,-34.586221,-58.399069,0,0,0
B,1568000.0,56.0,56.0,2.0,1.0,1.0,departamento,belgrano,-34.573786,-58.454076,0,1,0
B,1699000.0,108.0,108.0,5.0,4.0,2.0,departamento,san telmo,-34.62325,-58.386449,0,0,0
B,4731000.0,243.0,188.0,6.0,5.0,4.0,casa,belgrano,-34.566827,-58.448913,0,0,0
B,835000.0,65.0,65.0,2.0,1.0,1.0,departamento,colegiales,-34.581194,-58.44595,0,0,0
B,510000.0,53.0,53.0,3.0,2.0,1.0,departamento,boedo,-34.625621,-58.410097,0,0,0
B,850000.0,39.0,39.0,1.0,1.0,1.0,departamento,san telmo,-34.632728,-58.352622,1,1,0
B,1068000.0,55.0,55.0,1.0,1.0,1.0,departamento,colegiales,-34.564985,-58.459488,0,0,0
B,1088000.0,46.0,46.0,2.0,1.0,1.0,departamento,palermo,-34.586969,-58.412763,0,0,1
B,698000.0,37.0,37.0,2.0,1.0,1.0,departamento,recoleta,-34.574126,-58.383379,0,0,0
B,926000.0,65.0,65.0,4.0,3.0,2.0,departamento,villa crespo,-34.620101,-58.451203,0,0,0
B,834000.0,50.0,50.0,2.0,1.0,1.0,departamento,villa crespo,-34.593865,-58.445625,0,0,0
B,330000.0,39.0,39.0,2.0,1.0,1.0,departamento,boedo,-34.62919,-58.409195,0,0,0
B,538000.0,42.0,42.0,2.0,1.0,1.0,departamento,san telmo,-34.622706,-58.374588,0,0,0
B,508000.0,35.0,35.0,2.0,1.0,1.0,departamento,palermo,-34.590725,-58.423275,1,0,0
B,2691000.0,98.0,98.0,4.0,3.0,3.0,departamento,belgrano,-34.559595,-58.469854,0,0,0
B,434000.0,41.0,41.0,2.0,1.0,1.0,departamento,san telmo,-34.619274,-58.377509,0,0,0
B,965000.0,176.0,60.0,3.0,2.0,1.0,casa,villa crespo,-34.595788,-58.436848,0,0,0
B,1063000.0,82.0,82.0,3.0,2.0,2.0,departamento,flores,-34.631904,-58.444562,0,0,0
B,1506000.0,94.0,94.0,4.0,3.0,2.0,departamento,belgrano,-34.544607,-58.453623,0,0,0
B,354000.0,35.0,35.0,1.0,1.0,1.0,departamento,villa urquiza,-34.590496,-58.491688,1,0,0
B,757000.0,77.0,77.0,4.0,3.0,2.0,departamento,boedo,-34.633144,-58.401647,0,0,0
B,1243000.0,95.0,87.0,4.0,3.0,2.0,ph,boedo,-34.625417,-58.415159,0,0,0
B,504000.0,49.0,49.0,3.0,2.0,1.0,departamento,boedo,-34.610352,-58.391851,0,0,0
B,1042000.0,56.0,56.0,3.0,2.0,1.0,departamento,palermo,-34.586526,-58.41268,0,0,0
B,546000.0,48.0,48.0,3.0,2.0,1.0,departamento,boedo,-34.625429,-58.415682,0,0,0
B,1776000.0,95.0,95.0,5.0,4.0,2.0,departamento,caballito,-34.621971,-58.45649,0,0,0
B,605000.0,43.0,43.0,2.0,1.0,1.0,departamento,boedo,-34.645046,-58.419118,0,0,0
B,3849000.0,126.0,126.0,6.0,5.0,4.0,departamento,belgrano,-34.565671,-58.452577,0,0,0
B,543000.0,48.0,48.0,3.0,2.0,2.0,departamento,almagro,-34.599187,-58.414872,0,0,0
B,461000.0,36.0,36.0,1.0,1.0,1.0,departamento,almagro,-34.608885,-58.423961,0,0,0
B,474000.0,35.0,35.0,2.0,1.0,1.0,departamento,villa urquiza,-34.578837,-58.488442,0,1,0
B,268000.0,22.0,22.0,1.0,1.0,1.0,departamento,recoleta,-34.578185,-58.38811,0,0,0
B,333000.0,20.0,20.0,1.0,1.0,1.0,departamento,villa crespo,-34.599824,-58.427848,0,0,0
B,450000.0,31.0,31.0,1.0,1.0,1.0,departamento,nunez,-34.537596,-58.453454,0,0,0
B,818000.0,42.0,42.0,2.0,1.0,1.0,departamento,colegiales,-34.58631,-58.449252,0,0,0
B,1338000.0,62.0,62.0,3.0,2.0,1.0,departamento,belgrano,-34.559593,-58.464924,0,0,0
B,745000.0,50.0,50.0,2.0,1.0,1.0,departamento,nunez,-34.542074,-58.47792,0,0,0
B,661000.0,30.0,30.0,1.0,1.0,1.0,departamento,belgrano,-34.566136,-58.454892,0,0,0
B,662000.0,51.0,51.0,3.0,2.0,2.0,departamento,nunez,-34.551189,-58.459424,0,0,0
B,817000.0,47.0,47.0,3.0,2.0,1.0,departamento,colegiales,-34.555139,-58.454215,0,0,0
B,603000.0,32.0,32.0,1.0,1.0,1.0,departamento,colegiales,-34.592024,-58.450113,0,0,0
B,590000.0,54.0,54.0,3.0,2.0,2.0,departamento,san telmo,-34.607734,-58.40172,0,0,0
B,420000.0,36.0,36.0,2.0,1.0,1.0,departamento,boedo,-34.648475,-58.408697,0,0,0
B,887000.0,51.0,51.0,3.0,2.0,1.0,departamento,san telmo,-34.602518,-58.359334,0,0,0
B,714000.0,73.0,55.0,2.0,1.0,1.0,ph,san telmo,-34.62886,-58.389616,0,1,0
B,683000.0,35.0,35.0,2.0,1.0,1.0,departamento,colegiales,-34.571335,-58.459824,0,0,0
B,689000.0,39.0,39.0,3.0,2.0,2.0,departamento,belgrano,-34.565876,-58.462261,0,0,0
B,1277000.0,36.0,36.0,2.0,1.0,1.0,departamento,palermo,-34.574068,-58.435188,0,0,0
B,398000.0,27.0,27.0,1.0,1.0,1.0,departamento,villa crespo,-34.589706,-58.459987,0,0,0
B,1959000.0,188.0,75.0,3.0,2.0,1.0,casa,belgrano,-34.560327,-58.445518,0,0,0
B,435000.0,47.0,47.0,2.0,1.0,1.0,departamento,flores,-34.652527,-58.46519,0,0,0
B,2114000.0,317.0,99.0,4.0,3.0,2.0,casa,palermo,-34.579258,-58.412923,0,0,0
B,468000.0,36.0,36.0,2.0,1.0,1.0,departamento,san telmo,-34.625113,-58.37685,0,0,0
B,613000.0,38.0,38.0,2.0,1.0,1.0,departamento,caballito,-34.63365,-58.437494,0,0,0
B,1159000.0,82.0,82.0,3.0,2.0,1.0,departamento,almagro,-34.59279,-58.43741,0,0,0
B,1226000.0,56.0,56.0,3.0,2.0,1.0,departamento,villa crespo,-34.603969,-58.417357,0,0,0
B,482000.0,49.0,49.0,2.0,1.0,1.0,departamento,villa crespo,-34.604297,-58.436791,0,0,0
B,1204000.0,85.0,85.0,4.0,3.0,2.0,departamento,flores,-34.61826,-58.460017,0,0,0
B,665000.0,49.0,49.0,3.0,1.0,1.0,departamento,flores,-34.634264,-58.447875,1,0,0
B,1346000.0,87.0,66.0,2.0,1.0,1.0,ph,flores,-34.633611,-58.448193,1,0,0
B,259000.0,33.0,33.0,2.0,1.0,1.0,departamento,san telmo,-34.639828,-58.360778,0,0,0
B,320000.0,20.0,20.0,1.0,1.0,1.0,departamento,palermo,-34.572834,-58.443452,0,0,0
B,719000.0,47.0,47.0,2.0,1.0,1.0,departamento,caballito,-34.624626,-58.448797,0,0,0
B,904000.0,57.0,57.0,2.0,1.0,1.0,departamento,nunez,-34.541027,-58.457718,0,0,0
B,940000.0,74.0,61.0,2.0,1.0,1.0,ph,belgrano,-34.54725,-58.463493,0,1,0
B,499000.0,34.0,34.0,1.0,1.0,1.0,departamento,caballito,-34.606668,-58.430167,0,0,0
B,840000.0,50.0,50.0,2.0,1.0,1.0,departamento,san telmo,-34.622885,-58.374132,0,0,0
B,1009000.0,50.0,50.0,3.0,2.0,1.0,departamento,belgrano,-34.569024,-58.444722,0,0,0
B,413000.0,69.0,43.0,2.0,1.0,1.0,ph,san telmo,-34.610249,-58.372077,0,0,0
B,435000.0,34.0,34.0,2.0,1.0,1.0,departamento,nunez,-34.552341,-58.463444,0,0,0
B,1176000.0,98.0,77.0,3.0,2.0,1.0,ph,san telmo,-34.618461,-58.34839,0,0,0
B,1239000.0,83.0,83.0,3.0,1.0,1.0,departamento,flores,-34.615128,-58.45659,1,0,0
B,485000.0,27.0,27.0,1.0,1.0,1.0,departamento,belgrano,-34.581501,-58.458914,0,0,0
B,760000.0,59.0,59.0,3.0,2.0,1.0,departamento,flores,-34.622484,-58.453037,0,0,0
B,2840000.0,239.0,129.0,4.0,3.0,2.0,casa,colegiales,-34.570764,-58.452761,0,0,0
B,2089000.0,139.0,139.0,2.0,3.0,2.0,ph,boedo,-34.626457,-58.417448,0,0,1
B,1153000.0,91.0,91.0,4.0,3.0,2.0,departamento,nunez,-34.544137,-58.457343,0,0,0
B,1947000.0,167.0,158.0,6.0,5.0,4.0,ph,flores,-34.618862,-58.456735,0,0,0
B,636000.0,49.0,49.0,3.0,2.0,1.0,departamento,boedo,-34.62657,-58.43761,0,0,0
B,1757000.0,111.0,111.0,5.0,4.0,3.0,departamento,caballito,-34.641546,-58.417383,0,0,0
B,1611000.0,77.0,77.0,4.0,3.0,2.0,departamento,villa urquiza,-34.571694,-58.490842,0,0,0
B,973000.0,86.0,78.0,3.0,2.0,1.0,ph,colegiales,-34.587595,-58.443458,0,0,0
B,1026000.0,39.0,39.0,2.0,1.0,1.0,departamento,recoleta,-34.567735,-58.416761,0,0,0
B,929000.0,55.0,48.0,2.0,1.0,1.0,ph,belgrano,-34.588209,-58.469818,0,0,0
B,475000.0,62.0,47.0,2.0,1.0,1.0,ph,nunez,-34.540675,-58.465598,0,0,0
B,812000.0,43.0,43.0,1.0,1.0,1.0,departamento,palermo,-34.590564,-58.423594,0,0,0
B,611000.0,44.0,44.0,2.0,1.0,1.0,departamento,flores,-34.621568,-58.471616,0,0,0
B,592000.0,42.0,42.0,2.0,1.0,1.0,departamento,colegiales,-34.584546,-58.450945,0,0,0
B,741000.0,52.0,52.0,2.0,1.0,1.0,departamento,colegiales,-34.56421,-58.471739,0,0,0
B,3887000.0,150.0,150.0,5.0,4.0,3.0,casa,palermo,-34.568659,-58.427784,0,0,0
B,898000.0,46.0,46.0,3.0,2.0,1.0,departamento,palermo,-34.578813,-58.436728,0,0,0
B,611000.0,37.0,37.0,1.0,1.0,1.0,departamento,colegiales,-34.566563,-58.46214,0,0,0
B,670000.0,67.0,63.0,2.0,1.0,1.0,ph,caballito,-34.609284,-58.430291,0,0,0
B,2368000.0,122.0,122.0,6.0,5.0,4.0,departamento,almagro,-34.618463,-58.391335,0,0,0
B,1377000.0,240.0,95.0,3.0,2.0,1.0,casa,almagro,-34.591296,-58.422779,0,0,0
B,629000.0,30.0,30.0,1.0,1.0,1.0,departamento,recoleta,-34.597378,-58.393281,0,0,0
B,2539000.0,139.0,139.0,6.0,5.0,4.0,departamento,san telmo,-34.62001,-58.336766,0,0,0
B,647000.0,56.0,56.0,2.0,1.0,1.0,departamento,almagro,-34.61099,-58.440462,0,0,0
B,1179000.0,39.0,39.0,1.0,1.0,1.0,departamento,belgrano,-34.567321,-58.468695,0,1,0
B,2243000.0,127.0,127.0,6.0,5.0,3.0,departamento,boedo,-34.619782,-58.421601,0,0,0
B,740000.0,39.0,39.0,2.0,1.0,1.0,departamento,recoleta,-34.596946,-58.406326,0,0,0
B,342000.0,27.0,27.0,1.0,1.0,1.0,departamento,san telmo,-34.614365,-58.383239,0,0,0
B,932000.0,93.0,74.0,2.0,1.0,1.0,ph,boedo,-34.627044,-58.397684,0,0,0
B,1435000.0,97.0,97.0,4.0,3.0,2.0,ph,almagro,-34.624812,-58.419507,0,0,0
B,919000.0,59.0,59.0,2.0,1.0,1.0,ph,colegiales,-34.565883,-58.458091,0,0,0
B,762000.0,41.0,41.0,2.0,1.0,1.0,departamento,caballito,-34.602209,-58.42153,0,0,0
B,564000.0,57.0,57.0,2.0,1.0,1.0,departamento,caballito,-34.61212,-58.436583,0,1,0
B,636000.0,47.0,47.0,2.0,1.0,1.0,departamento,caballito,-34.616947,-58.429475,0,0,0
B,2101000.0,117.0,117.0,6.0,5.0,3.0,departamento,caballito,-34.613802,-58.440624,0,0,0
B,371000.0,38.0,38.0,2.0,1.0,1.0,departamento,boedo,-34.638031,-58.395314,0,0,0
B,506000.0,27.0,27.0,1.0,1.0,1.0,departamento,nunez,-34.542266,-58.451486,0,0,0
B,669000.0,35.0,35.0,2.0,1.0,1.0,departamento,colegiales,-34.58141,-58.449381,0,0,0
B,1455000.0,133.0,109.0,5.0,4.0,3.0,ph,flores,-34.642345,-58.437702,0,0,0
B,345000.0,37.0,37.0,2.0,1.0,1.0,departamento,san telmo,-34.612642,-58.371848,0,0,0
B,396000.0,20.0,20.0,1.0,1.0,1.0,departamento,villa urquiza,-34.592396,-58.498474,0,0,0
B,489000.0,41.0,41.0,2.0,1.0,1.0,departamento,san telmo,-34.608365,-58.382471,0,0,0
B,1175000.0,70.0,70.0,3.0,2.0,1.0,departamento,colegiales,-34.570795,-58.450282,0,0,0
B,359000.0,32.0,32.0,2.0,1.0,1.0,departamento,almagro,-34.605104,-58.407353,0,0,0
B,658000.0,54.0,54.0,3.0,2.0,1.0,departamento,villa urquiza,-34.575338,-58.484935,0,0,0
B,1710000.0,86.0,86.0,4.0,3.0,2.0,departamento,belgrano,-34.569574,-58.460839,0,0,0
B,1209000.0,71.0,71.0,3.0,2.0,2.0,departamento,colegiales,-34.575349,-58.443114,0,0,0
B,2180000.0,120.0,92.0,3.0,2.0,1.0,ph,recoleta,-34.586012,-58.394664,0,0,0
B,276000.0,20.0,20.0,1.0,1.0,1.0,departamento,caballito,-34.611139,-58.436053,0,0,0
B,708000.0,55.0,55.0,3.0,2.0,2.0,departamento,san telmo,-34.636013,-58.360912,0,0,0
B,1478000.0,68.0,68.0,3.0,2.0,1.0,departamento,belgrano,-34.547365,-58.46598,0,0,0
B,907000.0,54.0,54.0,2.0,1.0,1.0,departamento,nunez,-34.525002,-58.463857,0,0,0
B,739000.0,69.0,59.0,2.0,1.0,1.0,ph,san telmo,-34.599309,-58.368406,0,0,0
B,528000.0,38.0,38.0,2.0,1.0,1.0,departamento,caballito,-34.614689,-58.46723,0,0,0
B,563000.0,47.0,47.0,2.0,1.0,1.0,departamento,san telmo,-34.617586,-58.375482,0,0,0
B,1565000.0,89.0,89.0,4.0,3.0,2.0,departamento,palermo,-34.575939,-58.435646,0,0,0
B,504000.0,31.0,31.0,1.0,1.0,1.0,departamento,palermo,-34.578307,-58.438646,0,0,0
B,2554000.0,132.0,132.0,6.0,5.0,4.0,departamento,flores,-34.601376,-58.457072,0,0,0
B,1274000.0,72.0,72.0,4.0,3.0,3.0,departamento,villa urquiza,-34.57167,-58.498011,0,0,0
B,1247000.0,85.0,85.0,3.0,2.0,1.0,departamento,palermo,-34.568079,-58.426624,0,0,0
B,1206000.0,225.0,61.0,3.0,2.0,2.0,casa,san telmo,-34.62954,-58.385919,0,0,0
B,1716000.0,88.0,88.0,5.0,4.0,2.0,departamento,san telmo,-34.580745,-58.384926,0,0,0
B,348000.0,30.0,30.0,1.0,1.0,1.0,departamento,san telmo,-34.629576,-58.373501,0,0,0
B,948000.0,76.0,76.0,4.0,3.0,2.0,departamento,flores,-34.63131,-58.466992,0,0,0
B,1252000.0,78.0,78.0,3.0,2.0,1.0,departamento,villa crespo,-34.597834,-58.4246,0,0,0
B,998000.0,85.0,85.0,4.0,3.0,2.0,departamento,villa crespo,-34.62819,-58.443539,0,0,0
B,292000.0,29.0,29.0,1.0,1.0,1.0,departamento,flores,-34.647807,-58.47038,0,0,0
B,889000.0,39.0,39.0,2.0,1.0,1.0,departamento,belgrano,-34.565457,-58.446784,0,0,0
B,717000.0,51.0,51.0,3.0,2.0,1.0,departamento,villa urquiza,-34.586826,-58.473694,0,0,0
B,371000.0,22.0,22.0,1.0,1.0,1.0,departamento,villa urquiza,-34.565664,-58.47503,0,0,0
B,949000.0,62.0,62.0,4.0,3.0,2.0,departamento,caballito,-34.607971,-58.443483,0,0,0
B,664000.0,57.0,57.0,3.0,2.0,2.0,departamento,caballito,-34.614972,-58.417892,0,0,0
B,646000.0,41.0,41.0,2.0,1.0,1.0,departamento,recoleta,-34.604384,-58.399787,0,0,0
B,358000.0,35.0,35.0,2.0,1.0,1.0,departamento,almagro,-34.617205,-58.442398,0,0,0
B,705000.0,34.0,34.0,2.0,1.0,1.0,departamento,flores,-34.611004,-58.458776,0,0,0
B,433000.0,36.0,36.0,1.0,1.0,1.0,departamento,flores,-34.641048,-58.471269,0,0,0
B,267000.0,25.0,25.0,1.0,1.0,1.0,departamento,palermo,-34.576078,-58.438583,0,0,0
B,1096000.0,55.0,48.0,2.0,1.0,1.0,ph,recoleta,-34.578937,-58.397363,1,0,0
B,267000.0,22.0,22.0,2.0,1.0,1.0,departamento,almagro,-34.60897,-58.418765,0,0,1
B,417000.0,51.0,51.0,2.0,1.0,1.0,departamento,boedo,-34.631566,-58.411302,0,0,0
B,716000.0,59.0,59.0,2.0,1.0,1.0,departamento,villa crespo,-34.602449,-58.434552,0,0,0
B,825000.0,57.0,57.0,2.0,1.0,1.0,departamento,colegiales,-34.589017,-58.437263,0,0,0
B,705000.0,51.0,51.0,2.0,1.0,1.0,departamento,colegiales,-34.562115,-58.444037,0,0,0
B,524000.0,39.0,39.0,2.0,1.0,1.0,departamento,belgrano,-34.562108,-58.453024,0,0,0
B,2014000.0,167.0,151.0,5.0,4.0,3.0,ph,boedo,-34.611928,-58.422238,0,0,0
B,1263000.0,65.0,65.0,2.0,1.0,1.0,departamento,villa urquiza,-34.586989,-58.5015,0,0,0
B,860000.0,71.0,71.0,3.0,2.0,2.0,ph,villa urquiza,-34.582805,-58.498275,0,0,0
B,1291000.0,106.0,106.0,5.0,4.0,3.0,departamento,villa urquiza,-34.577054,-58.474273,0,0,0
B,1658000.0,81.0,67.0,2.0,1.0,1.0,ph,recoleta,-34.583374,-58.390974,0,0,0
B,1849000.0,66.0,66.0,3.0,2.0,2.0,departamento,recoleta,-34.604248,-58.401638,0,0,0
B,584000.0,32.0,32.0,2.0,1.0,1.0,departamento,villa crespo,-34.630458,-58.435826,0,0,0
B,871000.0,53.0,53.0,3.0,2.0,1.0,departamento,nunez,-34.556629,-58.467656,0,0,0
B,599000.0,44.0,44.0,2.0,1.0,1.0,departamento,nunez,-34.543416,-58.473245,0,0,0
B,515000.0,22.0,22.0,1.0,1.0,1.0,departamento,palermo,-34.590739,-58.414029,0,0,0
B,912000.0,51.0,51.0,2.0,1.0,1.0,departamento,colegiales,-34.572979,-58.469036,0,0,0
B,618000.0,50.0,50.0,3.0,2.0,1.0,departamento,villa crespo,-34.5771,-58.437732,0,0,0
B,1184000.0,80.0,80.0,4.0,3.0,2.0,departamento,colegiales,-34.567556,-58.435294,0,0,0
B,343000.0,41.0,41.0,1.0,1.0,1.0,departamento,san telmo,-34.640689,-58.371015,0,0,0
B,501000.0,37.0,37.0,2.0,1.0,1.0,departamento,almagro,-34.589896,-58.433489,0,0,0
B,514000.0,51.0,51.0,3.0,2.0,1.0,departamento,nunez,-34.554851,-58.449097,0,1,0
B,600000.0,45.0,45.0,2.0,1.0,1.0,departamento,recoleta,-34.593554,-58.402352,0,0,0
B,727000.0,42.0,42.0,2.0,1.0,1.0,ph,san telmo,-34.620136,-58.374547,0,0,0
B,529000.0,43.0,43.0,2.0,1.0,1.0,departamento,boedo,-34.598158,-58.425945,0,0,0
B,212000.0,20.0,20.0,1.0,1.0,1.0,departamento,villa urquiza,-34.566458,-58.489453,0,0,0
B,959000.0,68.0,68.0,3.0,1.0,2.0,departamento,recoleta,-34.589289,-58.375732,1,0,0
B,1430000.0,96.0,92.0,3.0,2.0,1.0,ph,flores,-34.626192,-58.47237,0,0,0
B,2945000.0,64.0,64.0,3.0,2.0,1.0,departamento,palermo,-34.5663,-58.429236,0,0,0
B,583000.0,61.0,61.0,3.0,2.0,2.0,departamento,almagro,-34.603961,-58.420416,0,0,0
B,618000.0,68.0,46.0,2.0,1.0,1.0,ph,caballito,-34.609833,-58.443893,0,0,0
B,2770000.0,109.0,109.0,5.0,4.0,2.0,departamento,belgrano,-34.555747,-58.465727,0,0,0
B,952000.0,74.0,74.0,4.0,3.0,2.0,departamento,san telmo,-34.613303,-58.373769,0,0,0
B,689000.0,31.0,31.0,2.0,1.0,1.0,departamento,san telmo,-34.592458,-58.381102,1,0,0
B,517000.0,34.0,34.0,2.0,1.0,1.0,departamento,boedo,-34.618275,-58.414122,0,0,0
B,601000.0,35.0,35.0,2.0,1.0,1.0,departamento,recoleta,-34.581755,-58.393121,0,0,0
B,1796000.0,124.0,124.0,5.0,4.0,3.0,departamento,villa urquiza,-34.593338,-58.4916,0,0,0
B,253000.0,20.0,20.0,2.0,1.0,1.0,departamento,boedo,-34.627417,-58.433939,0,0,0
B,729000.0,36.0,36.0,1.0,1.0,1.0,departamento,belgrano,-34.556654,-58.454796,0,0,0
B,469000.0,42.0,42.0,2.0,1.0,1.0,departamento,recoleta,-34.596602,-58.39947,0,0,0
B,3561000.0,153.0,153.0,7.0,6.0,4.0,departamento,nunez,-34.550874,-58.460707,0,0,0
B,521000.0,20.0,20.0,1.0,1.0,1.0,departamento,belgrano,-34.583864,-58.451456,0,0,0
B,1034000.0,66.0,66.0,4.0,3.0,2.0,departamento,colegiales,-34.570411,-58.440002,0,0,0
B,1524000.0,98.0,86.0,3.0,1.0,2.0,ph,belgrano,-34.568972,-58.469401,1,0,0
B,717000.0,78.0,70.0,2.0,1.0,1.0,ph,san telmo,-34.630537,-58.368006,0,0,0
B,1448000.0,68.0,68.0,3.0,2.0,2.0,departamento,recoleta,-34.580635,-58.393006,0,0,0
B,580000.0,37.0,37.0,1.0,1.0,1.0,departamento,colegiales,-34.577633,-58.431161,0,0,0
B,724000.0,50.0,50.0,2.0,1.0,1.0,departamento,almagro,-34.586467,-58.439921,0,0,0
B,688000.0,38.0,38.0,2.0,1.0,1.0,departamento,colegiales,-34.604583,-58.459908,0,0,0
B,305000.0,24.0,24.0,1.0,1.0,1.0,departamento,colegiales,-34.576973,-58.460925,0,0,0
B,739000.0,40.0,40.0,3.0,2.0,1.0,departamento,villa crespo,-34.607673,-58.435676,0,0,0
B,1220000.0,91.0,91.0,5.0,4.0,3.0,departamento,belgrano,-34.552738,-58.454829,0,0,0
B,923000.0,64.0,64.0,2.0,1.0,1.0,departamento,flores,-34.621917,-58.465523,0,0,0
B,1073000.0,63.0,63.0,3.0,2.0,1.0,ph,colegiales,-34.577021,-58.428842,0,0,0
B,1161000.0,85.0,85.0,4.0,3.0,2.0,departamento,colegiales,-34.563186,-58.464017,0,0,0
B,642000.0,55.0,55.0,2.0,1.0,1.0,departamento,villa urquiza,-34.567535,-58.479298,0,0,0
B,260000.0,31.0,31.0,2.0,1.0,1.0,departamento,flores,-34.619503,-58.454234,0,0,0
B,1444000.0,251.0,93.0,3.0,2.0,2.0,casa,nunez,-34.52624,-58.449996,0,0,0
B,1855000.0,96.0,96.0,5.0,4.0,3.0,departamento,colegiales,-34.577498,-58.469806,0,0,0
B,935000.0,51.0,51.0,3.0,2.0,1.0,departamento,villa urquiza,-34.583027,-58.487599,0,0,0
B,2011000.0,86.0,86.0,4.0,3.0,2.0,departamento,recoleta,-34.585556,-58.373224,0,0,0
B,879000.0,69.0,69.0,4.0,3.0,2.0,departamento,san telmo,-34.635106,-58.3503,0,0,0
B,577000.0,31.0,31.0,2.0,1.0,1.0,departamento,caballito,-34.608748,-58.424499,0,0,0
B,868000.0,59.0,59.0,2.0,1.0,1.0,departamento,villa crespo,-34.601892,-58.423385,0,0,0
B,376000.0,48.0,48.0,1.0,1.0,1.0,departamento,boedo,-34.623568,-58.440073,0,0,0
B,891000.0,54.0,54.0,3.0,2.0,1.0,departamento,colegiales,-34.587122,-58.438562,0,0,0
B,5946000.0,278.0,278.0,8.0,7.0,5.0,casa,san telmo,-34.632445,-58.365954,0,0,0
B,600000.0,46.0,46.0,2.0,1.0,1.0,departamento,villa crespo,-34.58837,-58.442013,0,0,0
B,1573000.0,138.0,138.0,4.0,3.0,2.0,ph,almagro,-34.611606,-58.402192,0,0,0
B,480000.0,30.0,30.0,2.0,1.0,1.0,departamento,villa urquiza,-34.58385,-58.474007,0,0,0
B,938000.0,62.0,62.0,4.0,3.0,2.0,departamento,nunez,-34.544704,-58.486558,0,0,0
B,833000.0,70.0,70.0,3.0,2.0,2.0,departamento,flores,-34.624377,-58.460896,0,0,0
B,1285000.0,101.0,101.0,5.0,4.0,3.0,departamento,almagro,-34.61203,-58.430485,0,0,0
B,864000.0,41.0,41.0,2.0,1.0,1.0,departamento,nunez,-34.539276,-58.497058,0,0,0
B,669000.0,39.0,39.0,2.0,1.0,1.0,departamento,villa crespo,-34.607496,-58.447858,0,0,0
B,408000.0,45.0,45.0,2.0,1.0,1.0,departamento,san telmo,-34.629508,-58.348188,0,0,0
B,721000.0,46.0,46.0,2.0,1.0,1.0,departamento,villa urquiza,-34.564719,-58.476987,0,0,0
B,1577000.0,76.0,76.0,4.0,3.0,2.0,departamento,nunez,-34.554049,-58.436996,0,0,0
B,914000.0,58.0,58.0,3.0,2.0,2.0,departamento,villa crespo,-34.591417,-58.447691,0,0,0
B,787000.0,58.0,58.0,3.0,2.0,1.0,departamento,caballito,-34.616127,-58.434004,0,0,0
B,642000.0,54.0,54.0,3.0,2.0,1.0,departamento,caballito,-34.636746,-58.448411,0,1,0
B,246000.0,29.0,29.0,2.0,1.0,1.0,departamento,almagro,-34.599839,-58.408184,0,0,0
B,1210000.0,87.0,87.0,5.0,4.0,3.0,departamento,flores,-34.63239,-58.463998,0,0,0
B,631000.0,64.0,40.0,2.0,1.0,1.0,ph,nunez,-34.556181,-58.454904,0,0,0
B,652000.0,49.0,49.0,2.0,1.0,1.0,departamento,palermo,-34.583443,-58.428652,0,0,0
B,874000.0,55.0,55.0,2.0,1.0,1.0,departamento,nunez,-34.532183,-58.452058,0,0,0
B,1372000.0,109.0,109.0,5.0,4.0,3.0,departamento,boedo,-34.622627,-58.412247,0,0,0
B,593000.0,49.0,49.0,3.0,1.0,1.0,departamento,almagro,-34.616182,-58.413835,1,0,0
B,536000.0,51.0,51.0,3.0,2.0,2.0,departamento,flores,-34.635408,-58.455617,0,0,0
B,1390000.0,94.0,92.0,4.0,3.0,3.0,ph,palermo,-34.560638,-58.41212,0,0,0
B,557000.0,57.0,57.0,3.0,1.0,1.0,departamento,boedo,-34.609755,-58.402939,1,0,0
B,780000.0,46.0,46.0,2.0,1.0,1.0,departamento,villa crespo,-34.589479,-58.448668,0,0,0
B,885000.0,48.0,48.0,2.0,1.0,1.0,departamento,belgrano,-34.565435,-58.447072,0,0,0
B,595000.0,50.0,50.0,2.0,1.0,1.0,departamento,almagro,-34.614416,-58.431683,0,0,0
B,797000.0,46.0,46.0,2.0,1.0,1.0,departamento,villa crespo,-34.584537,-58.418919,0,0,0
B,436000.0,32.0,32.0,1.0,1.0,1.0,departamento,caballito,-34.62611,-58.457293,0,0,0
B,778000.0,47.0,47.0,2.0,1.0,1.0,departamento,almagro,-34.61631,-58.412046,0,0,0
B,1323000.0,59.0,59.0,3.0,2.0,1.0,departamento,palermo,-34.573353,-58.425745,0,0,0
B,1632000.0,78.0,78.0,3.0,2.0,1.0,departamento,villa urquiza,-34.570119,-58.500304,0,0,0
B,581000.0,40.0,40.0,1.0,1.0,1.0,departamento,almagro,-34.610992,-58.41343,0,0,0
B,670000.0,38.0,38.0,2.0,1.0,1.0,departamento,colegiales,-34.553387,-58.463054,0,0,0
B,747000.0,63.0,63.0,3.0,2.0,2.0,departamento,boedo,-34.633275,-58.407034,0,0,0
B,450000.0,40.0,40.0,2.0,1.0,1.0,departamento,flores,-34.642456,-58.459233,0,0,0
B,1291000.0,318.0,60.0,3.0,2.0,1.0,casa,villa crespo,-34.596089,-58.450218,0,0,0
B,2197000.0,110.0,110.0,5.0,4.0,3.0,departamento,caballito,-34.623423,-58.421473,0,0,0
B,953000.0,53.0,53.0,2.0,1.0,1.0,departamento,belgrano,-34.560963,-58.460781,0,0,0
B,2052000.0,123.0,123.0,6.0,5.0,3.0,departamento,almagro,-34.617107,-58.417282,0,0,0
B,527000.0,24.0,24.0,1.0,1.0,1.0,departamento,palermo,-34.578342,-58.444932,0,0,0
B,2046000.0,100.0,100.0,4.0,3.0,2.0,departamento,almagro,-34.602715,-58.426247,0,0,0
B,1601000.0,411.0,112.0,4.0,3.0,2.0,casa,san telmo,-34.60815,-58.380756,0,0,0
B,774000.0,76.0,76.0,3.0,2.0,1.0,departamento,boedo,-34.623449,-58.408106,0,0,0
B,947000.0,52.0,52.0,3.0,2.0,1.0,departamento,villa urquiza,-34.56839,-58.491385,0,0,0
B,382000.0,25.0,25.0,1.0,1.0,1.0,departamento,villa urquiza,-34.552768,-58.492483,0,0,0
B,516000.0,40.0,40.0,2.0,1.0,1.0,departamento,nunez,-34.549529,-58.465136,0,0,0
B,568000.0,32.0,32.0,1.0,1.0,1.0,departamento,villa crespo,-34.607818,-58.439281,0,0,0
B,1039000.0,65.0,65.0,3.0,2.0,1.0,departamento,almagro,-34.618389,-58.415663,0,0,0
B,796000.0,28.0,28.0,1.0,1.0,1.0,departamento,recoleta,-34.554493,-58.393906,0,0,0
B,327000.0,35.0,35.0,2.0,1.0,1.0,departamento,boedo,-34.623354,-58.399461,0,0,0
B,741000.0,64.0,64.0,2.0,1.0,1.0,ph,villa urquiza,-34.573384,-58.480311,0,0,0
B,416000.0,42.0,42.0,1.0,1.0,1.0,departamento,san telmo,-34.613813,-58.378524,0,0,0
B,493000.0,160.0,69.0,3.0,2.0,1.0,casa,san telmo,-34.637953,-58.367196,0,1,0
B,751000.0,50.0,50.0,3.0,2.0,1.0,departamento,villa urquiza,-34.575426,-58.47944,0,0,0
B,359000.0,27.0,27.0,2.0,1.0,1.0,departamento,colegiales,-34.579728,-58.457159,0,0,0
B,1050000.0,66.0,66.0,3.0,2.0,2.0,departamento,almagro,-34.623992,-58.418286,0,0,0
B,318000.0,35.0,35.0,2.0,1.0,1.0,departamento,flores,-34.60245,-58.470132,1,0,0
B,2180000.0,121.0,108.0,4.0,3.0,3.0,ph,almagro,-34.608314,-58.433494,0,0,0
B,881000.0,56.0,50.0,2.0,1.0,1.0,ph,villa crespo,-34.613711,-58.437819,0,0,0
B,2223000.0,120.0,120.0,6.0,5.0,3.0,departamento,caballito,-34.606499,-58.422343,0,0,0
B,1519000.0,84.0,84.0,5.0,4.0,3.0,departamento,san telmo,-34.622522,-58.357959,0,0,0
B,881000.0,61.801903990277495,55.488150698804944,2.0,1.0,1.0,ph,villa crespo,-34.613711,-58.437819,0,0,0
B,994000.0,68.0,68.0,4.0,3.0,2.0,departamento,villa crespo,-34.588058,-58.429034,0,0,0
B,340000.0,35.0,35.0,1.0,1.0,1.0,departamento,flores,-34.627812,-58.451969,0,0,0
B,1399000.0,79.0,79.0,4.0,3.0,2.0,departamento,almagro,-34.602786,-58.396954,0,0,0
B,876000.0,61.0,61.0,3.0,2.0,2.0,departamento,villa crespo,-34.578588,-58.416347,0,0,0
B,329000.0,30.0,30.0,1.0,1.0,1.0,departamento,flores,-34.630327,-58.478924,0,0,0
B,336000.0,44.0,35.0,2.0,1.0,1.0,ph,nunez,-34.543488,-58.431155,0,0,0
B,799000.0,52.0,52.0,2.0,1.0,1.0,departamento,belgrano,-34.561175,-58.452614,0,0,0
B,1369000.0,83.0,83.0,4.0,3.0,2.0,departamento,caballito,-34.623837,-58.462128,0,0,0
B,556000.0,61.0,61.0,3.0,2.0,1.0,departamento,villa urquiza,-34.58817,-58.470377,0,0,0
B,1885000.0,109.0,109.0,4.0,3.0,2.0,ph,san telmo,-34.630324,-58.39297,0,0,0
B,3618000.0,342.0,179.0,5.0,4.0,3.0,casa,boedo,-34.652947,-58.4143,0,0,0
B,1622000.0,87.0,82.0,3.0,2.0,2.0,ph,almagro,-34.599694,-58.429668,0,0,0
B,645000.0,27.0,27.0,1.0,1.0,1.0,departamento,san telmo,-34.624783,-58.377426,0,0,0
B,503000.0,40.0,40.0,2.0,1.0,1.0,departamento,san telmo,-34.631536,-58.381923,0,0,0
B,524000.0,42.0,35.0,2.0,1.0,1.0,ph,villa urquiza,-34.562641,-58.482742,0,0,0
B,620000.0,33.0,33.0,2.0,1.0,1.0,departamento,almagro,-34.614743,-58.42717,0,0,0
B,845000.0,62.0,62.0,2.0,2.0,1.0,departamento,flores,-34.605372,-58.486044,0,0,1
B,1735000.0,101.0,84.0,3.0,2.0,1.0,ph,nunez,-34.547702,-58.460629,0,0,0
B,1854000.0,84.0,84.0,4.0,3.0,2.0,departamento,palermo,-34.588556,-58.416028,0,0,0
B,4112000.0,109.0,109.0,5.0,4.0,3.0,departamento,recoleta,-34.556681,-58.368697,0,0,0
B,1269000.0,58.0,49.0,2.0,1.0,1.0,ph,villa crespo,-34.589951,-58.44693,0,0,0
B,727000.0,35.0,35.0,2.0,1.0,1.0,ph,san telmo,-34.620136,-58.374547,0,0,1
B,1446000.0,76.0,61.0,3.0,2.0,1.0,ph,palermo,-34.574625,-58.402256,0,1,0
B,1139000.0,62.0,62.0,3.0,2.0,1.0,departamento,boedo,-34.622324,-58.451503,0,1,0
B,436000.0,32.0,32.0,1.0,1.0,1.0,departamento,caballito,-34.62611,-58.457293,0,0,0
B,821000.0,56.0,56.0,3.0,2.0,2.0,departamento,boedo,-34.608492,-58.411647,0,0,0
B,680000.0,73.0,73.0,3.0,2.0,2.0,departamento,san telmo,-34.615033,-58.399092,0,0,0
B,1653000.0,246.0,120.0,4.0,3.0,2.0,casa,san telmo,-34.616939,-58.370314,0,0,0
B,1009000.0,80.0,80.0,3.0,2.0,1.0,departamento,caballito,-34.613576,-58.456902,0,0,0
B,1390000.0,94.0,92.0,4.0,3.0,3.0,ph,palermo,-34.560638,-58.41212,0,0,0
B,868000.0,35.0,35.0,2.0,1.0,1.0,departamento,villa crespo,-34.586036,-58.442199,0,0,0
B,786000.0,44.0,44.0,2.0,1.0,1.0,departamento,colegiales,-34.570554,-58.431578,0,0,0
B,464000.0,32.0,32.0,2.0,1.0,1.0,departamento,flores,-34.628966,-58.454895,0,0,1
B,251000.0,32.0,32.0,1.0,1.0,1.0,departamento,almagro,-34.613902,-58.431245,0,0,0
B,864000.0,52.0,52.0,2.0,1.0,1.0,departamento,palermo,-34.575015,-58.400879,0,0,0
B,529000.0,50.0,50.0,2.0,1.0,1.0,departamento,boedo,-34.63714,-58.404665,0,0,0
B,376000.0,36.0,36.0,1.0,1.0,1.0,departamento,san telmo,-34.591891,-58.384295,0,0,0
B,657000.0,67.0,67.0,4.0,3.0,3.0,departamento,flores,-34.619305,-58.458618,0,0,0
B,309000.0,27.0,27.0,2.0,1.0,1.0,departamento,flores,-34.634665,-58.463738,0,0,0
B,589000.0,34.0,34.0,1.0,1.0,1.0,departamento,belgrano,-34.575554,-58.440575,0,0,0
B,926000.0,50.0,50.0,2.0,1.0,1.0,departamento,colegiales,-34.565351,-58.425959,0,0,0
B,516000.0,27.0,27.0,1.0,1.0,1.0,departamento,nunez,-34.547985,-58.470688,0,0,0
B,287000.0,21.0,21.0,1.0,1.0,1.0,departamento,caballito,-34.61959,-58.434131,1,0,0
B,660000.0,33.0,33.0,2.0,1.0,1.0,departamento,villa crespo,-34.620358,-58.450176,0,0,1
B,359000.0,26.0,26.0,1.0,1.0,1.0,departamento,san telmo,-34.612484,-58.356812,0,0,0
B,611000.0,51.0,51.0,1.0,1.0,1.0,departamento,caballito,-34.618521,-58.453713,0,0,0
B,816000.0,69.0,69.0,4.0,3.0,2.0,departamento,almagro,-34.599632,-58.449106,0,0,0
B,593000.0,36.0,36.0,2.0,1.0,1.0,departamento,nunez,-34.541147,-58.455119,0,0,0
B,2733000.0,210.0,102.0,4.0,3.0,2.0,casa,villa crespo,-34.614908,-58.436839,0,0,0
B,943000.0,56.0,42.0,2.0,1.0,1.0,ph,palermo,-34.572638,-58.421791,0,0,0
B,693000.0,42.0,37.0,2.0,1.0,1.0,ph,colegiales,-34.553047,-58.446356,0,0,0
B,438000.0,40.0,40.0,2.0,1.0,1.0,departamento,almagro,-34.598386,-58.408075,0,1,0
B,380000.0,22.0,22.0,1.0,1.0,1.0,departamento,belgrano,-34.544481,-58.447048,0,0,0
B,1527000.0,65.0,65.0,3.0,2.0,1.0,departamento,belgrano,-34.579309,-58.464178,0,0,0
B,809000.0,59.0,59.0,3.0,2.0,1.0,departamento,flores,-34.651665,-58.462602,0,0,0
B,645000.0,46.0,46.0,1.0,1.0,1.0,departamento,villa urquiza,-34.584506,-58.47855,0,0,0
B,369000.0,25.0,25.0,2.0,1.0,1.0,departamento,recoleta,-34.592586,-58.390749,0,0,1
B,318000.0,44.0,44.0,2.0,1.0,1.0,departamento,villa urquiza,-34.585037,-58.495192,0,0,1
B,830000.0,75.0,66.0,2.0,1.0,1.0,ph,colegiales,-34.578483,-58.435079,0,0,0
B,496000.0,21.0,21.0,1.0,1.0,1.0,departamento,recoleta,-34.606597,-58.419322,0,0,0
B,1169000.0,85.0,85.0,4.0,3.0,2.0,departamento,san telmo,-34.612575,-58.369322,0,0,0
B,222000.0,20.0,20.0,2.0,1.0,1.0,departamento,villa crespo,-34.606402,-58.431089,0,0,0
B,708000.0,55.0,55.0,3.0,2.0,2.0,departamento,san telmo,-34.636013,-58.360912,0,0,0
B,1813000.0,107.0,92.0,4.0,3.0,2.0,ph,villa crespo,-34.615248,-58.435223,0,0,0
B,3188000.0,316.0,148.0,5.0,4.0,3.0,casa,caballito,-34.63642,-58.453006,0,0,0
B,268000.0,22.0,22.0,1.0,1.0,1.0,departamento,recoleta,-34.578185,-58.38811,0,0,0
B,611000.0,60.0,44.0,2.0,1.0,1.0,ph,nunez,-34.568987,-58.462592,0,0,0
B,1089000.0,251.0,73.0,3.0,2.0,1.0,casa,colegiales,-34.566295,-58.443935,0,0,0
B,859000.0,39.0,39.0,1.0,1.0,1.0,departamento,villa crespo,-34.599096,-58.426372,0,0,0
B,746000.0,33.0,33.0,2.0,1.0,1.0,departamento,palermo,-34.568357,-58.455348,0,0,0
B,524000.0,51.0,51.0,2.0,1.0,1.0,departamento,villa urquiza,-34.567934,-58.499096,0,1,0
B,868000.0,50.0,50.0,2.0,1.0,1.0,departamento,belgrano,-34.571732,-58.456512,0,0,0
B,2770000.0,254.0,145.0,5.0,4.0,3.0,casa,colegiales,-34.612158,-58.435499,0,0,0
B,251000.0,24.0,24.0,1.0,1.0,1.0,departamento,palermo,-34.58428,-58.43364,0,0,0
B,862000.0,46.0,46.0,2.0,1.0,1.0,departamento,nunez,-34.546173,-58.476564,0,1,0
B,387000.0,33.0,33.0,1.0,1.0,1.0,departamento,boedo,-34.618961,-58.411603,0,0,0
B,568000.0,36.0,36.0,2.0,1.0,1.0,departamento,almagro,-34.583859,-58.424688,0,0,0
B,1459000.0,94.0,94.0,3.0,2.0,1.0,departamento,flores,-34.623052,-58.464319,0,0,0
B,743000.0,51.0,51.0,3.0,2.0,1.0,departamento,belgrano,-34.566442,-58.465269,0,0,0
B,1108000.0,60.0,60.0,2.0,1.0,1.0,departamento,villa crespo,-34.592529,-58.444093,0,0,0
B,1397000.0,77.0,77.0,4.0,3.0,2.0,departamento,palermo,-34.589594,-58.431977,0,0,0
B,758000.0,63.0,63.0,3.0,2.0,2.0,departamento,villa urquiza,-34.556895,-58.464627,0,0,0
B,346000.0,24.0,24.0,1.0,1.0,1.0,departamento,palermo,-34.568313,-58.439408,0,0,0
B,703000.0,64.0,64.0,3.0,2.0,1.0,departamento,san telmo,-34.623174,-58.371078,0,0,0
B,1408000.0,90.0,90.0,4.0,3.0,2.0,departamento,nunez,-34.548623,-58.463395,0,0,0
B,682000.0,50.0,50.0,2.0,1.0,1.0,departamento,belgrano,-34.572535,-58.491872,0,0,0
B,733000.0,51.0,51.0,3.0,2.0,1.0,departamento,colegiales,-34.569761,-58.441663,0,0,0
B,719000.0,41.0,41.0,2.0,1.0,1.0,departamento,belgrano,-34.55835,-58.436541,0,0,0
B,964000.0,107.0,107.0,5.0,4.0,3.0,departamento,flores,-34.633298,-58.471688,0,0,0
B,803000.0,57.0,57.0,3.0,2.0,2.0,departamento,belgrano,-34.549752,-58.457512,0,0,0
B,711000.0,46.0,38.0,2.0,1.0,1.0,ph,san telmo,-34.663466,-58.366587,0,0,0
B,630000.0,34.0,34.0,2.0,1.0,1.0,departamento,colegiales,-34.571678,-58.461616,0,0,0
B,1067000.0,262.0,262.0,3.0,2.0,2.0,casa,almagro,-34.61408,-58.436157,0,0,0
B,773000.0,39.0,39.0,2.0,1.0,1.0,departamento,recoleta,-34.601652,-58.387836,0,0,0
B,949000.0,62.0,62.0,4.0,3.0,2.0,departamento,caballito,-34.607971,-58.443483,0,0,0
B,1806000.0,317.0,109.0,3.0,2.0,2.0,casa,colegiales,-34.567509,-58.439486,0,0,0
B,340000.0,24.0,24.0,1.0,1.0,1.0,departamento,villa urquiza,-34.564894,-58.489518,0,0,0
B,1290000.0,126.0,126.0,3.0,2.0,2.0,ph,boedo,-34.63482,-58.403167,0,0,0
B,5712000.0,167.0,167.0,7.0,6.0,5.0,departamento,belgrano,-34.583468,-58.459699,0,0,0
B,817000.0,48.0,48.0,2.0,1.0,1.0,departamento,palermo,-34.556532,-58.413814,0,0,0
B,680000.0,45.0,45.0,3.0,2.0,2.0,departamento,villa urquiza,-34.557494,-58.479854,0,0,0
B,906000.0,62.0,44.0,2.0,1.0,1.0,ph,belgrano,-34.574698,-58.461823,0,0,0
B,1521000.0,87.0,87.0,4.0,3.0,2.0,departamento,almagro,-34.612699,-58.406134,0,0,0
B,523000.0,23.0,23.0,2.0,1.0,1.0,departamento,palermo,-34.564313,-58.432588,0,1,0
B,416000.0,32.0,32.0,1.0,1.0,1.0,departamento,villa urquiza,-34.593598,-58.471017,0,0,0
B,871000.0,55.0,55.0,2.0,1.0,1.0,departamento,san telmo,-34.628718,-58.368862,0,0,0
B,566000.0,40.0,40.0,2.0,1.0,1.0,departamento,caballito,-34.622913,-58.436595,1,0,0
B,204000.0,29.0,29.0,1.0,1.0,1.0,departamento,boedo,-34.632399,-58.386147,0,0,0
B,376000.0,36.0,36.0,1.0,1.0,1.0,departamento,san telmo,-34.591891,-58.384295,0,0,0
B,1638000.0,237.0,102.0,4.0,3.0,2.0,casa,villa crespo,-34.583342,-58.436378,0,0,0
B,1071000.0,51.0,51.0,3.0,2.0,2.0,departamento,villa crespo,-34.586293,-58.456144,0,0,0
B,2024000.0,108.0,108.0,4.0,3.0,2.0,departamento,almagro,-34.633784,-58.420772,0,0,0
B,577000.0,34.0,34.0,2.0,1.0,1.0,departamento,villa crespo,-34.61675,-58.439699,0,0,1
B,292000.0,20.0,20.0,1.0,1.0,1.0,departamento,palermo,-34.573803,-58.41889,0,0,0
B,764000.0,50.0,50.0,3.0,2.0,2.0,departamento,villa urquiza,-34.578095,-58.48386,0,0,0
B,1085000.0,61.0,56.0,2.0,1.0,1.0,ph,villa urquiza,-34.575238,-58.500071,1,0,0
B,219000.0,22.0,22.0,1.0,1.0,1.0,departamento,villa urquiza,-34.573791,-58.503129,0,0,0
B,1117000.0,65.0,65.0,3.0,2.0,1.0,departamento,caballito,-34.612883,-58.443714,0,0,0
B,1226000.0,56.0,56.0,3.0,1.0,1.0,departamento,villa crespo,-34.603969,-58.417357,1,0,0
B,226000.0,20.0,20.0,1.0,1.0,1.0,departamento,colegiales,-34.578366,-58.430263,0,0,0
B,506000.0,51.0,51.0,2.0,1.0,1.0,departamento,boedo,-34.625332,-58.400916,0,0,1
B,1392000.0,51.0,51.0,3.0,2.0,1.0,departamento,recoleta,-34.582258,-58.388469,0,0,0
B,572000.0,52.0,52.0,2.0,1.0,1.0,departamento,flores,-34.632784,-58.463072,0,0,0
B,660000.0,79.0,63.0,2.0,1.0,1.0,ph,belgrano,-34.555999,-58.459722,0,0,1
B,601000.0,35.0,35.0,1.0,1.0,1.0,departamento,nunez,-34.55011,-58.482886,0,0,0
B,1096000.0,76.0,76.0,3.0,2.0,1.0,departamento,recoleta,-34.571556,-58.374057,0,0,0
B,2790000.0,208.0,208.0,7.0,6.0,5.0,casa,villa urquiza,-34.568681,-58.487058,0,0,0
B,305000.0,25.0,25.0,1.0,1.0,1.0,departamento,san telmo,-34.609507,-58.369509,0,0,0
B,497000.0,35.0,35.0,2.0,1.0,1.0,departamento,flores,-34.631575,-58.458561,0,0,0
B,793000.0,40.0,40.0,3.0,2.0,2.0,departamento,villa crespo,-34.584207,-58.428772,0,0,0
B,1271000.0,79.0,79.0,4.0,3.0,2.0,departamento,recoleta,-34.587547,-58.390892,0,0,0
B,1595000.0,81.0,81.0,2.0,2.0,2.0,casa,recoleta,-34.593282,-58.367627,0,0,1
B,1347000.0,69.0,69.0,4.0,3.0,2.0,departamento,nunez,-34.546327,-58.466163,0,0,0
B,499000.0,35.0,35.0,1.0,1.0,1.0,departamento,almagro,-34.63302,-58.442324,0,0,0
B,778000.0,64.0,64.0,3.0,2.0,1.0,departamento,flores,-34.64976,-58.456355,0,1,0
B,1078000.0,127.0,127.0,2.0,1.0,1.0,ph,colegiales,-34.571345,-58.470871,0,0,0
B,686000.0,30.0,30.0,1.0,1.0,1.0,departamento,palermo,-34.56239,-58.422422,0,0,0
B,1572000.0,110.0,110.0,2.0,4.0,2.0,departamento,san telmo,-34.609133,-58.36452,0,0,1
B,529000.0,33.0,33.0,1.0,1.0,1.0,departamento,boedo,-34.630792,-58.419296,0,0,0
B,1134000.0,65.0,65.0,4.0,3.0,2.0,departamento,colegiales,-34.577882,-58.468367,0,0,0
B,739000.0,28.0,28.0,1.0,1.0,1.0,departamento,palermo,-34.577661,-58.415421,0,0,0
B,385000.0,38.0,38.0,2.0,1.0,1.0,departamento,colegiales,-34.577146,-58.45402,0,0,0
B,1300000.0,79.0,79.0,3.0,2.0,1.0,departamento,colegiales,-34.563426,-58.454563,0,0,0
B,1214000.0,76.0,76.0,4.0,3.0,3.0,departamento,caballito,-34.601047,-58.432148,0,0,0
B,1067000.0,83.0,83.0,4.0,3.0,2.0,departamento,villa urquiza,-34.584928,-58.482716,0,0,0
B,795000.0,35.0,35.0,2.0,1.0,1.0,departamento,palermo,-34.560197,-58.43493,1,0,0
B,442000.0,56.0,56.0,3.0,2.0,2.0,departamento,almagro,-34.60354,-58.417789,0,0,0
B,745000.0,46.0,46.0,1.0,1.0,1.0,departamento,villa urquiza,-34.571011,-58.502147,0,0,0
B,587000.0,57.0,45.0,2.0,1.0,1.0,ph,nunez,-34.548448,-58.465275,0,0,0
B,773000.0,44.0,44.0,1.0,1.0,1.0,departamento,villa urquiza,-34.568653,-58.464692,0,0,0
B,604000.0,34.0,34.0,2.0,1.0,1.0,departamento,villa crespo,-34.607799,-58.441714,0,1,0
B,1352000.0,76.0,76.0,3.0,2.0,2.0,casa,villa urquiza,-34.570366,-58.474947,0,0,0
B,256000.0,20.0,20.0,1.0,1.0,1.0,departamento,recoleta,-34.590866,-58.405544,0,0,0
B,496000.0,38.0,38.0,1.0,1.0,1.0,departamento,boedo,-34.617797,-58.413905,0,0,0
B,798000.0,36.0,36.0,2.0,1.0,1.0,departamento,nunez,-34.544095,-58.458956,0,0,0
B,1363000.0,120.0,120.0,5.0,4.0,2.0,departamento,boedo,-34.638528,-58.393768,0,0,0
B,517000.0,47.0,47.0,2.0,1.0,1.0,departamento,flores,-34.621742,-58.466068,0,0,0
B,1247000.0,80.0,80.0,4.0,3.0,2.0,departamento,colegiales,-34.573912,-58.434029,0,0,0
B,416000.0,32.0,32.0,1.0,1.0,1.0,departamento,villa urquiza,-34.593598,-58.471017,0,0,0
B,1463000.0,111.0,111.0,6.0,5.0,1.0,departamento,flores,-34.655592,-58.461962,0,1,0
B,417000.0,41.0,41.0,2.0,1.0,1.0,departamento,boedo,-34.61993,-58.434727,0,0,0
B,422000.0,44.0,44.0,3.0,2.0,1.0,departamento,villa urquiza,-34.588336,-58.486966,0,0,0
B,950000.0,66.0,63.0,2.0,1.0,1.0,ph,caballito,-34.657791,-58.4219,0,0,0
B,1312000.0,67.0,67.0,3.0,2.0,1.0,departamento,recoleta,-34.574696,-58.37811,0,0,0
B,1024000.0,76.0,76.0,3.0,2.0,1.0,departamento,nunez,-34.552536,-58.466484,0,0,0
B,680000.0,29.0,29.0,2.0,1.0,1.0,departamento,belgrano,-34.556663,-58.466867,0,0,1
B,1305000.0,99.0,72.0,2.0,1.0,1.0,ph,belgrano,-34.567432,-58.462623,0,0,0
B,506000.0,58.0,43.0,2.0,1.0,1.0,ph,recoleta,-34.594649,-58.390414,0,0,0
B,571000.0,38.0,38.0,1.0,1.0,1.0,departamento,villa crespo,-34.607214,-58.432512,0,0,0
B,572000.0,53.0,53.0,3.0,2.0,2.0,departamento,flores,-34.625977,-58.481708,0,0,0
B,1438000.0,70.0,70.0,3.0,2.0,2.0,departamento,belgrano,-34.567,-58.462864,0,0,0
B,547000.0,39.0,39.0,2.0,1.0,1.0,departamento,villa urquiza,-34.562141,-58.50755,0,0,0
B,277000.0,22.0,22.0,1.0,1.0,1.0,departamento,palermo,-34.584088,-58.449682,0,0,0
B,807000.0,55.0,55.0,3.0,1.0,1.0,departamento,san telmo,-34.611727,-58.374623,1,0,0
B,263000.0,30.0,30.0,1.0,1.0,1.0,departamento,almagro,-34.599748,-58.430146,0,0,0
B,524000.0,37.0,37.0,1.0,1.0,1.0,departamento,colegiales,-34.578661,-58.447327,0,0,0
B,448000.0,36.0,36.0,2.0,1.0,1.0,departamento,colegiales,-34.573107,-58.443996,0,0,0
B,695000.0,65.0,57.0,2.0,1.0,1.0,ph,caballito,-34.625114,-58.454408,0,0,0
B,2749000.0,214.0,129.0,5.0,4.0,3.0,casa,villa urquiza,-34.59313,-58.486637,0,0,0
B,466000.0,47.0,47.0,2.0,1.0,1.0,departamento,villa crespo,-34.614344,-58.447318,0,0,0
B,1243000.0,69.0,69.0,3.0,2.0,1.0,departamento,palermo,-34.577134,-58.442903,0,0,0
B,1866000.0,71.0,64.0,2.0,1.0,1.0,ph,villa crespo,-34.603311,-58.458667,0,0,0
B,532000.0,28.0,28.0,1.0,1.0,1.0,departamento,recoleta,-34.585456,-58.409575,0,0,0
B,371000.0,22.0,22.0,1.0,1.0,1.0,departamento,villa urquiza,-34.565664,-58.47503,0,1,0
B,1006000.0,79.0,79.0,4.0,3.0,2.0,departamento,almagro,-34.619839,-58.405094,0,0,0
B,1756000.0,89.0,89.0,3.0,2.0,1.0,departamento,villa urquiza,-34.562615,-58.477881,0,0,0
B,1065000.0,80.0,80.0,4.0,3.0,2.0,departamento,almagro,-34.616855,-58.421968,0,0,0
B,565000.0,35.0,35.0,2.0,1.0,1.0,ph,almagro,-34.620157,-58.429135,0,1,1
B,450000.0,47.0,47.0,2.0,1.0,1.0,departamento,san telmo,-34.628499,-58.383765,0,0,1
B,318000.0,44.0,44.0,2.0,1.0,1.0,departamento,villa urquiza,-34.585037,-58.495192,0,0,0
B,724000.0,38.0,38.0,1.0,1.0,1.0,departamento,recoleta,-34.588764,-58.407976,0,0,0
B,791000.0,46.0,46.0,2.0,1.0,1.0,departamento,nunez,-34.570376,-58.468087,0,0,0
B,969000.0,89.0,68.0,3.0,2.0,1.0,ph,boedo,-34.613984,-58.410395,0,0,0
B,3047000.0,152.0,152.0,5.0,4.0,3.0,ph,villa urquiza,-34.597302,-58.487046,0,0,0
B,1728000.0,112.0,112.0,3.0,2.0,2.0,ph,san telmo,-34.619245,-58.364905,0,0,0
B,520000.0,27.0,27.0,2.0,1.0,1.0,departamento,nunez,-34.559072,-58.461441,0,0,0
B,1696000.0,95.0,95.0,4.0,3.0,2.0,departamento,palermo,-34.599335,-58.426912,0,0,0
B,685000.0,37.0,37.0,2.0,1.0,1.0,departamento,caballito,-34.637582,-58.436357,0,0,0
B,1608000.0,129.0,120.0,4.0,1.0,2.0,ph,almagro,-34.587248,-58.428258,1,0,0
B,1306000.0,57.0,57.0,3.0,2.0,2.0,departamento,palermo,-34.582291,-58.414118,0,0,0
B,996000.0,69.0,69.0,3.0,2.0,1.0,departamento,colegiales,-34.573592,-58.439657,0,0,0
B,1462000.0,70.0,70.0,2.0,1.0,1.0,departamento,palermo,-34.598138,-58.434181,0,0,0
B,565000.0,59.0,35.0,2.0,1.0,1.0,ph,colegiales,-34.584213,-58.464667,0,0,0
B,376000.0,25.0,25.0,1.0,1.0,1.0,departamento,belgrano,-34.569643,-58.451172,0,0,0
B,2369000.0,103.0,96.0,4.0,3.0,2.0,ph,villa urquiza,-34.589788,-58.48868,0,0,0
B,204000.0,20.0,20.0,2.0,1.0,1.0,departamento,boedo,-34.621698,-58.397683,0,0,1
B,556000.0,38.0,38.0,2.0,1.0,1.0,departamento,villa crespo,-34.594472,-58.443018,0,0,0
B,770000.0,75.0,56.0,2.0,1.0,1.0,ph,villa urquiza,-34.572019,-58.498006,0,0,0
B,1053000.0,89.0,74.0,3.0,2.0,2.0,ph,palermo,-34.579175,-58.427576,0,0,0
B,1425000.0,85.0,85.0,4.0,3.0,2.0,departamento,caballito,-34.621409,-58.438471,0,0,0
B,1082000.0,73.0,73.0,3.0,2.0,2.0,departamento,palermo,-34.614491,-58.420183,0,0,0
B,423000.0,30.0,30.0,1.0,1.0,1.0,departamento,recoleta,-34.601278,-58.36412,0,0,0
B,635000.0,60.0,48.0,2.0,1.0,1.0,ph,boedo,-34.620942,-58.429728,0,0,0
B,744000.0,75.0,75.0,3.0,2.0,2.0,departamento,flores,-34.619417,-58.452468,0,0,0
B,443000.0,43.0,43.0,1.0,1.0,1.0,departamento,san telmo,-34.621074,-58.391313,0,0,0
B,490000.0,35.0,35.0,2.0,2.0,1.0,departamento,almagro,-34.609784,-58.387624,0,0,1
B,1280000.0,112.0,112.0,5.0,4.0,2.0,departamento,boedo,-34.642979,-58.403962,0,0,0
B,816000.0,44.0,44.0,2.0,1.0,1.0,departamento,belgrano,-34.565453,-58.484061,0,1,0
B,1722000.0,83.0,83.0,4.0,3.0,2.0,departamento,recoleta,-34.582812,-58.403606,0,0,0
B,1217000.0,66.0,66.0,2.0,1.0,1.0,departamento,villa urquiza,-34.567514,-58.487023,0,0,0
B,1269000.0,58.0,49.0,2.0,1.0,1.0,ph,villa crespo,-34.589951,-58.44693,0,0,0
B,818000.0,57.0,57.0,3.0,2.0,1.0,departamento,almagro,-34.601702,-58.424184,0,0,0
B,628000.0,45.0,45.0,3.0,1.0,1.0,departamento,san telmo,-34.598465,-58.368864,1,0,0
B,1157000.0,357.0,60.0,3.0,2.0,1.0,casa,caballito,-34.638703,-58.443467,0,0,0
B,469000.0,34.0,34.0,1.0,1.0,1.0,departamento,villa crespo,-34.589517,-58.440087,0,0,0
B,398000.0,31.0,31.0,2.0,1.0,1.0,departamento,colegiales,-34.574551,-58.450199,0,0,0
B,421000.0,26.0,26.0,2.0,1.0,1.0,departamento,recoleta,-34.594558,-58.402151,1,0,0
B,993000.0,56.0,56.0,3.0,2.0,1.0,departamento,caballito,-34.59993,-58.453882,0,0,0
B,452000.0,39.0,39.0,2.0,1.0,1.0,departamento,flores,-34.663591,-58.457888,0,0,0
B,896000.0,48.0,39.0,2.0,1.0,1.0,ph,palermo,-34.551716,-58.418745,0,0,0
B,664000.0,44.0,44.0,2.0,1.0,1.0,departamento,almagro,-34.623718,-58.42473,0,0,0
B,589000.0,58.0,43.0,2.0,1.0,1.0,ph,villa urquiza,-34.558854,-58.464747,0,0,0
B,767000.0,51.0,51.0,1.0,1.0,1.0,departamento,colegiales,-34.580081,-58.461154,0,0,0
B,248000.0,21.0,21.0,1.0,1.0,1.0,departamento,colegiales,-34.584155,-58.439401,0,0,0
B,332000.0,22.0,22.0,1.0,1.0,1.0,departamento,belgrano,-34.586011,-58.470154,0,0,0
B,778000.0,56.0,56.0,3.0,2.0,2.0,departamento,flores,-34.625344,-58.471136,0,0,0
B,859000.0,45.0,45.0,1.0,1.0,1.0,departamento,boedo,-34.617849,-58.404096,0,0,0
B,1433000.0,66.0,66.0,4.0,3.0,2.0,departamento,recoleta,-34.619915,-58.422308,0,0,0
B,538000.0,64.0,47.0,2.0,1.0,1.0,ph,boedo,-34.658741,-58.423755,0,0,0
B,505000.0,36.0,36.0,2.0,1.0,1.0,departamento,belgrano,-34.559252,-58.46213,0,0,0
B,803000.0,46.0,46.0,2.0,1.0,1.0,departamento,belgrano,-34.547559,-58.457828,0,0,0
B,806000.0,62.0,62.0,2.0,1.0,1.0,departamento,villa crespo,-34.585893,-58.439916,0,0,0
B,798000.0,41.0,41.0,2.0,1.0,1.0,departamento,villa crespo,-34.596588,-58.412676,0,0,0
B,1352000.0,66.0,66.0,3.0,2.0,1.0,departamento,palermo,-34.555141,-58.427211,0,0,0
B,552000.0,37.0,37.0,2.0,1.0,1.0,departamento,san telmo,-34.628038,-58.369309,0,0,0
B,852000.0,72.0,62.0,2.0,1.0,1.0,ph,palermo,-34.584388,-58.433827,0,0,0
B,557000.0,30.0,30.0,1.0,1.0,1.0,departamento,palermo,-34.585762,-58.429286,0,0,0
B,621000.0,47.0,47.0,2.0,1.0,1.0,departamento,boedo,-34.624523,-58.413743,0,0,0
B,742000.0,52.0,52.0,3.0,2.0,2.0,departamento,nunez,-34.526385,-58.46096,0,0,0
B,525000.0,29.0,29.0,1.0,1.0,1.0,departamento,belgrano,-34.555011,-58.45399,0,0,0
B,1318000.0,61.801903990277495,55.488150698804944,3.0,2.0,2.0,departamento,caballito,-34.603204,-58.474904,0,0,0
B,1134000.0,250.0,68.0,3.0,2.0,2.0,casa,villa crespo,-34.598581,-58.454506,0,0,0
B,5283000.0,293.0,293.0,8.0,7.0,5.0,ph,belgrano,-34.557038,-58.445163,0,0,0
B,502000.0,49.0,49.0,3.0,2.0,2.0,departamento,flores,-34.608733,-58.488969,0,0,0
B,1527000.0,119.0,119.0,5.0,4.0,3.0,departamento,villa urquiza,-34.590415,-58.479928,0,0,0
B,1287000.0,188.0,92.0,3.0,2.0,2.0,casa,flores,-34.626232,-58.475225,0,0,0
B,1574000.0,85.0,85.0,4.0,3.0,2.0,departamento,belgrano,-34.57765,-58.477552,0,0,0
B,974000.0,42.0,42.0,3.0,2.0,2.0,departamento,recoleta,-34.609842,-58.381347,0,0,0
B,650000.0,43.0,43.0,1.0,1.0,1.0,departamento,colegiales,-34.56859,-58.447484,0,0,0
B,222000.0,20.0,20.0,1.0,1.0,1.0,departamento,san telmo,-34.640754,-58.371842,0,0,0
B,451000.0,42.0,42.0,2.0,1.0,1.0,departamento,san telmo,-34.62522,-58.35778,0,0,0
B,1537000.0,87.0,87.0,4.0,3.0,2.0,departamento,recoleta,-34.594949,-58.370594,0,0,0
B,1152000.0,207.0,60.0,3.0,1.0,2.0,casa,villa crespo,-34.596508,-58.432268,1,0,0
B,738000.0,34.0,34.0,1.0,1.0,1.0,departamento,recoleta,-34.593024,-58.389236,0,0,0
B,757000.0,49.0,49.0,2.0,1.0,1.0,departamento,almagro,-34.610179,-58.41437,0,0,0
B,1196000.0,62.0,62.0,3.0,2.0,2.0,departamento,colegiales,-34.537787,-58.450004,0,0,0
B,661000.0,37.0,37.0,1.0,1.0,1.0,departamento,nunez,-34.554194,-58.476779,0,0,0
B,858000.0,69.0,69.0,4.0,3.0,2.0,departamento,nunez,-34.525501,-58.464012,0,0,0
B,1380000.0,61.0,61.0,3.0,2.0,1.0,casa,villa urquiza,-34.576702,-58.485025,0,0,0
B,736000.0,56.0,56.0,1.0,1.0,1.0,departamento,almagro,-34.567836,-58.415937,0,0,0
B,662000.0,155.0,78.0,3.0,2.0,1.0,casa,flores,-34.630803,-58.466466,0,0,0
B,425000.0,37.0,37.0,1.0,1.0,1.0,departamento,caballito,-34.609487,-58.447035,0,0,0
B,543000.0,27.0,27.0,2.0,1.0,1.0,departamento,nunez,-34.550053,-58.4644,0,0,0
B,1284000.0,300.0,62.0,3.0,2.0,1.0,casa,belgrano,-34.56333,-58.475026,0,0,0
B,1070000.0,68.0,68.0,3.0,2.0,1.0,departamento,san telmo,-34.612101,-58.37564,0,0,0
B,346000.0,24.0,24.0,1.0,1.0,1.0,departamento,villa crespo,-34.602043,-58.444804,0,0,0
B,1172000.0,58.0,58.0,3.0,2.0,1.0,departamento,nunez,-34.548146,-58.433702,0,0,0
B,794000.0,38.0,38.0,2.0,1.0,1.0,departamento,recoleta,-34.583208,-58.400516,0,1,0
B,506000.0,52.0,52.0,2.0,1.0,1.0,departamento,villa crespo,-34.594389,-58.434481,0,0,0
B,914000.0,69.0,69.0,4.0,3.0,2.0,departamento,almagro,-34.627134,-58.414571,0,0,0
B,391000.0,42.0,42.0,1.0,1.0,1.0,departamento,flores,-34.610731,-58.45127,0,0,0
B,237000.0,33.0,33.0,2.0,1.0,1.0,departamento,san telmo,-34.60844,-58.362877,0,0,0
B,754000.0,34.0,34.0,1.0,1.0,1.0,departamento,palermo,-34.566539,-58.416573,0,0,0
B,715000.0,36.0,36.0,3.0,2.0,1.0,departamento,recoleta,-34.586508,-58.384699,0,0,0
B,950000.0,52.0,52.0,1.0,1.0,1.0,departamento,colegiales,-34.572248,-58.433211,0,0,0
B,967000.0,46.0,46.0,2.0,1.0,1.0,departamento,palermo,-34.56834,-58.418864,0,0,0
B,1367000.0,83.0,83.0,4.0,3.0,2.0,departamento,boedo,-34.611198,-58.426241,0,0,0
B,976000.0,72.0,72.0,3.0,2.0,1.0,departamento,san telmo,-34.619504,-58.368582,0,0,0
B,765000.0,57.0,57.0,3.0,2.0,1.0,departamento,colegiales,-34.56948,-58.432588,0,0,0
B,553000.0,44.0,44.0,1.0,1.0,1.0,departamento,villa urquiza,-34.569044,-58.490515,0,0,0
B,2378000.0,93.0,93.0,4.0,3.0,2.0,departamento,nunez,-34.544429,-58.461917,0,0,0
B,1231000.0,75.0,75.0,3.0,2.0,2.0,departamento,belgrano,-34.5748,-58.46155,0,0,0
B,403000.0,29.0,29.0,2.0,1.0,1.0,departamento,boedo,-34.619352,-58.407724,0,0,0
B,1072000.0,66.0,66.0,2.0,2.0,2.0,departamento,san telmo,-34.618432,-58.362102,0,0,1
B,2059000.0,67.0,67.0,2.0,1.0,1.0,ph,nunez,-34.537718,-58.438321,0,0,0
B,260000.0,31.0,31.0,1.0,1.0,1.0,departamento,almagro,-34.603585,-58.417192,0,1,0
B,821000.0,56.0,56.0,3.0,2.0,2.0,departamento,boedo,-34.608492,-58.411647,0,0,0
B,522000.0,52.0,52.0,3.0,2.0,1.0,departamento,boedo,-34.649206,-58.409139,0,0,0
B,404000.0,30.0,30.0,2.0,1.0,1.0,departamento,almagro,-34.616492,-58.418765,0,0,0
B,917000.0,53.0,53.0,3.0,2.0,1.0,departamento,recoleta,-34.58667,-58.412118,0,1,0
B,1063000.0,64.0,64.0,4.0,3.0,3.0,departamento,villa crespo,-34.599623,-58.419865,0,0,0
B,1557000.0,68.0,68.0,3.0,2.0,1.0,departamento,nunez,-34.535297,-58.466172,0,0,0
B,353000.0,23.0,23.0,1.0,1.0,1.0,departamento,boedo,-34.610815,-58.417604,0,0,0
B,488000.0,30.0,30.0,2.0,1.0,1.0,departamento,colegiales,-34.563259,-58.450739,0,0,0
B,381000.0,46.0,46.0,3.0,2.0,1.0,departamento,boedo,-34.617374,-58.408441,0,1,0
B,1596000.0,109.0,89.0,4.0,3.0,1.0,ph,san telmo,-34.619367,-58.372835,0,1,0
B,737000.0,52.0,52.0,2.0,1.0,1.0,departamento,flores,-34.626535,-58.470917,0,0,0
B,1040000.0,60.0,60.0,4.0,3.0,2.0,departamento,almagro,-34.592922,-58.419105,0,0,0
B,1101000.0,102.0,71.0,3.0,2.0,1.0,ph,boedo,-34.627134,-58.405589,0,0,0
B,1329000.0,98.0,98.0,2.0,4.0,3.0,departamento,colegiales,-34.578029,-58.429972,0,0,1
B,2254000.0,133.0,133.0,6.0,5.0,3.0,departamento,boedo,-34.628854,-58.409881,0,0,0
B,266000.0,20.0,20.0,1.0,1.0,1.0,departamento,villa crespo,-34.595935,-58.429077,0,0,0
B,237000.0,31.0,31.0,1.0,1.0,1.0,departamento,boedo,-34.629033,-58.415804,0,0,0
B,702000.0,58.0,58.0,2.0,1.0,1.0,departamento,boedo,-34.617926,-58.399382,1,0,0
B,408000.0,28.0,28.0,1.0,1.0,1.0,departamento,belgrano,-34.570101,-58.455014,0,0,0
B,705000.0,51.0,51.0,2.0,1.0,1.0,departamento,caballito,-34.607705,-58.439668,0,0,0
B,602000.0,39.0,39.0,2.0,1.0,1.0,departamento,nunez,-34.547344,-58.466593,0,0,0
B,362000.0,33.0,33.0,2.0,1.0,1.0,departamento,flores,-34.627408,-58.458237,0,0,1
B,948000.0,81.0,75.0,2.0,2.0,2.0,ph,villa urquiza,-34.562004,-58.476482,0,0,1
B,919000.0,47.0,47.0,2.0,1.0,1.0,departamento,belgrano,-34.565164,-58.471439,0,0,0
B,1271000.0,101.0,82.0,3.0,2.0,2.0,ph,villa crespo,-34.599458,-58.443943,0,0,0
B,758000.0,50.0,50.0,2.0,1.0,1.0,departamento,almagro,-34.603874,-58.410448,0,0,0
B,1258000.0,70.0,70.0,3.0,2.0,2.0,departamento,palermo,-34.560169,-58.442218,0,0,0
B,1400000.0,107.0,95.0,3.0,2.0,2.0,ph,flores,-34.633659,-58.455332,0,0,0
B,961000.0,45.0,45.0,2.0,1.0,1.0,departamento,recoleta,-34.589877,-58.385836,0,0,0
B,669000.0,35.0,35.0,2.0,1.0,1.0,departamento,colegiales,-34.58141,-58.449381,0,0,0
B,1120000.0,62.0,62.0,3.0,2.0,1.0,departamento,recoleta,-34.603316,-58.404963,0,0,0
B,882000.0,64.0,64.0,3.0,2.0,1.0,departamento,almagro,-34.612463,-58.434078,0,0,0
B,838000.0,53.0,53.0,2.0,1.0,1.0,departamento,colegiales,-34.549509,-58.436193,0,0,0
B,865000.0,63.0,63.0,2.0,1.0,1.0,departamento,palermo,-34.565876,-58.443835,0,0,0
B,708000.0,55.0,55.0,2.0,1.0,1.0,departamento,nunez,-34.547206,-58.464341,0,0,0
B,682000.0,50.0,50.0,2.0,1.0,1.0,departamento,belgrano,-34.572535,-58.491872,0,0,0
B,1877000.0,61.801903990277495,55.488150698804944,5.0,4.0,3.0,departamento,almagro,-34.639849,-58.425499,0,0,0
B,999000.0,59.0,59.0,3.0,2.0,1.0,departamento,colegiales,-34.583205,-58.457246,0,0,0
B,1534000.0,107.0,98.0,4.0,3.0,2.0,ph,flores,-34.630787,-58.469409,0,0,0
B,1579000.0,57.0,57.0,3.0,2.0,1.0,departamento,recoleta,-34.597726,-58.400576,0,0,0
B,990000.0,83.0,83.0,4.0,3.0,2.0,departamento,flores,-34.64877,-58.446668,0,0,0
B,258000.0,34.0,34.0,2.0,1.0,1.0,departamento,flores,-34.635016,-58.446946,0,0,0
B,833000.0,38.0,38.0,2.0,1.0,1.0,departamento,palermo,-34.573264,-58.430734,1,0,0
B,1428000.0,73.0,73.0,2.0,3.0,2.0,departamento,colegiales,-34.56765,-58.436242,0,0,1
B,1248000.0,74.0,74.0,4.0,3.0,2.0,departamento,nunez,-34.54089,-58.454725,0,0,0
B,1194000.0,76.0,76.0,4.0,3.0,2.0,departamento,villa urquiza,-34.584468,-58.493671,0,0,0
B,652000.0,47.0,47.0,2.0,1.0,1.0,departamento,boedo,-34.644613,-58.431742,0,1,0
B,844000.0,72.0,60.0,2.0,1.0,1.0,ph,villa crespo,-34.616259,-58.429649,0,0,0
B,571000.0,32.0,32.0,2.0,1.0,1.0,departamento,boedo,-34.613176,-58.39836,0,0,0
B,829000.0,36.0,36.0,2.0,1.0,1.0,departamento,colegiales,-34.570512,-58.452657,0,0,0
B,511000.0,71.0,71.0,3.0,2.0,1.0,departamento,flores,-34.6233,-58.46507,0,0,0
B,1190000.0,75.0,75.0,4.0,3.0,2.0,ph,flores,-34.630045,-58.456662,0,0,0
B,2334000.0,117.0,88.0,3.0,2.0,2.0,ph,recoleta,-34.591257,-58.400567,0,0,0
B,586000.0,41.0,41.0,1.0,1.0,1.0,departamento,almagro,-34.612196,-58.414919,0,0,0
B,506000.0,42.0,42.0,2.0,1.0,1.0,departamento,caballito,-34.636187,-58.44225,0,0,0
B,998000.0,27.0,27.0,1.0,1.0,1.0,departamento,recoleta,-34.579246,-58.387431,0,0,0
B,1640000.0,85.0,85.0,5.0,4.0,3.0,departamento,almagro,-34.609734,-58.40364,0,0,0
B,671000.0,40.0,40.0,2.0,1.0,1.0,departamento,villa urquiza,-34.588381,-58.473024,0,0,0
B,1191000.0,73.0,73.0,3.0,2.0,1.0,departamento,belgrano,-34.582595,-58.464873,0,0,0
B,1576000.0,119.0,119.0,5.0,4.0,3.0,departamento,caballito,-34.614004,-58.432592,0,0,0
B,417000.0,33.0,33.0,2.0,1.0,1.0,departamento,almagro,-34.594003,-58.435729,0,0,0
B,802000.0,76.0,76.0,4.0,1.0,2.0,departamento,flores,-34.662799,-58.45562,1,0,0
B,752000.0,36.0,36.0,2.0,1.0,1.0,departamento,recoleta,-34.585248,-58.377074,0,0,0
B,1712000.0,276.0,76.0,3.0,2.0,2.0,casa,villa urquiza,-34.579849,-58.498889,0,0,0
B,558000.0,31.0,31.0,1.0,1.0,1.0,departamento,belgrano,-34.552259,-58.449511,0,0,0
B,387000.0,34.0,34.0,1.0,1.0,1.0,departamento,flores,-34.628654,-58.448711,0,0,0
B,1314000.0,54.0,54.0,3.0,2.0,1.0,departamento,palermo,-34.560261,-58.447887,0,0,0
B,1376000.0,171.0,90.0,4.0,3.0,2.0,casa,caballito,-34.613798,-58.464067,0,0,0
B,736000.0,56.0,56.0,3.0,2.0,2.0,departamento,recoleta,-34.579324,-58.393974,0,0,0
B,1010000.0,109.0,86.0,3.0,2.0,1.0,ph,villa urquiza,-34.579927,-58.485434,0,0,0
B,1175000.0,191.0,78.0,3.0,2.0,2.0,casa,villa crespo,-34.602474,-58.418712,0,0,0
B,665000.0,57.0,57.0,2.0,1.0,1.0,departamento,caballito,-34.606518,-58.424368,0,0,0
B,1934000.0,146.0,146.0,2.0,6.0,4.0,departamento,boedo,-34.628234,-58.440623,0,0,1
B,825000.0,56.0,56.0,4.0,3.0,3.0,departamento,caballito,-34.60877,-58.442057,0,0,0
B,595000.0,35.0,35.0,2.0,1.0,1.0,ph,almagro,-34.607057,-58.430039,0,0,0
B,1329000.0,98.0,98.0,5.0,4.0,3.0,departamento,colegiales,-34.578029,-58.429972,0,0,0
B,682000.0,35.0,35.0,1.0,1.0,1.0,departamento,belgrano,-34.555184,-58.438945,0,0,0
B,1697000.0,81.0,81.0,4.0,3.0,2.0,departamento,villa crespo,-34.5933,-58.423068,0,0,0
B,589000.0,58.0,43.0,2.0,1.0,1.0,ph,villa urquiza,-34.558854,-58.464747,0,0,0
B,946000.0,91.0,73.0,3.0,2.0,1.0,ph,boedo,-34.658062,-58.413511,0,0,0
B,911000.0,57.0,57.0,3.0,2.0,2.0,departamento,villa crespo,-34.596721,-58.438789,0,0,0
B,676000.0,35.0,35.0,2.0,1.0,1.0,departamento,caballito,-34.609959,-58.438802,0,0,0
B,540000.0,31.0,31.0,1.0,1.0,1.0,departamento,nunez,-34.56021,-58.478411,0,0,0
B,1061000.0,65.0,65.0,3.0,1.0,1.0,departamento,caballito,-34.624612,-58.44135,1,0,0
B,2253000.0,134.0,134.0,6.0,5.0,4.0,departamento,recoleta,-34.606475,-58.399506,0,0,0
B,1184000.0,36.0,36.0,1.0,1.0,1.0,departamento,palermo,-34.599313,-58.441806,0,1,0
B,513000.0,34.0,34.0,1.0,1.0,1.0,departamento,villa urquiza,-34.565542,-58.459687,0,0,0
B,597000.0,46.0,46.0,3.0,2.0,1.0,departamento,flores,-34.631118,-58.467533,0,0,0
B,827000.0,58.0,58.0,2.0,2.0,1.0,departamento,boedo,-34.643391,-58.404273,0,0,1
B,451000.0,24.0,24.0,1.0,1.0,1.0,departamento,colegiales,-34.570068,-58.439535,0,0,0
B,809000.0,99.0,88.0,3.0,2.0,2.0,ph,flores,-34.636332,-58.446737,0,0,0
B,1034000.0,66.0,66.0,3.0,2.0,2.0,departamento,recoleta,-34.598302,-58.391219,0,0,0
B,797000.0,36.0,36.0,2.0,1.0,1.0,departamento,recoleta,-34.580152,-58.383549,0,0,0
B,1023000.0,79.0,79.0,3.0,2.0,1.0,departamento,almagro,-34.598982,-58.412133,0,0,0
B,680000.0,38.0,38.0,3.0,2.0,1.0,departamento,caballito,-34.617111,-58.440063,0,0,0
B,1394000.0,87.0,87.0,3.0,2.0,2.0,departamento,palermo,-34.570237,-58.435418,0,0,0
B,535000.0,36.0,36.0,2.0,1.0,1.0,departamento,colegiales,-34.578035,-58.443439,0,0,0
B,2735000.0,184.0,184.0,8.0,7.0,5.0,departamento,san telmo,-34.618956,-58.367373,0,0,0
B,843000.0,57.0,57.0,4.0,3.0,2.0,departamento,belgrano,-34.565422,-58.471183,0,0,0
B,1397000.0,63.0,63.0,3.0,2.0,1.0,departamento,almagro,-34.608351,-58.424971,0,0,0
B,660000.0,58.0,58.0,2.0,1.0,1.0,departamento,boedo,-34.647353,-58.409953,0,0,0
B,828000.0,46.0,46.0,2.0,1.0,1.0,departamento,colegiales,-34.56185,-58.459308,0,0,0
B,4140000.0,207.0,207.0,8.0,7.0,5.0,departamento,caballito,-34.625493,-58.428036,0,0,0
B,467000.0,41.0,41.0,3.0,2.0,1.0,departamento,san telmo,-34.624291,-58.375887,0,0,0
B,1311000.0,94.0,94.0,4.0,3.0,2.0,departamento,palermo,-34.58214,-58.412011,0,0,0
B,1038000.0,56.0,56.0,2.0,1.0,1.0,ph,palermo,-34.573869,-58.424844,0,1,0
B,890000.0,97.0,69.0,3.0,2.0,1.0,ph,boedo,-34.605353,-58.430074,0,0,0
B,1399000.0,79.0,79.0,4.0,3.0,2.0,departamento,almagro,-34.602786,-58.396954,0,0,0
B,2444000.0,207.0,87.0,3.0,2.0,1.0,casa,nunez,-34.546486,-58.469022,0,0,0
B,1157000.0,70.0,70.0,4.0,3.0,2.0,departamento,nunez,-34.544671,-58.48304,0,0,0
B,395000.0,26.0,26.0,1.0,1.0,1.0,departamento,villa crespo,-34.597572,-58.420083,0,0,0
B,1030000.0,63.0,63.0,2.0,1.0,1.0,departamento,belgrano,-34.549769,-58.455094,0,0,0
B,1263000.0,67.0,67.0,3.0,1.0,1.0,casa,villa urquiza,-34.573307,-58.507887,1,0,0
B,1626000.0,87.0,87.0,4.0,3.0,2.0,departamento,colegiales,-34.570997,-58.461255,0,0,0
B,481000.0,36.0,36.0,2.0,1.0,1.0,departamento,villa urquiza,-34.556934,-58.491629,0,1,1
B,485000.0,43.0,43.0,1.0,1.0,1.0,departamento,recoleta,-34.591374,-58.388048,0,0,0
B,458000.0,43.0,43.0,2.0,1.0,1.0,departamento,san telmo,-34.612273,-58.372193,0,1,0
B,1194000.0,47.0,47.0,2.0,1.0,1.0,departamento,nunez,-34.533821,-58.464094,0,0,0
B,1179000.0,39.0,39.0,1.0,1.0,1.0,departamento,belgrano,-34.567321,-58.468695,0,0,0
B,460000.0,52.0,39.0,2.0,1.0,1.0,ph,caballito,-34.620649,-58.433489,0,0,0
B,1229000.0,70.0,70.0,3.0,2.0,1.0,departamento,palermo,-34.576278,-58.443873,0,0,0
B,349000.0,30.0,30.0,1.0,1.0,1.0,departamento,villa crespo,-34.603769,-58.431834,0,0,0
B,1068000.0,55.0,55.0,1.0,1.0,1.0,departamento,colegiales,-34.564985,-58.459488,0,0,0
B,1905000.0,78.0,78.0,4.0,3.0,2.0,departamento,colegiales,-34.561571,-58.440163,0,0,0
B,1396000.0,85.0,80.0,3.0,2.0,2.0,ph,palermo,-34.573778,-58.416051,0,0,0
B,740000.0,39.0,39.0,2.0,1.0,1.0,departamento,recoleta,-34.596946,-58.406326,0,0,0
B,450000.0,32.0,32.0,1.0,1.0,1.0,departamento,nunez,-34.527403,-58.477618,0,0,0
B,1054000.0,40.0,40.0,2.0,1.0,1.0,departamento,palermo,-34.568315,-58.407267,0,0,0
B,3151000.0,119.0,119.0,6.0,5.0,3.0,departamento,nunez,-34.547802,-58.431342,0,0,0
B,2106000.0,178.0,71.0,3.0,2.0,2.0,casa,palermo,-34.562063,-58.422474,0,0,0
B,2360000.0,99.0,99.0,5.0,4.0,3.0,departamento,palermo,-34.549557,-58.416298,0,0,0
B,400000.0,29.0,29.0,2.0,1.0,1.0,departamento,villa crespo,-34.613395,-58.448761,0,0,0
B,556000.0,30.0,30.0,1.0,1.0,1.0,departamento,villa urquiza,-34.588949,-58.486341,0,0,0
B,485000.0,37.0,37.0,1.0,1.0,1.0,departamento,caballito,-34.616132,-58.44314,0,0,0
B,892000.0,50.0,50.0,2.0,1.0,1.0,departamento,villa urquiza,-34.562425,-58.495697,0,0,0
B,600000.0,132.0,60.0,3.0,2.0,1.0,casa,san telmo,-34.614873,-58.393969,0,0,0
B,340000.0,31.0,31.0,1.0,1.0,1.0,departamento,almagro,-34.600331,-58.42953,0,0,0
B,253000.0,20.0,20.0,2.0,1.0,1.0,departamento,boedo,-34.627417,-58.433939,0,0,0
B,674000.0,40.0,40.0,2.0,1.0,1.0,departamento,villa urquiza,-34.588436,-58.501934,0,1,0
B,794000.0,55.0,55.0,3.0,2.0,1.0,departamento,villa crespo,-34.593603,-58.45287,0,0,0
B,652000.0,48.0,48.0,2.0,1.0,1.0,departamento,colegiales,-34.537834,-58.457573,0,0,0
B,524000.0,32.0,32.0,2.0,1.0,1.0,departamento,colegiales,-34.582126,-58.449197,0,0,0
B,479000.0,34.0,34.0,2.0,1.0,1.0,departamento,almagro,-34.619222,-58.42806,0,0,0
B,2709000.0,123.0,123.0,6.0,5.0,3.0,departamento,nunez,-34.546571,-58.475982,0,0,0
B,2313000.0,191.0,113.0,3.0,2.0,2.0,casa,colegiales,-34.564032,-58.451142,0,0,0
B,1319000.0,100.0,100.0,5.0,4.0,3.0,departamento,villa urquiza,-34.567837,-58.486583,0,0,0
B,763000.0,37.0,37.0,1.0,1.0,1.0,departamento,recoleta,-34.59784,-58.389218,0,0,0
B,2135000.0,138.0,138.0,6.0,5.0,3.0,ph,almagro,-34.612371,-58.424383,0,0,0
B,552000.0,39.0,39.0,2.0,1.0,1.0,departamento,caballito,-34.621421,-58.428697,0,0,0
B,198000.0,21.0,21.0,1.0,1.0,1.0,departamento,flores,-34.650288,-58.462727,0,0,0
B,547000.0,32.0,32.0,1.0,1.0,1.0,departamento,belgrano,-34.557192,-58.45651,0,0,0
B,840000.0,62.0,62.0,3.0,2.0,1.0,departamento,caballito,-34.610293,-58.422721,0,0,0
B,807000.0,76.0,76.0,2.0,2.0,1.0,departamento,caballito,-34.613107,-58.423693,0,0,1
B,730000.0,76.0,76.0,3.0,2.0,1.0,casa,flores,-34.614997,-58.472234,0,0,0
B,755000.0,33.0,33.0,1.0,1.0,1.0,departamento,palermo,-34.595603,-58.42278,0,0,0
B,920000.0,58.0,58.0,3.0,2.0,1.0,departamento,belgrano,-34.5327,-58.461631,0,0,0
B,611000.0,44.0,44.0,2.0,1.0,1.0,departamento,flores,-34.621568,-58.471616,1,0,0
B,816000.0,81.0,75.0,3.0,2.0,1.0,ph,boedo,-34.631559,-58.419194,0,0,0
B,454000.0,38.0,38.0,1.0,1.0,1.0,departamento,caballito,-34.609772,-58.446329,0,0,0
B,2477000.0,299.0,175.0,2.0,5.0,4.0,casa,boedo,-34.614012,-58.40363,0,0,1
B,603000.0,38.0,38.0,2.0,1.0,1.0,departamento,nunez,-34.526317,-58.465406,0,0,0
B,256000.0,20.0,20.0,1.0,1.0,1.0,departamento,san telmo,-34.611601,-58.385205,0,0,0
B,484000.0,38.0,38.0,2.0,1.0,1.0,departamento,villa crespo,-34.610477,-58.442674,0,0,0
B,259000.0,23.0,23.0,2.0,1.0,1.0,departamento,san telmo,-34.630623,-58.366268,0,0,1
B,350000.0,33.0,33.0,2.0,1.0,1.0,departamento,boedo,-34.638417,-58.41982,0,0,0
B,625000.0,47.0,47.0,2.0,1.0,1.0,ph,nunez,-34.518889,-58.486737,0,0,0
B,1370000.0,74.0,74.0,3.0,2.0,2.0,departamento,nunez,-34.547149,-58.463096,0,0,0
B,834000.0,60.0,60.0,3.0,2.0,1.0,departamento,almagro,-34.592499,-58.419023,0,0,0
B,557000.0,57.0,57.0,3.0,2.0,1.0,departamento,boedo,-34.609755,-58.402939,0,0,0
B,310000.0,20.0,20.0,1.0,1.0,1.0,departamento,villa crespo,-34.598916,-58.435707,1,0,0
B,610000.0,58.0,50.0,2.0,1.0,1.0,ph,almagro,-34.603376,-58.433874,0,0,0
B,428000.0,33.0,33.0,1.0,1.0,1.0,departamento,flores,-34.62921,-58.460202,0,0,0
B,585000.0,44.0,44.0,2.0,1.0,1.0,departamento,flores,-34.607294,-58.462306,0,0,0
B,478000.0,43.0,43.0,2.0,1.0,1.0,ph,flores,-34.639886,-58.483565,0,0,0
B,786000.0,38.0,38.0,1.0,1.0,1.0,departamento,palermo,-34.578305,-58.434991,0,0,0
B,582000.0,43.0,43.0,2.0,1.0,1.0,departamento,villa crespo,-34.605926,-58.446399,0,0,0
B,1654000.0,61.801903990277495,55.488150698804944,5.0,4.0,3.0,departamento,caballito,-34.642876,-58.442904,0,0,0
B,433000.0,32.0,32.0,2.0,1.0,1.0,departamento,belgrano,-34.547999,-58.452331,0,0,0
B,460000.0,32.0,32.0,2.0,1.0,1.0,departamento,villa crespo,-34.606763,-58.43284,0,0,0
B,639000.0,26.0,26.0,1.0,1.0,1.0,departamento,palermo,-34.591654,-58.423412,1,0,0
B,805000.0,51.0,51.0,2.0,1.0,1.0,departamento,villa crespo,-34.595872,-58.42219,0,0,0
B,613000.0,34.0,34.0,2.0,1.0,1.0,departamento,palermo,-34.580339,-58.430618,0,0,0
B,594000.0,54.0,54.0,3.0,2.0,1.0,departamento,flores,-34.619476,-58.436245,0,0,0
B,511000.0,22.0,22.0,1.0,1.0,1.0,departamento,recoleta,-34.595951,-58.399884,0,1,0
B,477000.0,51.0,36.0,2.0,1.0,1.0,ph,boedo,-34.618293,-58.41849,0,0,0
B,865000.0,63.0,63.0,2.0,1.0,1.0,departamento,palermo,-34.565876,-58.443835,0,0,0
B,1205000.0,87.0,87.0,4.0,3.0,2.0,departamento,caballito,-34.611286,-58.432921,0,0,0
B,1256000.0,74.0,74.0,3.0,2.0,1.0,departamento,colegiales,-34.600167,-58.435921,0,0,0
